pmcid	extension	filename
PMC31333	pl	1471-2105-2-1-s3.pl
PMC56898	pl	gb-2001-2-9-research0037-S1.pl
PMC59991	mm	gb-2001-2-11-research0046-s2.MM
PMC59991	raw	gb-2001-2-11-research0046-s7.RAW
PMC59991	mm	gb-2001-2-11-research0046-s8.MM
PMC126873	tab	gb-2002-3-9-research0048-s1.TAB
PMC126873	tab	gb-2002-3-9-research0048-s2.TAB
PMC126873	tab	gb-2002-3-9-research0048-s3.TAB
PMC133449	pl	gb-2002-3-11-research0065-s1.pl
PMC151306	tab	gb-2003-4-2-r16-s1.tab
PMC153504	pl	1471-2105-4-12-S2.pl
PMC161810	xsd	1472-6947-3-4-S2.xsd
PMC165444	pl	1472-6947-3-5-S2.pl
PMC193618	tab	gb-2003-4-6-r39-s1.tab
PMC193618	tab	gb-2003-4-6-r39-s2.tab
PMC193618	tab	gb-2003-4-6-r39-s3.tab
PMC193618	tab	gb-2003-4-6-r39-s4.tab
PMC193618	tab	gb-2003-4-6-r39-s5.tab
PMC193618	tab	gb-2003-4-6-r39-s6.tab
PMC193618	tab	gb-2003-4-6-r39-s7.tab
PMC193618	tab	gb-2003-4-6-r39-s8.tab
PMC193619	tab	gb-2003-4-6-r40-s3.tab
PMC193619	tab	gb-2003-4-6-r40-s4.tab
PMC193619	tab	gb-2003-4-6-r40-s5.tab
PMC193619	tab	gb-2003-4-6-r40-s6.tab
PMC193619	tab	gb-2003-4-6-r40-s7.tab
PMC193619	tab	gb-2003-4-6-r40-s8.tab
PMC193631	ps	gb-2003-4-7-r44-s4.ps
PMC193631	ps	gb-2003-4-7-r44-s6.ps
PMC317290	pl	1471-2180-3-24-S1.pl
PMC317290	pl	1471-2180-3-24-S2.pl
PMC329128	pl	gb-2003-4-11-r75-s5.pl
PMC329128	pl	gb-2003-4-11-r75-s6.pl
PMC368171	ps	pbio.0020077.sg002.ps
PMC373442	pl	1471-2105-5-19-S1.pl
PMC373442	pl	1471-2105-5-19-S3.pl
PMC387263	ps	pbio.0020081.sg001.ps
PMC387263	ps	pbio.0020081.sg002.ps
PMC387263	ps	pbio.0020081.sg003.ps
PMC387263	ps	pbio.0020081.sg004.ps
PMC387263	ps	pbio.0020081.sg005.ps
PMC387263	ps	pbio.0020081.sg006.ps
PMC387263	ps	pbio.0020081.sg007.ps
PMC387275	tex	pbio.0020108.sd018.tex
PMC403636	pl	1471-2105-5-34-S2.pl
PMC459209	sh	1471-2105-5-80-S1.sh
PMC509016	pl	1471-2105-5-100-S2.pl
PMC514491	ps	pbio.0020296.sg001.ps
PMC514697	lhs	1471-2105-5-104-S1.LHS
PMC521082	pl	1472-6947-4-16-S3.pl
PMC521082	pl	1472-6947-4-16-S4.pl
PMC521082	pl	1472-6947-4-16-S7.pl
PMC526187	pl	1471-2164-5-77-S2.pl
PMC526187	pl	1471-2164-5-77-S3.pl
PMC535937	pl	1471-2407-4-88-S3.pl
PMC535937	pl	1471-2407-4-88-S4.pl
PMC535937	pl	1471-2407-4-88-S5.pl
PMC535937	pl	1471-2407-4-88-S6.pl
PMC535937	pl	1471-2407-4-88-S7.pl
PMC545599	pl	gb-2004-5-10-r79-s5.pl
PMC545599	pl	gb-2004-5-10-r79-s7.pl
PMC555536	pl	1471-2105-6-37-S5.pl
PMC1090559	ps	1471-2105-6-97-S1.ps
PMC1156871	pl	1471-2105-6-133-S1.pl
PMC1159120	ps	nar_33_11_e100__Welsh.Sup.Fig1.ps
PMC1159120	ps	nar_33_11_e100__Welsh.Sup.Fig2.ps
PMC1159120	ps	nar_33_11_e100__Welsh.Sup.Fig3.ps
PMC1159120	ps	nar_33_11_e100__Welsh.Sup.Fig4.ps
PMC1181873	tex	pmed.0020174.sd001.tex
PMC1184081	xsd	1472-6947-5-21-S1.xsd
PMC1189081	r	1471-2105-6-177-S5.R
PMC1189082	m	1471-2105-6-195-S5.m
PMC1189082	m	1471-2105-6-195-S6.m
PMC1189082	m	1471-2105-6-195-S7.m
PMC1189082	m	1471-2105-6-195-S8.m
PMC1190156	pl	1471-2105-6-181-S3.pl
PMC1192790	py	1471-2105-6-159-S1.py
PMC1208893	xsl	1472-6947-5-30-S2.xsl
PMC1224853	ps	1471-2105-6-205-S1.ps
PMC1224853	ps	1471-2105-6-205-S2.ps
PMC1224853	ps	1471-2105-6-205-S3.ps
PMC1224853	ps	1471-2105-6-205-S4.ps
PMC1224853	ps	1471-2105-6-205-S5.ps
PMC1261158	m	1471-2105-6-233-S1.m
PMC1261158	mat	1471-2105-6-233-S2.mat
PMC1261161	r	1471-2105-6-239-S1.R
PMC1274323	pl	1472-6947-5-35-S2.pl
PMC1274323	pl	1472-6947-5-35-S4.pl
PMC1314899	tab	1471-2164-6-160-S5.tab
PMC1363773	mat	nar_34_3_905__MSDB.mat
PMC1382247	r	1471-2156-7-8-S1.R
PMC1395339	sas	1471-2105-7-85-S1.sas
PMC1395339	sas	1471-2105-7-85-S10.sas
PMC1395339	sas	1471-2105-7-85-S4.sas
PMC1395339	sas	1471-2105-7-85-S6.sas
PMC1395339	sas	1471-2105-7-85-S7.sas
PMC1395339	sas	1471-2105-7-85-S8.sas
PMC1409813	tex	pcbi.0020023.sd001.tex
PMC1413560	tex	1471-2105-7-34-S1.tex
PMC1420664	tex	pcbi.0020030.sd001.tex
PMC1447655	tex	pcbi.0020037.st001.tex
PMC1447655	tex	pcbi.0020037.st002.tex
PMC1447655	tex	pcbi.0020037.st003.tex
PMC1447655	tex	pcbi.0020037.st004.tex
PMC1450306	sps	1471-2105-7-107-S1.sps
PMC1450306	sps	1471-2105-7-107-S10.sps
PMC1450306	sps	1471-2105-7-107-S11.sps
PMC1450306	sps	1471-2105-7-107-S2.sps
PMC1450306	sps	1471-2105-7-107-S3.sps
PMC1450306	sps	1471-2105-7-107-S4.sps
PMC1450306	sps	1471-2105-7-107-S5.sps
PMC1450306	sps	1471-2105-7-107-S6.sps
PMC1450306	sps	1471-2105-7-107-S7.sps
PMC1450306	sps	1471-2105-7-107-S8.sps
PMC1450306	sps	1471-2105-7-107-S9.sps
PMC1479339	cr	1471-2164-7-73-S1.cr
PMC1479339	pl	1471-2164-7-73-S3.pl
PMC1482720	c	1471-2105-7-243-S5.C
PMC1482720	c	1471-2105-7-243-S6.C
PMC1508160	r	1471-2105-7-251-S1.R
PMC1513396	r	1471-2164-7-87-S1.R
PMC1513401	r	1471-2105-7-276-S9.R
PMC1513608	dtx	1471-2105-7-313-S1.dtx
PMC1513608	ins	1471-2105-7-313-S2.ins
PMC1524972	svg	1471-2407-6-99-S3.svg
PMC1538828	tex	0d78f679e293eb4015d4d7235c266b47_gkl130-suppl-info.tex
PMC1564146	pl	1471-2164-7-206-S13.pl
PMC1564146	pl	1471-2164-7-206-S14.PL
PMC1564146	pl	1471-2164-7-206-S15.pl
PMC1592472	m	1471-2342-6-12-S1.m
PMC1626094	r	1471-2105-7-467-S1.r
PMC1636072	c	1471-2105-7-473-S2.c
PMC1654196	pl	1471-2105-7-496-S1.pl
PMC1664577	ps	1471-2164-7-295-S4.ps
PMC1679814	tab	1471-2164-7-297-S10.tab
PMC1679814	tab	1471-2164-7-297-S4.tab
PMC1679814	tab	1471-2164-7-297-S5.tab
PMC1679814	tab	1471-2164-7-297-S6.tab
PMC1679814	tab	1471-2164-7-297-S8.tab
PMC1779513	ps	gb-2006-7-5-r37-S3.ps
PMC1779590	bib	gb-2006-7-8-404-s1.BIB
PMC1781470	r	1471-2105-7-538-S2.r
PMC1796903	r	1471-2105-8-25-S1.R
PMC1803800	pl	1471-2105-8-33-S3.pl
PMC1803800	pl	1471-2105-8-33-S4.pl
PMC1803800	pl	1471-2105-8-33-S5.pl
PMC1803800	pl	1471-2105-8-33-S6.pl
PMC1803800	tab	1471-2105-8-33-S8.tab
PMC1805499	php	1472-6947-7-3-S7.php
PMC1831760	rmd	1471-2415-7-3-S1.rmd
PMC1839111	pl	1471-2105-8-92-S4.pl
PMC1839128	r	gb-2007-8-1-r4-S2.R
PMC1852326	pl	1471-2105-8-113-S1.pl
PMC1852326	pl	1471-2105-8-113-S2.pl
PMC1852326	pl	1471-2105-8-113-S3.pl
PMC1884137	r	1472-6947-7-11-S1.R
PMC1890303	r	1471-2105-8-157-S1.R
PMC1892100	owl	1471-2105-8-S3-S3-S1.owl
PMC1892100	owl	1471-2105-8-S3-S3-S2.owl
PMC1892100	owl	1471-2105-8-S3-S3-S3.owl
PMC1892100	owl	1471-2105-8-S3-S3-S4.owl
PMC1892544	sql	1477-5956-5-8-S1.sql
PMC1905921	pl	1471-2105-8-187-S1.pl
PMC1913514	c	1475-925X-6-23-S1.c
PMC1913514	m	1475-925X-6-23-S3.m
PMC1913514	c	1475-925X-6-23-S4.c
PMC1914306	ps	rspb20060030s01.ps
PMC1925119	pl	1752-0509-1-27-S3.pl
PMC1925119	pl	1752-0509-1-27-S4.pl
PMC1925119	m	1752-0509-1-27-S5.M
PMC1925256	svg	1752-0509-1-26-S10.svg
PMC1925256	svg	1752-0509-1-26-S11.svg
PMC1925256	svg	1752-0509-1-26-S12.svg
PMC1925256	svg	1752-0509-1-26-S13.svg
PMC1925256	svg	1752-0509-1-26-S14.svg
PMC1925256	svg	1752-0509-1-26-S15.svg
PMC1925256	svg	1752-0509-1-26-S8.svg
PMC1925256	svg	1752-0509-1-26-S9.svg
PMC1929126	r	1471-2105-8-220-S1.r
PMC1929135	r	gb-2007-8-5-r79-S2.r
PMC1933441	gms	1471-2105-8-212-S3.gms
PMC1933441	gms	1471-2105-8-212-S4.gms
PMC1965489	m	1471-2105-8-256-S1.M
PMC1965489	m	1471-2105-8-256-S2.M
PMC1965489	mat	1471-2105-8-256-S3.MAT
PMC1988830	pl	1471-2199-8-68-S10.pl
PMC1988830	pl	1471-2199-8-68-S11.pl
PMC1988830	pl	1471-2199-8-68-S12.pl
PMC1988830	pl	1471-2199-8-68-S9.pl
PMC2000915	pl	1471-2105-8-312-S1.pl
PMC2034607	ps	1471-2105-8-270-S1.ps
PMC2034607	ps	1471-2105-8-270-S2.ps
PMC2034607	ps	1471-2105-8-270-S3.ps
PMC2082430	r	1471-2148-7-156-S1.R
PMC2093931	pl	1751-0473-2-5-S1.pl
PMC2147036	r	1471-2105-8-282-S3.R
PMC2180167	pl	1472-6947-7-32-S1.pl
PMC2190763	m	1752-0509-1-46-S3.m
PMC2194793	ph	1471-2105-8-397-S1.ph
PMC2211314	tex	1471-2148-7-228-S1.tex
PMC2211327	cpp	1471-2105-8-477-S3.cpp
PMC2211327	cpp	1471-2105-8-477-S4.cpp
PMC2216040	nb	1471-2105-8-336-S1.nb
PMC2216040	m	1471-2105-8-336-S5.m
PMC2216040	nb	1471-2105-8-336-S6.nb
PMC2216040	nb	1471-2105-8-336-S7.nb
PMC2216040	nb	1471-2105-8-336-S8.nb
PMC2216047	r	1471-2105-8-439-S2.r
PMC2228373	m	ele0011-0001-SD1.m
PMC2228373	m	ele0011-0001-SD2.m
PMC2228373	m	ele0011-0001-SD3.m
PMC2228373	m	ele0011-0001-SD4.m
PMC2228373	m	ele0011-0001-SD5.m
PMC2228373	m	ele0011-0001-SD6.m
PMC2228373	m	ele0011-0001-SD7.m
PMC2228373	m	ele0011-0001-SD8.m
PMC2234422	cpp	1471-2156-8-86-S1.cpp
PMC2245902	r	1471-2105-9-13-S2.R
PMC2245902	r	1471-2105-9-13-S3.R
PMC2254621	ps	1748-7188-2-16-S1.PS
PMC2257979	tcl	1471-2105-8-425-S1.tcl
PMC2263045	pl	1471-2164-9-84-S10.pl
PMC2266803	tex	pcbi.1000039.s001.tex
PMC2268910	r	1752-0509-2-15-S2.R
PMC2268910	r	1752-0509-2-15-S3.R
PMC2275267	ps	1752-153X-2-3-S1.ps
PMC2275267	ps	1752-153X-2-3-S2.ps
PMC2275267	ps	1752-153X-2-3-S3.ps
PMC2315657	tab	1471-2164-9-137-S11.tab
PMC2315657	tab	1471-2164-9-137-S12.tab
PMC2315657	tab	1471-2164-9-137-S13.tab
PMC2323220	pl	gb-2007-8-7-r135-S22.pl
PMC2335278	r	1471-2105-9-144-S1.r
PMC2335308	pl	1471-2105-9-97-S1.PL
PMC2335308	pl	1471-2105-9-97-S2.PL
PMC2346479	pl	1471-2164-9-153-S31.pl
PMC2346479	pl	1471-2164-9-153-S32.pl
PMC2346479	pm	1471-2164-9-153-S33.pm
PMC2346479	pl	1471-2164-9-153-S34.pl
PMC2346479	bash	1471-2164-9-153-S35.bash
PMC2346479	pl	1471-2164-9-153-S36.pl
PMC2364630	xsd	1472-6807-8-21-S5.xsd
PMC2364630	xsd	1472-6807-8-21-S8.xsd
PMC2374997	tab	gb-2007-8-8-r166-S4.tab
PMC2374997	tab	gb-2007-8-8-r166-S5.tab
PMC2374997	tab	gb-2007-8-8-r166-S6.tab
PMC2374997	tab	gb-2007-8-8-r166-S7.tab
PMC2374997	tab	gb-2007-8-8-r166-S8.tab
PMC2375123	xsd	1471-2105-9-116-S1.xsd
PMC2386137	sql	1471-2164-9-186-S4.sql
PMC2395259	nb	gb-2008-9-1-r24-S8.nb
PMC2397416	ps	1471-2164-9-188-S3.ps
PMC2412881	pl	1471-2105-9-235-S1.pl
PMC2413245	tab	1471-2105-9-234-S1.tab
PMC2422839	tex	1750-1172-3-11-S1.tex
PMC2423434	owl	1471-2105-9-S6-S11-S1.owl
PMC2423434	owl	1471-2105-9-S6-S11-S2.owl
PMC2423434	owl	1471-2105-9-S6-S11-S3.owl
PMC2430945	m	1752-0509-2-43-S1.m
PMC2430945	m	1752-0509-2-43-S2.m
PMC2430945	nb	1752-0509-2-43-S4.nb
PMC2430945	nb	1752-0509-2-43-S6.nb
PMC2430945	nb	1752-0509-2-43-S7.nb
PMC2438324	m	1471-2105-9-256-S1.m
PMC2438324	m	1471-2105-9-256-S2.m
PMC2438324	m	1471-2105-9-256-S3.m
PMC2438324	m	1471-2105-9-256-S4.m
PMC2438324	m	1471-2105-9-256-S5.m
PMC2438324	m	1471-2105-9-256-S6.m
PMC2440560	pl	mmi0068-1519-SD3.pl
PMC2443379	tab	1471-2105-9-286-S1.tab
PMC2443379	tab	1471-2105-9-286-S2.tab
PMC2527023	sas	1471-2288-8-52-S1.sas
PMC2530885	tex	btn351_bioinf-2008-0530-File012.tex
PMC2556684	r	1471-2105-9-361-S4.R
PMC2570670	nb	1752-0509-2-78-S3.nb
PMC2570670	m	1752-0509-2-78-S4.m
PMC2612020	ps	1471-2199-9-104-S1.ps
PMC2614188	py	ebo-4-193-s1a.py
PMC2614188	pl	ebo-4-193-s1b.pl
PMC2614188	r	ebo-4-193-s1d.R
PMC2627810	ps	rspb20080410s18.ps
PMC2628381	r	1752-0509-2-106-S3.r
PMC2628873	cps	1752-0509-2-107-S1.cps
PMC2628873	cps	1752-0509-2-107-S2.cps
PMC2628873	cps	1752-0509-2-107-S3.cps
PMC2633337	tab	1756-0500-2-2-S2.tab
PMC2633337	tab	1756-0500-2-2-S3.tab
PMC2633337	tab	1756-0500-2-2-S5.tab
PMC2636839	sas	1471-2288-9-7-S1.sas
PMC2636839	ado	1471-2288-9-7-S2.ado
PMC2636839	r	1471-2288-9-7-S3.r
PMC2638867	tab	btn284_bioinf-2008-0281-File005.tab
PMC2639300	tab	btn543_bioinf-2008-0739-File005.tab
PMC2639300	tab	btn543_bioinf-2008-0739-File006.tab
PMC2639300	tab	btn543_bioinf-2008-0739-File007.tab
PMC2639300	tab	btn543_bioinf-2008-0739-File008.tab
PMC2639300	tab	btn543_bioinf-2008-0739-File009.tab
PMC2639300	tab	btn543_bioinf-2008-0739-File010.tab
PMC2639300	tab	btn543_bioinf-2008-0739-File011.tab
PMC2639300	tab	btn543_bioinf-2008-0739-File012.tab
PMC2639300	tab	btn543_bioinf-2008-0739-File013.tab
PMC2639300	tab	btn543_bioinf-2008-0739-File014.tab
PMC2639300	tab	btn543_bioinf-2008-0739-File015.tab
PMC2639300	tab	btn543_bioinf-2008-0739-File016.tab
PMC2639300	tab	btn543_bioinf-2008-0739-File017.tab
PMC2639300	tab	btn543_bioinf-2008-0739-File018.tab
PMC2639300	tab	btn543_bioinf-2008-0739-File019.tab
PMC2642639	tex	btn648_bioinf-2008-1135-File012.tex
PMC2645371	kml	1476-072X-8-4-S1.kml
PMC2645405	xsl	1472-6807-8-47-S2.xsl
PMC2647828	tex	btn662_bioinf-2008-1033-File016.tex
PMC2657111	r	1752-0509-3-6-S1.r
PMC2663766	m	1471-2407-9-89-S2.m
PMC2666627	sps	1471-2377-9-7-S1.sps
PMC2667215	tex	pcbi.1000365.s002.tex
PMC2667644	pl	tpj0057-0555-SD10.pl
PMC2667644	pl	tpj0057-0555-SD11.pl
PMC2667644	pl	tpj0057-0555-SD12.pl
PMC2667644	pl	tpj0057-0555-SD7.pl
PMC2667644	pl	tpj0057-0555-SD8.pl
PMC2667644	pl	tpj0057-0555-SD9.pl
PMC2668612	cc	btn308_bioinf-2008-0623-File003.cc
PMC2672092	sh	1471-2164-9-614-S2.sh
PMC2672092	pl	1471-2164-9-614-S5.pl
PMC2673449	tab	gkp140_nar-00102-met-s-2009-File009.tab
PMC2673449	props	gkp140_nar-00102-met-s-2009-File015.props
PMC2677884	tex	gkp132_nar-02199-s-2008-File003.tex
PMC2682514	r	btp167_bioinf-2008-2017-File003.R
PMC7497156	r	JANE-89-1978-s004.r
PMC2694829	tab	1755-8794-2-27-S4.tab
PMC2698894	sas	1742-7622-6-3-S1.sas
PMC8142072	r	12879_2021_6146_MOESM1_ESM.r
PMC2701419	r	1471-2105-10-145-S5.r
PMC2703887	ps	gkp373_nar-00507-web-b-2009-File008.ps
PMC8293786	pl	ECE3-11-9472-s002.pl
PMC8293924	m	peerj-cs-07-617-s001.m
PMC8293924	m	peerj-cs-07-617-s002.m
PMC8293924	m	peerj-cs-07-617-s003.m
PMC8293924	m	peerj-cs-07-617-s004.m
PMC2711079	xsd	1471-2105-10-184-S3.xsd
PMC2711079	xsl	1471-2105-10-184-S7.xsl
PMC8572441	ipynb	12915_2021_1169_MOESM9_ESM.ipynb
PMC8573683	tex	sj-tex-8-sjp-10.1177_14034948211008579.tex
PMC8577735	py	pone.0259682.s002.py
PMC2718226	m	10928_2009_9120_MOESM3_ESM.m
PMC2718226	m	10928_2009_9120_MOESM4_ESM.m
PMC8802876	r	NIHMS1725297-supplement-SOA_models_GAMM_AQ_R.r
PMC8890654	c	pone.0264060.s001.c
PMC2722653	sql	1471-2105-10-221-S2.sql
PMC2725316	tex	pcbi.1000494.s001.tex
PMC8985540	rmd	Suppl_Data.Rmd
PMC9070880	gms	pone.0267439.s004.gms
PMC9073276	f08	RA-009-C9RA01983A-s002.f08
PMC9073276	f08	RA-009-C9RA01983A-s003.f08
PMC9073276	f08	RA-009-C9RA01983A-s004.f08
PMC9073276	f08	RA-009-C9RA01983A-s005.f08
PMC9073276	f08	RA-009-C9RA01983A-s006.f08
PMC9073276	f08	RA-009-C9RA01983A-s007.f08
PMC9075630	do	pone.0268249.s017.do
PMC2732283	pl	btn479_bioinf-2008-0698-File007.pl
PMC2732283	pm	btn479_bioinf-2008-0698-File008.pm
PMC9302839	do	pone.0271374.s017.do
PMC2736929	m	1752-0509-3-79-S2.m
PMC9306521	svg	GPS-37-0-s002.svg
PMC9390927	do	pone.0271585.s001.do
PMC2745074	tex	pone.0006970.s002.tex
PMC2745074	tex	pone.0006970.s003.tex
PMC2745074	tex	pone.0006970.s004.tex
PMC2745074	tex	pone.0006970.s005.tex
PMC2745074	tex	pone.0006970.s006.tex
PMC2745586	tex	1471-2105-10-S8-S4-S2.tex
PMC2745588	owl	1471-2105-10-S8-S6-S2.owl
PMC2745588	props	1471-2105-10-S8-S6-S8.props
PMC2745588	props	1471-2105-10-S8-S6-S9.props
PMC2752623	tex	btp486_BIOINF_2009_0775_R1_Supplement.tex
PMC2755823	sparql	12859_2009_3370_MOESM7_ESM.sparql
PMC2758880	r	1742-5573-6-5-S1.R
PMC9601405	ipynb	SC-013-D2SC03016K-s008.ipynb
PMC9601405	py	SC-013-D2SC03016K-s009.py
PMC9601405	yml	SC-013-D2SC03016K-s010.yml
PMC2761902	r	1471-2105-10-288-S2.r
PMC2770083	pl	1471-2164-10-489-S5.PL
PMC2775728	tex	1897-4287-7-16-S1.tex
PMC2775728	tex	1897-4287-7-16-S2.tex
PMC2783169	cgi	1471-2164-10-539-S2.CGI
PMC2789744	ps	1471-2105-10-389-S4.PS
PMC2789744	ps	1471-2105-10-389-S5.PS
PMC2789744	ps	1471-2105-10-389-S6.PS
PMC2789744	ps	1471-2105-10-389-S7.PS
PMC2789744	ps	1471-2105-10-389-S8.PS
PMC2789972	ps	NIHMS154308-supplement-3.ps
PMC2790471	mat	1471-2105-10-394-S2.MAT
PMC9817411	r	13063_2022_6967_MOESM2_ESM.r
PMC9817411	r	13063_2022_6967_MOESM3_ESM.r
PMC9817411	r	13063_2022_6967_MOESM4_ESM.r
PMC2791869	tex	pone.0008356.s005.tex
PMC9836297	sps	pone.0280019.s015.sps
PMC9836297	sps	pone.0280019.s016.sps
PMC9836525	svg	phytokeys-211-045_article-89408__-s001.svg
PMC9836525	svg	phytokeys-211-045_article-89408__-s002.svg
PMC2804711	xsl	1471-2407-9-441-S2.XSL
PMC9906935	rmd	12915_2022_1488_MOESM3_ESM.rmd
PMC9906935	rmd	12915_2022_1488_MOESM4_ESM.rmd
PMC2808166	r	1471-2105-10-384-S13.R
PMC2808166	r	1471-2105-10-384-S14.R
PMC9934366	r	pone.0281877.s002.R
PMC9960970	svg	EMP2-4-e12901-s001.svg
PMC2816680	ps	pcbi.1000664.s004.ps
PMC2816680	ps	pcbi.1000664.s005.ps
PMC2816680	ps	pcbi.1000664.s006.ps
PMC2816680	ps	pcbi.1000664.s007.ps
PMC2816680	ps	pcbi.1000664.s008.ps
PMC2816680	ps	pcbi.1000664.s009.ps
PMC2816680	ps	pcbi.1000664.s010.ps
PMC2816680	ps	pcbi.1000664.s011.ps
PMC2816680	ps	pcbi.1000664.s012.ps
PMC2816680	ps	pcbi.1000664.s013.ps
PMC2816680	ps	pcbi.1000664.s014.ps
PMC2816680	ps	pcbi.1000664.s015.ps
PMC2824678	java	1471-2105-11-5-S1.JAVA
PMC2824678	java	1471-2105-11-5-S2.JAVA
PMC2827470	ps	1471-2199-11-10-S4.PS
PMC2827470	ps	1471-2199-11-10-S5.PS
PMC10011327	svg	11239_2022_2748_MOESM1_ESM.svg
PMC2828108	ps	btp698_bioinf-2009-1485-File001.ps
PMC2828121	tex	btq014_bioinf-2009-1599-File016.tex
PMC2829012	r	1471-2105-11-72-S1.R
PMC2829529	m	1471-2105-11-77-S1.M
PMC10019715	r	pone.0281086.s013.R
PMC10019715	r	pone.0281086.s014.R
PMC10019715	r	pone.0281086.s015.R
PMC10019715	r	pone.0281086.s016.R
PMC10027599	tex	148_2023_943_MOESM1_ESM.tex
PMC2834638	r	1471-2164-11-80-S2.r
PMC2834638	r	1471-2164-11-80-S3.r
PMC2834638	pl	1471-2164-11-80-S5.pl
PMC2834638	r	1471-2164-11-80-S6.R
PMC2834638	r	1471-2164-11-80-S7.R
PMC2835736	ps	pone.0009490.s001.ps
PMC2835736	ps	pone.0009490.s002.ps
PMC2837029	r	1471-2105-11-78-S1.R
PMC2837029	r	1471-2105-11-78-S2.R
PMC2837029	r	1471-2105-11-78-S3.R
PMC2841208	r	1471-2105-11-104-S3.R
PMC10064990	sas	peerj-11-14994-s001.sas
PMC10064990	sas	peerj-11-14994-s002.sas
PMC10064990	sas	peerj-11-14994-s003.sas
PMC10081774	do	pone.0278188.s011.do
PMC10081774	do	pone.0278188.s012.do
PMC10081774	do	pone.0278188.s013.do
PMC10081774	do	pone.0278188.s014.do
PMC10081774	do	pone.0278188.s015.do
PMC10084071	do	EJPR-62-135-s002.do
PMC2847716	r	gb-2010-11-1-r4-S7.r
PMC2847716	r	gb-2010-11-1-r4-S8.r
PMC2848236	pl	1471-2105-11-139-S2.PL
PMC2851608	py	1471-2105-11-151-S1.PY
PMC2853501	m	1752-0509-4-28-S1.M
PMC2853501	m	1752-0509-4-28-S2.M
PMC10118180	nb	pone.0284723.s001.nb
PMC10118180	jl	pone.0284723.s002.jl
PMC10132548	m	pone.0284122.s001.m
PMC10132548	sps	pone.0284122.s003.sps
PMC2864571	tab	gb-2010-11-3-r31-S11.TAB
PMC2864573	ps	gb-2010-11-3-r33-S1.PS
PMC2868012	r	1471-2105-11-194-S1.R
PMC2872003	tex	btq147_bioinf-2010-0234-File008.tex
PMC10167110	r	10021_2022_772_MOESM2_ESM.r
PMC2873529	m	1471-2105-11-163-S1.M
PMC10192318	py	41598_2023_34248_MOESM1_ESM.py
PMC10192318	py	41598_2023_34248_MOESM2_ESM.py
PMC2880029	r	1471-2105-11-208-S1.R
PMC2880029	r	1471-2105-11-208-S2.R
PMC2881400	tex	btq216_Hormozdiari.tex
PMC10208466	r	pone.0285330.s004.R
PMC2882361	nbp	1741-7007-8-69-S1.nbp
PMC2882925	py	1471-2180-10-139-S1.PY
PMC2885361	pl	1471-2407-10-195-S1.PL
PMC2885367	tab	1471-2164-11-305-S2.TAB
PMC2885367	tab	1471-2164-11-305-S3.TAB
PMC2885367	tab	1471-2164-11-305-S4.TAB
PMC2885367	tab	1471-2164-11-305-S5.TAB
PMC2885367	tab	1471-2164-11-305-S6.TAB
PMC2885367	tab	1471-2164-11-305-S7.TAB
PMC2885367	tab	1471-2164-11-305-S8.TAB
PMC2887412	gms	1752-0509-4-53-S1.GMS
PMC2887794	r	1752-0509-4-81-S2.R
PMC10231781	do	pone.0286369.s001.do
PMC2890568	tab	1471-2164-11-369-S1.TAB
PMC10241359	r	pone.0286538.s001.R
PMC2892504	r	1756-0500-3-142-S8.R
PMC2894801	pl	1471-2164-11-294-S5.PL
PMC10266616	r	pgph.0001721.s007.R
PMC10280218	ipynb	peerj-cs-08-1141-s001.ipynb
PMC10280388	mat	peerj-cs-09-1382-s001.mat
PMC10280388	mat	peerj-cs-09-1382-s002.mat
PMC10280388	mat	peerj-cs-09-1382-s003.mat
PMC10280388	mat	peerj-cs-09-1382-s004.mat
PMC10280388	m	peerj-cs-09-1382-s008.m
PMC10280388	m	peerj-cs-09-1382-s009.m
PMC10280388	m	peerj-cs-09-1382-s010.m
PMC10280431	py	peerj-cs-09-1338-s002.py
PMC10280629	c	peerj-cs-09-1309-s001.c
PMC10280650	m	peerj-cs-09-1357-s001.m
PMC2900267	r	1471-2164-11-365-S3.R
PMC2900278	m	1471-2105-11-299-S4.M
PMC2900278	m	1471-2105-11-299-S5.M
PMC2900278	m	1471-2105-11-299-S6.M
PMC2904795	pl	1756-0500-3-173-S1.PL
PMC10313024	r	pntd.0011435.s004.R
PMC10318751	sh	40168_2023_1580_MOESM1_ESM.sh
PMC10318751	sh	40168_2023_1580_MOESM2_ESM.sh
PMC10318751	sh	40168_2023_1580_MOESM3_ESM.sh
PMC2911465	owl	1756-0500-3-175-S1.OWL
PMC2911465	owl	1756-0500-3-175-S2.OWL
PMC10322843	r	41598_2023_37379_MOESM2_ESM.r
PMC10329818	r	peerj-11-15601-s003.r
PMC2912893	r	1471-2105-11-386-S1.R
PMC2913931	gml	1752-0509-4-96-S1.GML
PMC2913931	pl	1752-0509-4-96-S13.PL
PMC2913931	pl	1752-0509-4-96-S14.PL
PMC2913931	pl	1752-0509-4-96-S15.PL
PMC2913931	pl	1752-0509-4-96-S16.PL
PMC2913931	gml	1752-0509-4-96-S2.GML
PMC2921385	nb	1752-0509-4-98-S2.NB
PMC2923634	r	1471-2105-11-403-S7.r
PMC2925829	plt	1752-0509-4-109-S5.PLT
PMC2925829	plt	1752-0509-4-109-S6.PLT
PMC2928782	r	1752-0509-4-106-S1.R
PMC2935427	tex	supp_btq387_suppl_material_18062010.tex
PMC10416774	r	peerj-11-15729-s003.r
PMC10416774	r	peerj-11-15729-s004.r
PMC10416774	r	peerj-11-15729-s005.r
PMC10416774	r	peerj-11-15729-s006.r
PMC2938205	ps	supp_gkq596_SupplFig1.ps
PMC2938205	ps	supp_gkq596_SupplFig2.ps
PMC2938205	ps	supp_gkq596_SupplFig3.ps
PMC2939573	py	1471-2148-10-257-S5.PY
PMC2943592	ps	supp_gkq363_Supplementary_Figure_S1.ps
PMC2943592	ps	supp_gkq363_Supplementary_Figure_S2.ps
PMC10443881	rmd	pone.0273269.s010.Rmd
PMC2952846	ps	supp_gkq364_Fig_S1.ps
PMC2952846	ps	supp_gkq364_Fig_S4.ps
PMC2957400	tab	1471-2105-11-482-S1.TAB
PMC2957400	tab	1471-2105-11-482-S3.TAB
PMC2957400	tab	1471-2105-11-482-S4.TAB
PMC10107868	svg	JEB-36-461-s001.svg
PMC2959030	ps	1471-2288-10-89-S1.PS
PMC2959030	ps	1471-2288-10-89-S2.PS
PMC2959030	ps	1471-2288-10-89-S3.PS
PMC9680880	py	peerj-cs-08-1148-s001.py
PMC9680880	r	peerj-cs-08-1148-s002.r
PMC10272303	mod	PSP4-12-821-s007.mod
PMC10280234	py	peerj-cs-09-1196-s006.py
PMC10280234	py	peerj-cs-09-1196-s007.py
PMC10280640	pt	peerj-cs-09-1384-s001.pt
PMC2964700	nb	1532-429X-12-57-S1.NB
PMC10387231	sh	peerj-11-15697-s004.sh
PMC2967563	m	1471-2105-11-511-S1.M
PMC10400661	r	41598_2023_39575_MOESM1_ESM.r
PMC10445086	r	EVA-16-1496-s001.R
PMC10482954	ps	41467_2023_41237_MOESM3_ESM.ps
PMC10485093	rmd	11120_2023_1033_MOESM1_ESM.rmd
PMC10513304	ipynb	pone.0286362.s001.ipynb
PMC2978158	mat	1752-0509-4-140-S5.MAT
PMC2982150	tex	supp_btq533_supplement.tex
PMC2982691	mat	1752-0509-4-S2-S4-S1.mat
PMC2982691	mat	1752-0509-4-S2-S4-S2.mat
PMC2982691	mat	1752-0509-4-S2-S4-S3.mat
PMC10573390	r	peerj-11-16195-s005.r
PMC2990274	r	Jbiomeddiscovcollab-05-e02-s002.R
PMC2995076	ps	supp_gkq660_SupFig1.ps
PMC2995076	ps	supp_gkq660_SupFig2.ps
PMC2995076	ps	supp_gkq660_SupFig3.ps
PMC2995076	ps	supp_gkq660_SupFig4.ps
PMC2995076	ps	supp_gkq660_SupFig5.ps
PMC2996936	py	1471-2164-11-408-S2.PY
PMC2996936	py	1471-2164-11-408-S3.PY
PMC2996936	py	1471-2164-11-408-S4.PY
PMC2996936	py	1471-2164-11-408-S5.PY
PMC10653493	r	pone.0293806.s005.R
PMC10654083	svg	msystems.00388-23-s0003.svg
PMC10654083	svg	msystems.00388-23-s0004.svg
PMC2998519	java	1756-0500-3-312-S1.JAVA
PMC2998528	r	1471-2105-11-553-S14.R
PMC10599579	r	pone.0291956.s002.R
PMC3002901	r	1752-0509-4-159-S4.R
PMC10620158	ipynb	41598_2023_45424_MOESM2_ESM.ipynb
PMC10620158	ipynb	41598_2023_45424_MOESM3_ESM.ipynb
PMC10621595	r	peerj-11-16316-s003.r
PMC10625986	svg	41598_2023_46304_MOESM1_ESM.svg
PMC3008706	mat	1471-2105-11-580-S5.MAT
PMC3008706	mat	1471-2105-11-580-S6.MAT
PMC3008706	mat	1471-2105-11-580-S7.MAT
PMC10637690	kml	pone.0288750.s001.kml
PMC10637690	kml	pone.0288750.s004.kml
PMC3009843	ps	supp_awq349_Supplementary_Fig_2.ps
PMC3009843	ps	supp_awq349_Supplementary_Fig_3.ps
PMC3009958	pl	1751-0473-5-10-S3.PL
PMC3012675	r	1471-2105-11-578-S4.R
PMC3012679	kml	pone.0015323.s001.kml
PMC10653464	mat	pone.0294161.s002.mat
PMC10653464	mat	pone.0294161.s003.mat
PMC10653464	mat	pone.0294161.s004.mat
PMC10684856	svg	41598_2023_47408_MOESM1_ESM.svg
PMC10684856	svg	41598_2023_47408_MOESM2_ESM.svg
PMC3017102	ps	pcbi.1001049.s002.ps
PMC3017102	ps	pcbi.1001049.s006.ps
PMC3017102	ps	pcbi.1001049.s007.ps
PMC3017102	ps	pcbi.1001049.s008.ps
PMC3017607	m	supp_gkq761_NARsupp1.m
PMC3017607	m	supp_gkq761_NARsupp2.m
PMC10701958	bib	12889_2023_17185_MOESM1_ESM.bib
PMC3017786	r	1471-2229-10-160-S21.R
PMC10703017	py	peerj-cs-09-1663-s001.py
PMC10703074	py	peerj-cs-09-1673-s001.py
PMC10721172	do	pone.0295809.s002.do
PMC3023696	svg	1471-2105-12-3-S4.SVG
PMC10725481	r	41598_2023_50009_MOESM2_ESM.r
PMC3024275	nb	1754-1611-4-16-S2.NB
PMC3025581	ps	supp_gkq797_Totaro_et_al_suppl_Fig_1.ps
PMC3025581	ps	supp_gkq797_Totaro_et_al_suppl_Fig_2.ps
PMC3025581	ps	supp_gkq797_Totaro_et_al_suppl_Fig_3.ps
PMC3026046	ps	pone.0016047.s010.ps
PMC10739798	r	41598_2023_50022_MOESM1_ESM.r
PMC10773750	py	peerj-cs-09-1666-s001.py
PMC10773774	py	peerj-cs-09-1698-s002.py
PMC10773774	py	peerj-cs-09-1698-s003.py
PMC3035446	ps	supp_gkq805_nar-01085-w-2010-File009.ps
PMC3035446	ps	supp_gkq805_nar-01085-w-2010-File010.ps
PMC3035446	ps	supp_gkq805_nar-01085-w-2010-File011.ps
PMC3035446	ps	supp_gkq805_nar-01085-w-2010-File012.ps
PMC3035446	ps	supp_gkq805_nar-01085-w-2010-File013.ps
PMC10782945	m	peerj-12-16715-s001.m
PMC10783720	tex	pone.0291373.s020.tex
PMC10786271	r	pnas.2304135120.sd04.r
PMC3037854	pl	1471-2105-12-30-S3.PL
PMC3037854	svg	1471-2105-12-30-S4.SVG
PMC3037904	cls	1471-2164-12-66-S6.CLS
PMC10790369	svg	bdj-12-e114515-s001.svg
PMC3039592	py	1471-2148-11-32-S11.PY
PMC3040839	r	1471-2164-12-43-S1.R
PMC3040839	r	1471-2164-12-43-S3.R
PMC10801950	ipynb	13075_2023_3234_MOESM10_ESM.ipynb
PMC3041657	r	1471-2105-12-35-S3.R
PMC3041745	pl	1471-2164-12-73-S7.PL
PMC3041826	kml	pone.0017025.s006.kml
PMC3041826	kml	pone.0017025.s007.kml
PMC3041826	kml	pone.0017025.s008.kml
PMC3042182	tex	supp_btq717_SuppDataRevised_Bioinformatics.tex
PMC3042945	pl	1471-2164-12-99-S7.PL
PMC3042945	pl	1471-2164-12-99-S8.PL
PMC10810539	m	pone.0270779.s002.m
PMC10810539	m	pone.0270779.s003.m
PMC10810539	m	pone.0270779.s004.m
PMC10810539	m	pone.0270779.s005.m
PMC10810539	m	pone.0270779.s006.m
PMC10810539	m	pone.0270779.s007.m
PMC10810539	m	pone.0270779.s008.m
PMC10810539	m	pone.0270779.s009.m
PMC10810539	m	pone.0270779.s010.m
PMC10810539	m	pone.0270779.s011.m
PMC10810539	m	pone.0270779.s012.m
PMC3045289	pub	1472-6963-11-30-S2.PUB
PMC3045289	pub	1472-6963-11-30-S4.PUB
PMC3045587	ps	supp_gkq854_Fig_S1.ps
PMC3045587	ps	supp_gkq854_Fig_S2.ps
PMC3045587	ps	supp_gkq854_Fig_S3.ps
PMC3045608	ps	supp_gkq956_TSS_figuresV1_8_supplementary_figure1-4.ps
PMC3045608	ps	supp_gkq956_TSS_figuresV1_8_supplementary_figure5AB.ps
PMC3045608	ps	supp_gkq956_TSS_figuresV1_8_supplementary_figure5CD.ps
PMC3045608	ps	supp_gkq956_TSS_figuresV1_8_supplementary_figure5EF.ps
PMC3046841	ps	supp_db10-0566_DB100566SupplementaryData2.ps
PMC3046841	ps	supp_db10-0566_DB100566SupplementaryData3.ps
PMC3046841	ps	supp_db10-0566_DB100566SupplementaryData4.ps
PMC3046841	ps	supp_db10-0566_DB100566SupplementaryData5.ps
PMC3046841	ps	supp_db10-0566_DB100566SupplementaryData6.ps
PMC10829983	ipynb	pone.0296939.s002.ipynb
PMC3050908	ps	pntd.0000982.s001.ps
PMC3051331	ps	supp_btr030_boundaries-tss-tts-dpf2.ps
PMC3051331	ps	supp_btr030_boundaries-tss-tts.ps
PMC3051331	ps	supp_btr030_boundary-score.ps
PMC3051331	ps	supp_btr030_cd133-cd36-gene-cd34.ps
PMC3051331	ps	supp_btr030_cd133-cd36-gene-gata1.ps
PMC3051331	ps	supp_btr030_cd133-cd36-gene-gata3.ps
PMC3051331	ps	supp_btr030_cd133-cd36-gene-klf1.ps
PMC3051331	ps	supp_btr030_cd133-cd36-gene-pbx1.ps
PMC3051331	ps	supp_btr030_cd133-cd36-gene-prom1.ps
PMC3051331	ps	supp_btr030_compare-pois-nbd.ps
PMC3051331	ps	supp_btr030_dhmr-dpf2.ps
PMC3051331	ps	supp_btr030_dhmr-snx32-cfl1-mus81.ps
PMC3051331	ps	supp_btr030_domain-gene-relative-position.ps
PMC3051331	ps	supp_btr030_domains-overlapping-genes.ps
PMC3051331	ps	supp_btr030_model-read-counts.ps
PMC3051331	ps	supp_btr030_PR-curve-control.ps
PMC3051331	ps	supp_btr030_PR-curve.ps
PMC3051331	tex	supp_btr030_rseg-supp.tex
PMC10773611	py	peerj-cs-10-1754-s001.py
PMC3052369	ps	pone.0017679.s004.ps
PMC3052369	ps	pone.0017679.s005.ps
PMC3052369	ps	pone.0017679.s006.ps
PMC3053219	r	1472-6947-11-11-S2.R
PMC10783759	svg	pone.0291801.s001.svg
PMC10783759	svg	pone.0291801.s002.svg
PMC10783759	svg	pone.0291801.s003.svg
PMC10783759	svg	pone.0291801.s004.svg
PMC10783759	svg	pone.0291801.s005.svg
PMC10790971	tex	NA-006-D3NA00621B-s002.tex
PMC10803083	m	peerj-cs-10-1784-s001.m
PMC10803083	m	peerj-cs-10-1784-s002.m
PMC10803083	m	peerj-cs-10-1784-s003.m
PMC10803083	m	peerj-cs-10-1784-s004.m
PMC10807835	r	pone.0296420.s001.R
PMC10812577	m	peerj-12-16788-s002.m
PMC3060862	ps	1471-2229-11-42-S5.PS
PMC3060864	r	1752-0509-5-38-S5.R
PMC3060864	r	1752-0509-5-38-S6.R
PMC3063788	m	pone.0018204.s003.m
PMC3063788	m	pone.0018204.s004.m
PMC3063788	m	pone.0018204.s005.m
PMC3063788	m	pone.0018204.s006.m
PMC3064792	ps	supp_gkq1180_SFig_2.ps
PMC3064792	ps	supp_gkq1180_SF_1.ps
PMC3064792	ps	supp_gkq1180_SF_3.ps
PMC3065436	opa	1471-2164-12-150-S1.OPA
PMC10838067	r	peerj-12-16592-s002.r
PMC10847047	yml	41564_2023_1587_MOESM4_ESM.yml
PMC10847365	rmd	265_2024_3432_MOESM2_ESM.rmd
PMC10847365	rmd	265_2024_3432_MOESM3_ESM.rmd
PMC10847365	rmd	265_2024_3432_MOESM5_ESM.rmd
PMC10847365	rmd	265_2024_3432_MOESM6_ESM.rmd
PMC10847365	rmd	265_2024_3432_MOESM7_ESM.rmd
PMC10849959	m	41593_2023_1548_MOESM10_ESM.m
PMC10849959	m	41593_2023_1548_MOESM3_ESM.m
PMC10849959	m	41593_2023_1548_MOESM4_ESM.m
PMC10849959	m	41593_2023_1548_MOESM5_ESM.m
PMC10849959	m	41593_2023_1548_MOESM6_ESM.m
PMC10849959	m	41593_2023_1548_MOESM7_ESM.m
PMC10849959	m	41593_2023_1548_MOESM8_ESM.m
PMC10849959	m	41593_2023_1548_MOESM9_ESM.m
PMC10857925	r	ECE3-14-e10905-s001.R
PMC10859861	r	bdj-12-e109848-s011.r
PMC3076424	pl	pone.0018561.s011.pl
PMC3076424	pl	pone.0018561.s012.pl
PMC3076424	pl	pone.0018561.s013.pl
PMC3076424	pl	pone.0018561.s014.pl
PMC3077431	ps	supp_bhq184_cercor-2010-00080-File010.ps
PMC3077431	ps	supp_bhq184_cercor-2010-00080-File011.ps
PMC3080376	nb	pone.0018646.s004.nb
PMC3082249	cpp	1471-2164-12-181-S1.CPP
PMC3082916	ps	supp_gkq1114_nar-02413-a-2010-File011.ps
PMC3082916	ps	supp_gkq1114_nar-02413-a-2010-File012.ps
PMC3082916	ps	supp_gkq1114_nar-02413-a-2010-File013.ps
PMC3082916	ps	supp_gkq1114_nar-02413-a-2010-File014.ps
PMC3082916	ps	supp_gkq1114_nar-02413-a-2010-File015.ps
PMC3082916	ps	supp_gkq1114_nar-02413-a-2010-File016.ps
PMC3082916	ps	supp_gkq1114_nar-02413-a-2010-File017.ps
PMC3082916	ps	supp_gkq1114_nar-02413-a-2010-File018.ps
PMC3087348	r	1471-2105-10-428-S2.R
PMC7340631	r	bdj-08-e53720-s003.r
PMC7343145	kml	pone.0235226.s001.kml
PMC3091412	pl	Mel15.pl
PMC7591063	r	pone.0240401.s004.R
PMC7591063	do	pone.0240401.s007.do
PMC7591063	r	pone.0240401.s009.R
PMC7591063	r	pone.0240401.s010.R
PMC8042555	sps	sj-sps-2-apm-10.1177_0146621621990757.sps
PMC8042555	sps	sj-sps-5-apm-10.1177_0146621621990757.sps
PMC3094155	nb	pone.0018768.s004.nb
PMC8046211	r	pone.0249910.s002.R
PMC8046211	r	pone.0249910.s003.R
PMC8046242	r	pone.0249765.s006.R
PMC3095350	perl	1471-2229-10-76-S3.PERL
PMC3095355	pir	1471-2229-10-87-S10.PIR
PMC3095355	pir	1471-2229-10-87-S11.PIR
PMC3095355	pir	1471-2229-10-87-S12.PIR
PMC3095355	pir	1471-2229-10-87-S13.PIR
PMC3095355	pir	1471-2229-10-87-S14.PIR
PMC3095355	pir	1471-2229-10-87-S15.PIR
PMC3095355	pir	1471-2229-10-87-S16.PIR
PMC3095355	pir	1471-2229-10-87-S17.PIR
PMC3095355	pir	1471-2229-10-87-S18.PIR
PMC3095355	pir	1471-2229-10-87-S19.PIR
PMC3095355	pir	1471-2229-10-87-S20.PIR
PMC3095355	pir	1471-2229-10-87-S4.PIR
PMC3095355	pir	1471-2229-10-87-S5.PIR
PMC3095355	pir	1471-2229-10-87-S6.PIR
PMC3095355	pir	1471-2229-10-87-S7.PIR
PMC3095355	pir	1471-2229-10-87-S8.PIR
PMC3095355	pir	1471-2229-10-87-S9.PIR
PMC8103915	rmd	peerj-09-11378-s001.rmd
PMC3098055	r	1471-2105-11-176-S1.r
PMC3098055	r	1471-2105-11-176-S2.r
PMC3098065	tab	1471-2105-11-266-S5.TAB
PMC3098083	ps	1471-2105-11-500-S1.PS
PMC3098083	ps	1471-2105-11-500-S2.PS
PMC3098083	ps	1471-2105-11-500-S3.PS
PMC3098083	ps	1471-2105-11-500-S4.PS
PMC3098090	tab	1471-2105-11-538-S1.TAB
PMC3098099	r	1471-2105-11-556-S1.R
PMC3098099	r	1471-2105-11-556-S2.R
PMC3098099	r	1471-2105-11-556-S4.R
PMC3098101	ps	1471-2105-11-564-S1.PS
PMC3098101	ps	1471-2105-11-564-S3.PS
PMC3098102	pl	1471-2105-11-565-S1.PL
PMC8238718	r	114_2021_1734_MOESM6_ESM.r
PMC8292255	r	442_2021_4952_MOESM5_ESM.r
PMC8292255	r	442_2021_4952_MOESM6_ESM.r
PMC8293925	m	peerj-cs-07-630-s005.m
PMC8293925	m	peerj-cs-07-630-s006.m
PMC8293925	m	peerj-cs-07-630-s007.m
PMC3102686	ps	pone.0020220.s001.ps
PMC3102686	ps	pone.0020220.s004.ps
PMC3102686	ps	pone.0020220.s005.ps
PMC8519134	py	NPH-232-388-s003.py
PMC3103524	tex	pone.0019900.s001.tex
PMC3105079	nb	pone.0020522.s002.nb
PMC3105414	ps	supp_gkr025_SupplementalFigure1.ps
PMC3105494	owl	2041-1480-2-S1-S2-S1.owl
PMC3105494	owl	2041-1480-2-S1-S2-S2.owl
PMC3105494	owl	2041-1480-2-S1-S2-S3.owl
PMC3105498	js	2041-1480-2-S1-S6-S10.js
PMC3105498	pl	2041-1480-2-S1-S6-S11.pl
PMC3105498	rq	2041-1480-2-S1-S6-S2.rq
PMC3105498	rq	2041-1480-2-S1-S6-S3.rq
PMC3105498	js	2041-1480-2-S1-S6-S4.js
PMC3105498	js	2041-1480-2-S1-S6-S5.js
PMC3105498	js	2041-1480-2-S1-S6-S9.js
PMC3105943	c	1752-0509-5-54-S4.C
PMC8803777	r	15010_2021_1649_MOESM1_ESM.r
PMC8892756	r	40462_2022_308_MOESM12_ESM.r
PMC8892756	r	40462_2022_308_MOESM2_ESM.r
PMC8892756	r	40462_2022_308_MOESM3_ESM.r
PMC8892756	r	40462_2022_308_MOESM4_ESM.r
PMC8892756	r	40462_2022_308_MOESM5_ESM.r
PMC8892756	r	40462_2022_308_MOESM6_ESM.r
PMC8892756	r	40462_2022_308_MOESM7_ESM.r
PMC8892756	r	40462_2022_308_MOESM9_ESM.r
PMC3113716	sql	1751-0473-6-9-S3.SQL
PMC3116673	sas	OpenMed-04-e40-s001.sas
PMC3116836	tex	pone.0020747.s005.tex
PMC3117379	tex	supp_btr238_ODonnell_196_sup.tex
PMC3117734	py	1752-0509-5-86-S3.PY
PMC3117734	py	1752-0509-5-86-S4.PY
PMC3117734	dot	1752-0509-5-86-S7.DOT
PMC3117734	dot	1752-0509-5-86-S8.DOT
PMC9216604	r	pone.0269658.s002.R
PMC3121742	tex	pone.0021204.s005.tex
PMC3121967	ps	supp_mdq624_annonc-2010-1041-File006.ps
PMC3123203	pl	1752-0509-5-87-S2.PL
PMC9390115	r	10811_2022_2799_MOESM5_ESM.r
PMC3128035	r	1471-2105-12-227-S1.R
PMC3128035	r	1471-2105-12-227-S10.R
PMC3128035	r	1471-2105-12-227-S16.R
PMC3128035	r	1471-2105-12-227-S2.R
PMC3128035	r	1471-2105-12-227-S3.R
PMC3128035	r	1471-2105-12-227-S4.R
PMC3128035	r	1471-2105-12-227-S5.R
PMC3128035	r	1471-2105-12-227-S6.R
PMC3128035	r	1471-2105-12-227-S7.R
PMC3128035	r	1471-2105-12-227-S8.R
PMC3128037	py	1471-2105-12-243-S2.PY
PMC3129672	py	gb-2011-12-3-r22-S4.PY
PMC3130042	m	pone.0021854.s003.m
PMC3130042	mat	pone.0021854.s004.mat
PMC3130289	ps	supp_gkr214_Figure_S1.ps
PMC3130289	ps	supp_gkr214_Figure_S2.ps
PMC3137623	pas	pone.0022198.s007.pas
PMC3138754	cps	pone.0021925.s003.cps
PMC10108853	mat	peerj-11-15194-s001.mat
PMC3140998	dot	pone.0021988.s001.dot
PMC3141260	ps	supp_gkr151_Morbitzer_FigS1.ps
PMC3141260	ps	supp_gkr151_Morbitzer_FigS2.ps
PMC3141260	ps	supp_gkr151_Morbitzer_FigS3.ps
PMC3141260	ps	supp_gkr151_Morbitzer_FigS4.ps
PMC3141263	ps	supp_gkr155_FigureS1.ps
PMC3141263	ps	supp_gkr155_FigureS2.ps
PMC3141263	ps	supp_gkr155_FigureS3.ps
PMC3141263	ps	supp_gkr155_FigureS4.ps
PMC3141263	ps	supp_gkr155_FigureS5.ps
PMC3141263	ps	supp_gkr155_TableS1.ps
PMC3141660	py	1748-7188-6-15-S2.PY
PMC3141664	pl	1471-2164-12-293-S3.PL
PMC3141664	pl	1471-2164-12-293-S4.PL
PMC3141664	pl	1471-2164-12-293-S5.PL
PMC9660137	r	40258_2022_767_MOESM3_ESM.r
PMC9742635	bib	sj-bib-5-mdm-10.1177_0272989X221117162.bib
PMC10167223	r	41598_2023_34722_MOESM5_ESM.r
PMC3147017	m	1475-2859-10-47-S1.M
PMC3147017	m	1475-2859-10-47-S2.M
PMC3149582	owl	1471-2105-12-260-S2.OWL
PMC10355397	yaml	pgen.1010807.s020.yaml
PMC3152320	ps	supp_gkr028_p73isof_Supplemental_Fig1.ps
PMC3152320	ps	supp_gkr028_p73isof_Supplemental_Fig2.ps
PMC3152320	ps	supp_gkr028_p73isof_Supplemental_Fig3.ps
PMC3152320	ps	supp_gkr028_p73isof_Supplemental_Fig4.ps
PMC3152320	ps	supp_gkr028_p73isof_Supplemental_Fig5.ps
PMC3152320	ps	supp_gkr028_p73isof_Supplemental_Fig6.ps
PMC3152320	ps	supp_gkr028_p73isof_Supplemental_Fig7.ps
PMC3152333	ps	supp_gkr178_Supplementary_Figure_1.ps
PMC3152333	ps	supp_gkr178_Supplementary_Figure_2.ps
PMC3152333	ps	supp_gkr178_Supplementary_Figure_3.ps
PMC3152333	ps	supp_gkr178_Supplementary_Figure_4.ps
PMC3152346	ps	supp_gkr196_Figure_S1_NAR_R_02-22-11.ps
PMC3152346	ps	supp_gkr196_Figure_S2_NAR_R_02-22-11.ps
PMC3152346	ps	supp_gkr196_Figure_S3_NAR_R_02-22-11.ps
PMC3152551	m	pone.0023063.s004.m
PMC3152551	m	pone.0023063.s005.m
PMC3152551	m	pone.0023063.s006.m
PMC3152551	m	pone.0023063.s007.m
PMC3152551	mat	pone.0023063.s008.mat
PMC3152551	mat	pone.0023063.s009.mat
PMC3152790	pl	1471-2105-12-45-S1.PL
PMC3152790	py	1471-2105-12-45-S2.PY
PMC3152908	m	1471-2180-11-140-S1.M
PMC3152908	m	1471-2180-11-140-S2.M
PMC3154137	tab	pgen.1002254.s001.tab
PMC10432391	r	41598_2023_40451_MOESM1_ESM.r
PMC3155508	mat	1471-2105-12-285-S2.MAT
PMC3156713	gml	pone.0023176.s003.gml
PMC3156713	gml	pone.0023176.s004.gml
PMC3156919	ps	supp_jir423_supllfig.ps
PMC10466952	sps	sj-sps-2-hpq-10.1177_13591053231160922.sps
PMC10466952	sps	sj-sps-3-hpq-10.1177_13591053231160922.sps
PMC10466952	sps	sj-sps-4-hpq-10.1177_13591053231160922.sps
PMC10470937	m	pone.0290896.s003.m
PMC10470937	m	pone.0290896.s004.m
PMC3160372	owl	1752-0509-5-105-S2.OWL
PMC3161373	do	1756-0500-3-234-S10.DO
PMC3161373	do	1756-0500-3-234-S11.DO
PMC3161373	do	1756-0500-3-234-S12.DO
PMC3161373	raw	1756-0500-3-234-S2.RAW
PMC3161373	do	1756-0500-3-234-S4.DO
PMC3161373	do	1756-0500-3-234-S5.DO
PMC3161373	do	1756-0500-3-234-S6.DO
PMC3161373	do	1756-0500-3-234-S7.DO
PMC3161373	do	1756-0500-3-234-S8.DO
PMC3161373	do	1756-0500-3-234-S9.DO
PMC10495936	cpp	peerj-cs-09-1510-s002.cpp
PMC10495936	r	peerj-cs-09-1510-s004.r
PMC3162558	nb	pone.0023534.s001.nb
PMC10501905	py	41565_2023_1405_MOESM2_ESM.py
PMC10495998	ipynb	peerj-cs-09-1496-s001.ipynb
PMC10543869	r	12936_2023_4724_MOESM4_ESM.r
PMC10543869	r	12936_2023_4724_MOESM5_ESM.r
PMC10543869	r	12936_2023_4724_MOESM6_ESM.r
PMC10553793	r	NIHMS1931646-supplement-R_code.r
PMC3174153	r	pcbi.1002146.s006.r
PMC3174153	r	pcbi.1002146.s007.r
PMC10569180	rmd	peerj-11-16035-s002.rmd
PMC10571436	sps	sj-sps-2-hpq-10.1177_13591053231177254.sps
PMC3177202	ps	supp_gkr456_Figure_S1.ps
PMC3177202	ps	supp_gkr456_Table_S1.ps
PMC10580006	r	ECE3-13-e10623-s003.R
PMC10587091	rmd	41598_2023_45241_MOESM1_ESM.rmd
PMC10588704	c	peerj-cs-09-1582-s002.c
PMC3179659	tex	supp_btr458_supplementary.tex
PMC10619874	r	pone.0287937.s002.R
PMC10619874	r	pone.0287937.s003.R
PMC10619874	r	pone.0287937.s004.R
PMC10620119	r	MOL2-17-2356-s010.R
PMC10620119	sps	MOL2-17-2356-s015.sps
PMC3184154	py	pone.0025764.s001.py
PMC3185004	pl	pone.0025666.s002.pl
PMC10648331	ipynb	42523_2023_260_MOESM4_ESM.ipynb
PMC10648331	ipynb	42523_2023_260_MOESM5_ESM.ipynb
PMC10648331	ipynb	42523_2023_260_MOESM6_ESM.ipynb
PMC3189927	r	pone.0025609.s001.r
PMC3189936	tab	pone.0025773.s005.tab
PMC3189936	tab	pone.0025773.s006.tab
PMC3189936	tab	pone.0025773.s007.tab
PMC3194169	owl	2041-1480-2-S4-S2-S1.owl
PMC10602281	r	pone.0285518.s005.R
PMC3196504	kml	pone.0025628.s009.kml
PMC3196970	r	1471-2105-12-377-S1.R
PMC3196970	r	1471-2105-12-377-S2.R
PMC3199157	ps	supp_nor113_nor113supp_fig1.ps
PMC3199157	ps	supp_nor113_nor113supp_fig2.ps
PMC3199157	ps	supp_nor113_nor113supp_fig3.ps
PMC3199157	ps	supp_nor113_nor113supp_fig4.ps
PMC3199157	ps	supp_nor113_nor113supp_fig5.ps
PMC3199230	r	1755-8794-4-70-S6.R
PMC10659213	do	pone.0294741.s004.do
PMC3201031	c	1752-0509-5-131-S10.C
PMC3201031	m	1752-0509-5-131-S11.M
PMC3201031	m	1752-0509-5-131-S4.M
PMC3201031	m	1752-0509-5-131-S5.M
PMC3201031	m	1752-0509-5-131-S7.M
PMC3201031	m	1752-0509-5-131-S8.M
PMC3201031	m	1752-0509-5-131-S9.M
PMC3201953	r	pone.0025364.s012.r
PMC3202522	pl	pone.0025642.s008.pl
PMC3203885	tex	pone.0026709.s001.tex
PMC3203885	tex	pone.0026709.s002.tex
PMC3203885	tex	pone.0026709.s003.tex
PMC3203885	tex	pone.0026709.s004.tex
PMC10853659	sh	EVA-17-e13622-s010.sh
PMC3209854	ps	supp_bhr040_figs1.ps
PMC3209854	ps	supp_bhr040_figs2.ps
PMC3209854	ps	supp_bhr040_figs3.ps
PMC3209854	ps	supp_bhr040_figs4.ps
PMC3209854	ps	supp_bhr040_figs5.ps
PMC3209854	ps	supp_bhr040_figs6.ps
PMC3213064	ps	1471-2164-12-484-S5.PS
PMC3213064	ps	1471-2164-12-484-S6.PS
PMC3213064	ps	1471-2164-12-484-S8.PS
PMC3213087	r	pone.0025677.s003.R
PMC3216092	m	1752-0509-5-160-S5.M
PMC10903963	nb	pgen.1010660.s001.nb
PMC3216957	tex	pone.0027431.s001.tex
PMC3216957	m	pone.0027431.s002.m
PMC10909213	py	peerj-cs-10-1899-s003.py
PMC10909213	py	peerj-cs-10-1899-s004.py
PMC10909213	py	peerj-cs-10-1899-s005.py
PMC10909221	ipynb	peerj-cs-10-1875-s001.ipynb
PMC3217930	mat	pone.0026797.s016.mat
PMC3218058	m	pone.0027882.s010.m
PMC3218847	py	gb-2011-12-6-r59-S3.PY
PMC3221690	sas	1471-2105-12-427-S1.SAS
PMC3221690	sas	1471-2105-12-427-S2.SAS
PMC3224106	r	1471-2105-12-228-S2.R
PMC3224482	owl	1752-0509-5-168-S12.OWL
PMC10948842	bib	41598_2024_56479_MOESM1_ESM.bib
PMC3225834	ps	1752-0509-4-148-S7.PS
PMC10951430	bb	41598_2024_56705_MOESM5_ESM.bb
PMC10961059	r	peerj-12-17121-s005.r
PMC10964683	svg	12872_2024_3778_MOESM1_ESM.svg
PMC10965223	tex	elife-90156-supp1.tex
PMC3230619	r	pone.0028028.s003.r
PMC10971542	r	pone.0299358.s002.R
PMC10982100	py	10928_2023_9886_MOESM1_ESM.py
PMC3233608	ps	1471-2458-11-841-S1.PS
PMC10909165	py	peerj-cs-10-1885-s003.py
PMC10909165	py	peerj-cs-10-1885-s004.py
PMC10909165	py	peerj-cs-10-1885-s005.py
PMC10909191	py	peerj-cs-10-1829-s001.py
PMC10909191	py	peerj-cs-10-1829-s002.py
PMC3236249	tex	pone.0027594.s001.tex
PMC3236852	tex	1471-2105-12-S10-S9-S1.tex
PMC3237328	ps	pone.0028265.s002.ps
PMC7588116	r	pone.0241128.s012.R
PMC7590735	sh	12916_2020_1760_MOESM2_ESM.sh
PMC3245232	nb	pone.0028072.s002.nb
PMC7937347	r	peerj-09-10855-s020.r
PMC3245619	r	gb-2011-12-8-r80-S19.R
PMC3245920	ps	supp_gkr688_SupplementaryFigureS3.ps
PMC3245920	ps	supp_gkr688_SupplementaryTableS2.ps
PMC3247853	r	1477-5956-9-73-S4.R
PMC3247861	m	1471-2105-11-522-S1.M
PMC3247861	m	1471-2105-11-522-S2.M
PMC3248403	r	pone.0028403.s019.r
PMC8234927	r	peerj-09-11651-s002.r
PMC3250451	r	pone.0029618.s006.r
PMC8293926	py	peerj-cs-07-622-s001.py
PMC8294009	m	SC-012-D1SC01916C-s009.m
PMC8518172	rmd	12859_2021_4414_MOESM16_ESM.rmd
PMC8518423	r	MEN-21-2316-s005.R
PMC3258134	ps	supp_gkr731_nar-01065-n-2011-File006.ps
PMC3258145	ps	supp_gkr754_nar-01490-x-2011-File010.ps
PMC8801180	r	peerj-10-12603-s014.r
PMC3261926	r	pgen.1002443.s011.r
PMC8858657	py	13073_2022_1025_MOESM4_ESM.py
PMC3264531	js	1756-0500-4-487-S2.JS
PMC3264559	nb	pone.0030098.s002.nb
PMC3264561	tex	pone.0028762.s013.tex
PMC3264561	tex	pone.0028762.s014.tex
PMC3264561	tex	pone.0028762.s015.tex
PMC3264561	tex	pone.0028762.s016.tex
PMC3264561	tex	pone.0028762.s017.tex
PMC3264561	tex	pone.0028762.s018.tex
PMC3267743	r	1756-0500-4-555-S2.R
PMC3269825	r	1471-2288-11-144-S3.R
PMC3270023	tab	pone.0030733.s005.tab
PMC3270023	tab	pone.0030733.s006.tab
PMC3270023	tab	pone.0030733.s009.tab
PMC9216529	do	pone.0269889.s003.do
PMC9336034	r	12859_2022_4846_MOESM1_ESM.r
PMC9336034	r	12859_2022_4846_MOESM2_ESM.r
PMC9336034	r	12859_2022_4846_MOESM3_ESM.r
PMC9336034	r	12859_2022_4846_MOESM5_ESM.r
PMC9336034	r	12859_2022_4846_MOESM6_ESM.r
PMC9336034	r	12859_2022_4846_MOESM7_ESM.r
PMC3274699	ini	eph0096-1262-SD6.ini
PMC9474510	ipynb	10729_2022_9603_MOESM3_ESM.ipynb
PMC3278478	tex	supp_msr279_kostka_653_supplement_main.tex
PMC9604954	nb	pone.0276522.s006.nb
PMC9604954	nb	pone.0276522.s007.nb
PMC9604954	nb	pone.0276522.s008.nb
PMC9651042	r	peerj-10-14213-s011.r
PMC9671130	r	NIHMS1844507-supplement-Supplement1.r
PMC9682961	json	CL2-18-e1288-s001.JSON
PMC9682961	json	CL2-18-e1288-s003.JSON
PMC9684079	py	42255_2022_677_MOESM4_ESM.py
PMC3288038	m	pone.0031457.s001.m
PMC3289918	tex	supp_bts015_supplement.tex
PMC3293429	tex	kxq014v2_supplementary_materials.tex
PMC3293726	pl	1471-2164-13-18-S2.PL
PMC9749322	r	13020_2022_695_MOESM4_ESM.r
PMC9749322	r	13020_2022_695_MOESM5_ESM.r
PMC9749322	r	13020_2022_695_MOESM6_ESM.r
PMC9753752	r	peerj-10-14448-s002.r
PMC9754224	geojson	pone.0279042.s001.geojson
PMC9786538	r	EDE-24--s011.R
PMC9786538	r	EDE-24--s012.R
PMC9786538	r	EDE-24--s015.R
PMC9848466	kml	bdj-10-e87261-s001.kml
PMC9848466	kml	bdj-10-e87261-s002.kml
PMC9848466	kml	bdj-10-e87261-s003.kml
PMC9848466	kml	bdj-10-e87261-s004.kml
PMC9848466	kml	bdj-10-e87261-s005.kml
PMC9848466	kml	bdj-10-e87261-s006.kml
PMC9848466	kml	bdj-10-e87261-s007.kml
PMC9848466	kml	bdj-10-e87261-s008.kml
PMC9848466	kml	bdj-10-e87261-s009.kml
PMC9848466	kml	bdj-10-e87261-s010.kml
PMC9848466	kml	bdj-10-e87261-s011.kml
PMC9848466	kml	bdj-10-e87261-s012.kml
PMC9848466	kml	bdj-10-e87261-s013.kml
PMC9848466	kml	bdj-10-e87261-s014.kml
PMC9848466	kml	bdj-10-e87261-s015.kml
PMC9848466	kml	bdj-10-e87261-s016.kml
PMC9848466	kml	bdj-10-e87261-s017.kml
PMC9848466	kml	bdj-10-e87261-s018.kml
PMC9848466	kml	bdj-10-e87261-s019.kml
PMC9848466	kml	bdj-10-e87261-s020.kml
PMC9848466	kml	bdj-10-e87261-s021.kml
PMC9848466	kml	bdj-10-e87261-s022.kml
PMC9848466	kml	bdj-10-e87261-s023.kml
PMC9848466	kml	bdj-10-e87261-s024.kml
PMC9848466	kml	bdj-10-e87261-s025.kml
PMC9848466	kml	bdj-10-e87261-s026.kml
PMC9848466	kml	bdj-10-e87261-s027.kml
PMC9848466	kml	bdj-10-e87261-s028.kml
PMC9848466	kml	bdj-10-e87261-s029.kml
PMC9848466	kml	bdj-10-e87261-s030.kml
PMC9848466	kml	bdj-10-e87261-s031.kml
PMC9848466	kml	bdj-10-e87261-s032.kml
PMC9848466	kml	bdj-10-e87261-s033.kml
PMC9848466	kml	bdj-10-e87261-s034.kml
PMC9848466	kml	bdj-10-e87261-s035.kml
PMC9848466	kml	bdj-10-e87261-s036.kml
PMC9848466	kml	bdj-10-e87261-s037.kml
PMC9848466	kml	bdj-10-e87261-s038.kml
PMC9848466	kml	bdj-10-e87261-s039.kml
PMC9848466	kml	bdj-10-e87261-s040.kml
PMC9848466	kml	bdj-10-e87261-s041.kml
PMC9848466	kml	bdj-10-e87261-s042.kml
PMC9848466	kml	bdj-10-e87261-s043.kml
PMC9848466	kml	bdj-10-e87261-s044.kml
PMC9848466	kml	bdj-10-e87261-s045.kml
PMC9848466	kml	bdj-10-e87261-s046.kml
PMC9848466	kml	bdj-10-e87261-s047.kml
PMC9848466	kml	bdj-10-e87261-s048.kml
PMC9848466	kml	bdj-10-e87261-s049.kml
PMC9848466	kml	bdj-10-e87261-s050.kml
PMC9848466	kml	bdj-10-e87261-s051.kml
PMC9848466	kml	bdj-10-e87261-s052.kml
PMC9848466	kml	bdj-10-e87261-s053.kml
PMC9848466	kml	bdj-10-e87261-s054.kml
PMC9848466	kml	bdj-10-e87261-s055.kml
PMC9848466	kml	bdj-10-e87261-s056.kml
PMC9848466	kml	bdj-10-e87261-s057.kml
PMC9848466	kml	bdj-10-e87261-s058.kml
PMC9848466	kml	bdj-10-e87261-s059.kml
PMC9848466	kml	bdj-10-e87261-s060.kml
PMC9848466	kml	bdj-10-e87261-s061.kml
PMC9848466	kml	bdj-10-e87261-s062.kml
PMC9848466	kml	bdj-10-e87261-s063.kml
PMC9848466	kml	bdj-10-e87261-s064.kml
PMC9848466	kml	bdj-10-e87261-s065.kml
PMC9848466	kml	bdj-10-e87261-s066.kml
PMC3305330	tex	pcbi.1002431.s001.tex
PMC3305394	r	pgen.1002570.s011.r
PMC3305394	r	pgen.1002570.s012.r
PMC3307107	tex	supp_btr722_Illingworth_Mustonen_Revised_Supporting_Text_111215.tex
PMC3309940	xsd	1472-6947-12-11-S1.XSD
PMC3310049	sch	pone.0030837.s007.sch
PMC3310049	brd	pone.0030837.s008.brd
PMC9922791	r	NIHMS1840154-supplement-Appendix_S1__Supporting_information.r
PMC9922791	r	NIHMS1840154-supplement-Appendix_S2__Supporting_information.r
PMC3316704	r	pone.0034338.s001.r
PMC10021695	do	pgph.0001176.s002.do
PMC10024485	r	peerj-11-14671-s001.r
PMC10024485	r	peerj-11-14671-s002.r
PMC10024485	r	peerj-11-14671-s003.r
PMC10024485	r	peerj-11-14671-s004.r
PMC10026152	sps	sj-sps-10-hpq-10.1177_13591053221120332.sps
PMC3324506	svg	pone.0034238.s003.svg
PMC3327720	tex	pone.0034636.s007.tex
PMC10062627	r	pone.0281773.s001.R
PMC10069732	mat	13423_2023_2277_MOESM1_ESM.mat
PMC10069732	mat	13423_2023_2277_MOESM2_ESM.mat
PMC10069732	m	13423_2023_2277_MOESM3_ESM.m
PMC10075410	sty	pone.0283757.s001.sty
PMC10075410	cls	pone.0283757.s004.cls
PMC10084248	r	JCPP-64-339-s003.R
PMC10100813	r	peerj-11-15140-s010.r
PMC3335152	kml	pone.0035216.s006.kml
PMC3338555	r	pone.0035942.s011.r
PMC3338707	r	pone.0035564.s001.R
PMC10135404	r	peerj-11-15209-s002.r
PMC3341196	r	1748-7188-7-5-S1.R
PMC3341196	r	1748-7188-7-5-S3.R
PMC3341196	r	1748-7188-7-5-S4.R
PMC3341196	r	1748-7188-7-5-S5.R
PMC3341827	tex	supp_msr268_MSR268_MBE-11-0472_Dalquen_Supplmat.tex
PMC10148797	svg	43705_2023_242_MOESM3_ESM.svg
PMC10148797	svg	43705_2023_242_MOESM9_ESM.svg
PMC10158770	r	peerj-11-15020-s002.r
PMC10163872	r	peerj-11-15253-s001.r
PMC10189981	r	12862_2023_2118_MOESM2_ESM.r
PMC10189981	r	12862_2023_2118_MOESM4_ESM.r
PMC10204292	r	12957_2023_3027_MOESM2_ESM.r
PMC3350514	tex	pone.0033931.s007.tex
PMC3350514	tex	pone.0033931.s008.tex
PMC3350514	tex	pone.0033931.s009.tex
PMC3351449	m	pone.0036516.s005.m
PMC10239230	r	peerj-11-15387-s009.r
PMC3356839	ps	supp_bts154_algorithm.ps
PMC3356839	ps	supp_bts154_evaluation.ps
PMC3356839	ps	supp_bts154_semantics.ps
PMC3359066	gms	pone.0034670.s007.gms
PMC3359360	nb	pone.0037278.s002.nb
PMC10280224	py	peerj-cs-09-1167-s001.py
PMC10280224	py	peerj-cs-09-1167-s002.py
PMC10280265	ipynb	peerj-cs-09-1176-s001.ipynb
PMC10280390	py	peerj-cs-09-1371-s003.py
PMC10280421	py	peerj-cs-09-1391-s001.py
PMC10280433	py	peerj-cs-09-1259-s001.py
PMC10280478	m	peerj-cs-09-1279-s001.m
PMC10280569	py	peerj-cs-09-1313-s001.py
PMC10280621	ipynb	peerj-cs-09-1339-s001.ipynb
PMC10290832	r	peerj-11-15513-s001.r
PMC3363337	ps	supp_dds104_dds104supp_fig1.ps
PMC3363337	ps	supp_dds104_dds104supp_fig2.ps
PMC3363337	ps	supp_dds104_dds104supp_fig3.ps
PMC3363337	ps	supp_dds104_dds104supp_fig4.ps
PMC10300006	r	41598_2023_37485_MOESM2_ESM.r
PMC10300097	m	41598_2023_36902_MOESM1_ESM.m
PMC10300097	m	41598_2023_36902_MOESM3_ESM.m
PMC3364866	opa	1471-2148-12-45-S7.OPA
PMC10309633	pub	pone.0279610.s002.pub
PMC10310047	json	pcbi.1011163.s017.json
PMC10310047	json	pcbi.1011163.s018.json
PMC3367189	ps	supp_gks153_nar-02506-m-2011-File007.ps
PMC3367189	ps	supp_gks153_nar-02506-m-2011-File008.ps
PMC10323079	r	CAS-114-2993-s005.R
PMC3368728	r	1471-2105-13-34-S1.R
PMC3369949	nb	pgen.1002740.s010.nb
PMC3371767	r	1748-7188-7-2-S2.R
PMC3371866	tex	supp_bts234_Aguiar_245_sup_1_caption.tex
PMC10362854	r	peerj-11-15687-s003.r
PMC3375631	java	1471-2105-13-S2-S4-S1.java
PMC3382595	r	pone.0038315.s002.r
PMC3382595	r	pone.0038315.s008.r
PMC10403190	m	peerj-cs-09-1479-s001.m
PMC10403190	m	peerj-cs-09-1479-s002.m
PMC10403190	m	peerj-cs-09-1479-s003.m
PMC10403190	m	peerj-cs-09-1479-s004.m
PMC3383540	r	1752-0509-6-28-S1.R
PMC3383709	r	pone.0039068.s002.r
PMC3384320	ps	supp_gks198_nar-02184-r-2011-File009.ps
PMC3384320	ps	supp_gks198_nar-02184-r-2011-File010.ps
PMC3384320	ps	supp_gks198_nar-02184-r-2011-File011.ps
PMC3384320	ps	supp_gks198_nar-02184-r-2011-File012.ps
PMC3384320	ps	supp_gks198_nar-02184-r-2011-File013.ps
PMC3385700	kml	122_2012_1839_MOESM3_ESM.kml
PMC3385700	kml	122_2012_1839_MOESM4_ESM.kml
PMC10421732	r	ECE3-13-e10426-s002.R
PMC3386278	tex	pone.0039475.s013.tex
PMC3386278	tex	pone.0039475.s014.tex
PMC3386485	ps	10709_2012_9657_MOESM1_ESM.ps
PMC10428563	mat	12938_2023_1145_MOESM2_ESM.mat
PMC10428563	mat	12938_2023_1145_MOESM3_ESM.mat
PMC10428563	mat	12938_2023_1145_MOESM4_ESM.mat
PMC10428563	ipynb	12938_2023_1145_MOESM5_ESM.ipynb
PMC10428563	mat	12938_2023_1145_MOESM6_ESM.mat
PMC10428563	mat	12938_2023_1145_MOESM7_ESM.mat
PMC10428563	ipynb	12938_2023_1145_MOESM8_ESM.ipynb
PMC10433884	rmd	sj-Rmd-2-bna-10.1177_23982128231191046.Rmd
PMC10433884	rmd	sj-Rmd-4-bna-10.1177_23982128231191046.Rmd
PMC10440061	py	peerj-11-15885-s001.py
PMC10447352	yaml	12672_2023_751_MOESM1_ESM.yaml
PMC3398333	pl	1471-2164-13-19-S13.PL
PMC10490923	ipynb	pone.0290951.s003.ipynb
PMC3399864	m	pone.0040274.s009.m
PMC10499265	m	pbio.3002276.s019.m
PMC10499784	r	41598_2023_41982_MOESM4_ESM.r
PMC10500280	r	pnas.2217973120.sd15.r
PMC3402534	tex	pone.0041117.s008.tex
PMC3402534	tex	pone.0041117.s009.tex
PMC3402534	tex	pone.0041117.s010.tex
PMC3402534	tex	pone.0041117.s011.tex
PMC3404073	tex	pone.0041135.s001.tex
PMC3404073	tex	pone.0041135.s002.tex
PMC3404073	tex	pone.0041135.s003.tex
PMC3405133	r	pone.0041541.s001.r
PMC3406053	m	pone.0041322.s002.m
PMC10538789	do	pone.0291106.s003.do
PMC3407136	r	pone.0041057.s006.R
PMC10552771	r	peerj-11-16100-s003.r
PMC3409179	pl	pone.0041356.s006.pl
PMC3409179	m	pone.0041356.s007.m
PMC3409179	m	pone.0041356.s008.m
PMC3409179	r	pone.0041356.s009.R
PMC3409179	r	pone.0041356.s010.R
PMC3409179	r	pone.0041356.s011.R
PMC3409179	r	pone.0041356.s012.R
PMC3409179	r	pone.0041356.s013.R
PMC3409179	r	pone.0041356.s014.R
PMC3409179	r	pone.0041356.s015.R
PMC10557942	r	peerj-11-16104-s011.r
PMC3411424	owl	1752-0509-6-52-S6.owl
PMC3413506	m	1752-0509-6-55-S10.m
PMC3413506	m	1752-0509-6-55-S5.m
PMC3413506	m	1752-0509-6-55-S9.m
PMC3413523	py	1471-2105-13-117-S1.py
PMC3413523	pl	1471-2105-13-117-S6.pl
PMC10588317	r	IWJ-20-3498-s004.R
PMC10593775	rmd	41598_2023_45297_MOESM1_ESM.rmd
PMC10593775	rmd	41598_2023_45297_MOESM2_ESM.rmd
PMC3415292	ps	supp_dss012_dss012supp_fig1.ps
PMC3416842	tex	pone.0042348.s001.tex
PMC3418252	r	pone.0043113.s001.R
PMC3418252	r	pone.0043113.s002.R
PMC3418287	pl	pone.0042822.s006.pl
PMC10015993	tex	COGS-46-0-s001.tex
PMC3420876	py	pone.0043047.s009.py
PMC3420876	py	pone.0043047.s010.py
PMC3420876	py	pone.0043047.s011.py
PMC3422232	r	pone.0042760.s004.r
PMC3422232	r	pone.0042760.s005.r
PMC3424129	sh	1471-2164-13-136-S13.sh
PMC3426523	cps	pone.0042907.s001.cps
PMC3426567	tex	pcbi.1002652.s004.tex
PMC3429059	cps	IDENTITYgate.cps
PMC3429059	cps	IMPLIESgate.cps
PMC3429059	cps	NOTgate.cps
PMC3429059	cps	ORgate.cps
PMC10280442	ipynb	peerj-cs-09-1234-s002.ipynb
PMC10345056	ts	10071_2023_1772_MOESM1_ESM.ts
PMC10345056	ts	10071_2023_1772_MOESM2_ESM.ts
PMC10345056	ts	10071_2023_1772_MOESM3_ESM.ts
PMC10345056	ts	10071_2023_1772_MOESM4_ESM.ts
PMC10345056	ts	10071_2023_1772_MOESM5_ESM.ts
PMC3433481	py	pone.0043810.s002.py
PMC3434158	m	pone.0044353.s001.m
PMC3434206	sas	pone.0044013.s001.sas
PMC10408313	rmd	sj-Rmd-4-dhj-10.1177_20552076231191967.Rmd
PMC3439724	py	1471-2105-13-S15-S8-S2.py
PMC10466994	sps	sj-sps-8-hpq-10.1177_13591053231166756.sps
PMC10503963	tex	pcbi.1011374.s001.tex
PMC10503963	tex	pcbi.1011374.s002.tex
PMC10503963	tex	pcbi.1011374.s003.tex
PMC10503963	tex	pcbi.1011374.s004.tex
PMC10503963	tex	pcbi.1011374.s005.tex
PMC10503963	tex	pcbi.1011374.s006.tex
PMC10503963	tex	pcbi.1011374.s007.tex
PMC10503963	tex	pcbi.1011374.s008.tex
PMC10503963	tex	pcbi.1011374.s009.tex
PMC10503963	tex	pcbi.1011374.s010.tex
PMC10492430	r	sj-R-1-hpq-10.1177_13591053231159168.R
PMC10492430	r	sj-R-2-hpq-10.1177_13591053231159168.R
PMC10492430	r	sj-R-3-hpq-10.1177_13591053231159168.R
PMC10492430	r	sj-R-4-hpq-10.1177_13591053231159168.R
PMC3444342	m	1756-0500-5-183-S1.m
PMC3444342	m	1756-0500-5-183-S2.m
PMC10495967	r	peerj-cs-09-1522-s001.r
PMC10495967	r	peerj-cs-09-1522-s002.r
PMC10496007	py	peerj-cs-09-1529-s001.py
PMC10496007	py	peerj-cs-09-1529-s002.py
PMC10496007	py	peerj-cs-09-1529-s003.py
PMC10496007	py	peerj-cs-09-1529-s004.py
PMC10496007	py	peerj-cs-09-1529-s005.py
PMC10496007	py	peerj-cs-09-1529-s006.py
PMC10503499	r	peerj-11-15907-s001.r
PMC3446303	r	gb-2012-13-4-r29-S2.R
PMC3446303	r	gb-2012-13-4-r29-S3.R
PMC3447728	m	1752-0509-6-94-S3.m
PMC10557209	r	40337_2023_897_MOESM2_ESM.r
PMC3458010	r	pone.0045140.s010.r
PMC10557941	r	peerj-11-16122-s005.r
PMC10559884	r	peerj-11-16163-s003.r
PMC3458964	ph	1471-2148-12-147-S12.ph
PMC10570307	tex	41526_2023_328_MOESM2_ESM.tex
PMC3460736	r	1471-2164-13-160-S7.r
PMC3460736	r	1471-2164-13-160-S8.r
PMC3460736	r	1471-2164-13-160-S9.r
PMC3460908	mat	pone.0046497.s001.mat
PMC10622436	do	41598_2023_45625_MOESM1_ESM.do
PMC3464589	tab	1471-2164-13-214-S3.tab
PMC3464589	tab	1471-2164-13-214-S4.tab
PMC3465316	r	pone.0045174.s001.r
PMC3465316	r	pone.0045174.s002.r
PMC3465316	r	pone.0045174.s003.r
PMC3465316	r	pone.0045174.s004.r
PMC3465316	r	pone.0045174.s005.r
PMC3468381	py	1471-2105-13-209-S1.py
PMC3468381	py	1471-2105-13-209-S2.py
PMC10689553	r	11306_2023_2065_MOESM2_ESM.r
PMC10693136	do	12889_2023_16778_MOESM2_ESM.do
PMC3471479	r	1471-2105-12-488-S1.R
PMC10632261	r	40635_2023_559_MOESM2_ESM.r
PMC3472297	r	1471-2105-13-192-S1.r
PMC3472297	r	1471-2105-13-192-S7.r
PMC10702991	ipynb	peerj-cs-09-1655-s001.ipynb
PMC10703061	py	peerj-cs-09-1681-s001.py
PMC3477026	m	1752-0509-6-73-S5.m
PMC3477026	m	1752-0509-6-73-S6.m
PMC3477026	m	1752-0509-6-73-S7.m
PMC3477026	m	1752-0509-6-73-S8.m
PMC10715004	svg	spectrum.00096-23-s0001.svg
PMC10723725	cpp	pone.0295954.s006.cpp
PMC10723725	h	pone.0295954.s007.h
PMC10723725	cpp	pone.0295954.s008.cpp
PMC10723725	h	pone.0295954.s009.h
PMC10723725	cpp	pone.0295954.s010.cpp
PMC10723725	h	pone.0295954.s011.h
PMC10723725	cpp	pone.0295954.s012.cpp
PMC10723725	h	pone.0295954.s013.h
PMC10723725	h	pone.0295954.s014.h
PMC10723725	cpp	pone.0295954.s015.cpp
PMC10723725	h	pone.0295954.s016.h
PMC10723725	cpp	pone.0295954.s017.cpp
PMC10723725	cpp	pone.0295954.s018.cpp
PMC10723725	h	pone.0295954.s019.h
PMC10723725	cpp	pone.0295954.s020.cpp
PMC10723725	h	pone.0295954.s021.h
PMC10745219	do	pone.0292870.s005.do
PMC3483224	tex	pone.0045414.s009.tex
PMC3483224	tex	pone.0045414.s010.tex
PMC3483236	r	1752-0509-6-61-S2.r
PMC10775972	c	pcbi.1011738.s004.c
PMC3488246	ps	supp_gks807_nar-01717-d-2012-File004.ps
PMC3489791	tex	pone.0048124.s002.tex
PMC3491415	r	gb-2012-13-10-r87-S4.r
PMC3492490	m	pone.0048660.s008.m
PMC3492490	m	pone.0048660.s009.m
PMC3492490	m	pone.0048660.s010.m
PMC3492490	m	pone.0048660.s011.m
PMC3492490	m	pone.0048660.s012.m
PMC3492862	pl	elife00011s005.pl
PMC3493552	r	pone.0048333.s003.r
PMC3495655	py	1758-2946-4-22-S1.py
PMC10837149	py	41598_2023_50556_MOESM6_ESM.py
PMC10837149	r	41598_2023_50556_MOESM8_ESM.r
PMC3498344	r	pone.0049187.s003.r
PMC10866484	do	pone.0298455.s002.do
PMC10869097	r	medi-103-e35828-s002.r
PMC3505161	r	1471-2164-13-304-S2.r
PMC3505161	r	1471-2164-13-304-S3.r
PMC10866705	nb	41567_2023_2302_MOESM13_ESM.nb
PMC3510158	r	pone.0045973.s001.R
PMC3510252	ps	ppat.1003008.s005.ps
PMC10881016	mat	pgph.0002766.s014.mat
PMC3511189	ps	1471-2229-12-56-S1.ps
PMC3511189	ps	1471-2229-12-56-S2.ps
PMC3511189	ps	1471-2229-12-56-S3.ps
PMC3511189	ps	1471-2229-12-56-S4.ps
PMC3511189	ps	1471-2229-12-56-S5.ps
PMC3511189	ps	1471-2229-12-56-S6.ps
PMC10890781	ss	pone.0298174.s004.ss
PMC10890781	ss	pone.0298174.s005.ss
PMC10890781	ss	pone.0298174.s006.ss
PMC10896506	py	pbio.3002488.s039.py
PMC10896506	py	pbio.3002488.s040.py
PMC10896506	py	pbio.3002488.s041.py
PMC10907953	kml	bdj-12-e118034-s001.kml
PMC10907953	kml	bdj-12-e118034-s002.kml
PMC3516144	tex	supp_bts574_suppl_materials.tex
PMC10909230	py	peerj-cs-10-1850-s001.py
PMC3518168	ss	1471-2148-12-113-S1.ss
PMC3519457	ps	supp_bts613_SupplFigure1.ps
PMC3519457	ps	supp_bts613_SupplFigure2.ps
PMC3519457	ps	supp_bts613_SupplFigure3.ps
PMC3521204	pl	1471-2164-13-430-S1.pl
PMC3521204	pl	1471-2164-13-430-S3.pl
PMC3521210	py	1471-2164-13-S7-S3-S11.py
PMC3521210	py	1471-2164-13-S7-S3-S12.py
PMC3521210	py	1471-2164-13-S7-S3-S13.py
PMC3521210	py	1471-2164-13-S7-S3-S14.py
PMC3521716	mat	pone.0051831.s004.mat
PMC10942057	sps	pone.0299599.s004.sps
PMC3522603	r	pone.0051942.s003.R
PMC3522617	r	pone.0051862.s001.R
PMC10959383	r	pone.0299306.s004.r
PMC3526407	m	1748-7188-7-29-S2.m
PMC3527500	r	pone.0052468.s001.r
PMC3527500	r	pone.0052468.s002.r
PMC3527500	r	pone.0052468.s003.r
PMC3528420	tex	1472-6939-13-10-S1.tex
PMC3528712	pl	pone.0052038.s005.pl
PMC10977088	r	peerj-12-17109-s004.r
PMC10977088	py	peerj-12-17109-s006.py
PMC3530594	kml	pone.0052109.s001.kml
PMC9972131	sty	sj-sty-8-epm-10.1177_00131644221104220.sty
PMC9972131	tex	sj-tex-1-epm-10.1177_00131644221104220.tex
PMC9972131	tex	sj-tex-2-epm-10.1177_00131644221104220.tex
PMC9972131	tex	sj-tex-3-epm-10.1177_00131644221104220.tex
PMC9972131	tex	sj-tex-4-epm-10.1177_00131644221104220.tex
PMC9972131	tex	sj-tex-5-epm-10.1177_00131644221104220.tex
PMC9972131	tex	sj-tex-6-epm-10.1177_00131644221104220.tex
PMC9972131	tex	sj-tex-7-epm-10.1177_00131644221104220.tex
PMC3530910	tex	supp_bts636_Supplementary_after_critiques_2.tex
PMC10891068	svg	41398_2024_2811_MOESM2_ESM.svg
PMC10891068	svg	41398_2024_2811_MOESM3_ESM.svg
PMC3532230	r	1756-0500-5-596-S1.r
PMC3532238	m	1752-0509-6-113-S2.m
PMC3532238	m	1752-0509-6-113-S3.m
PMC3532238	m	1752-0509-6-113-S5.m
PMC3532238	m	1752-0509-6-113-S6.m
PMC7494123	rmd	pone.0239026.s002.Rmd
PMC3534338	r	1471-2164-13-524-S4.r
PMC3534338	java	1471-2164-13-524-S5.java
PMC3534338	r	1471-2164-13-524-S6.r
PMC3534338	r	1471-2164-13-524-S7.r
PMC3534338	r	1471-2164-13-524-S8.r
PMC3534375	kml	ppat.1003081.s003.kml
PMC3534586	pl	1745-6150-7-35-S1.pl
PMC3534650	r	pone.0053544.s009.r
PMC7615314	sh	12560_2023_9569_MOESM3_ESM.sh
PMC3537543	r	1471-2288-12-79-S1.r
PMC7937250	py	13321_2021_499_MOESM5_ESM.py
PMC7937250	py	13321_2021_499_MOESM6_ESM.py
PMC3538778	r	pone.0053362.s002.r
PMC3542083	m	pcbi.1002849.s004.M
PMC3542193	r	1471-2105-13-270-S1.r
PMC3542259	r	1471-2105-13-147-S1.r
PMC8238175	ado	pone.0253341.s001.ado
PMC8238215	r	pone.0253264.s001.R
PMC8238215	r	pone.0253264.s002.R
PMC8295965	do	sj-do-2-mdm-10.1177_0272989X211003880.do
PMC8295965	do	sj-do-3-mdm-10.1177_0272989X211003880.do
PMC8295965	do	sj-do-4-mdm-10.1177_0272989X211003880.do
PMC8295965	r	sj-R-5-mdm-10.1177_0272989X211003880.R
PMC8518484	nlogo	COBI-35-1519-s001.nlogo
PMC3546395	r	sim0031-3821-SD1.R
PMC3546395	r	sim0031-3821-SD2.R
PMC3546395	r	sim0031-3821-SD3.R
PMC3546395	r	sim0031-3821-SD4.R
PMC3546395	r	sim0031-3821-SD5.R
PMC3546395	r	sim0031-3821-SD6.R
PMC3546395	r	sim0031-3821-SD7.R
PMC3546395	r	sim0031-3821-SD8.R
PMC3547067	kml	pone.0053763.s001.kml
PMC3548315	ps	supp_mss221_FigureS1.ps
PMC8705180	json	12915_2021_1191_MOESM22_ESM.json
PMC8705180	json	12915_2021_1191_MOESM23_ESM.json
PMC8705180	json	12915_2021_1191_MOESM7_ESM.json
PMC8705180	json	12915_2021_1191_MOESM8_ESM.json
PMC3549292	nlogo	1471-244X-13-19-S2.nlogo
PMC3549292	do	1471-244X-13-19-S5.do
PMC3551852	py	pone.0054526.s005.py
PMC3551948	r	pone.0053930.s003.r
PMC8805507	ipynb	12859_2022_4575_MOESM1_ESM.ipynb
PMC3552619	m	elife00230s004.m
PMC3552619	m	elife00230s005.m
PMC3552619	m	elife00230s006.m
PMC3552619	m	elife00230s007.m
PMC8890667	aux	pone.0260874.s002.aux
PMC3554595	r	1471-2288-12-137-S2.r
PMC3554605	r	1471-2105-14-16-S1.r
PMC3557264	r	pone.0055009.s002.r
PMC9071158	nb	pcbi.1010060.s001.nb
PMC9071158	nb	pcbi.1010060.s002.nb
PMC9074880	rmd	peerj-10-13066-s002.rmd
PMC9123669	rmd	13063_2022_6366_MOESM1_ESM.rmd
PMC3560262	kml	1471-2148-12-228-S7.kml
PMC3560262	kml	1471-2148-12-228-S8.kml
PMC3560262	kml	1471-2148-12-228-S9.kml
PMC9302761	r	pone.0271094.s002.R
PMC3562004	pl	supp_gks1128_nar-00698-met-k-2012-File012.pl
PMC3562220	r	1471-2105-14-15-S7.r
PMC9339215	r	peerj-10-13765-s006.r
PMC3563573	r	1471-2105-13-222-S1.r
PMC3563573	r	1471-2105-13-222-S2.r
PMC3563573	r	1471-2105-13-222-S3.r
PMC3563654	m	pone.0054904.s001.m
PMC3567963	ps	1471-2148-12-227-S3.ps
PMC3568420	r	1471-2105-13-335-S1.R
PMC3572438	m	1752-0509-6-150-S1.m
PMC3574035	cps	1752-0509-6-130-S1.cps
PMC3575274	pl	1471-2156-13-105-S2.pl
PMC9681741	ipynb	41598_2022_24476_MOESM1_ESM.ipynb
PMC3577910	r	pone.0056413.s001.r
PMC3577915	r	pone.0056487.s007.r
PMC9719178	svg	12864_2022_9000_MOESM6_ESM.svg
PMC3583092	tex	bit0107-0382-sd1.tex
PMC3583455	r	supp_3.3.481_FileS1.R
PMC3583455	r	supp_3.3.481_FileS2.R
PMC3584043	nlogo	pone.0057612.s003.nlogo
PMC9748843	m	peerj-cs-08-1160-s001.m
PMC9748843	m	peerj-cs-08-1160-s002.m
PMC3585121	pl	pgen.1003323.s011.pl
PMC3585397	r	pcbi.1002900.s001.r
PMC3591379	sas	pone.0058777.s001.sas
PMC3592410	pl	supp_gks811_nar-01253-met-f-2012-File004.pl
PMC9847987	r	pone.0280134.s002.R
PMC9848477	kml	bdj-10-e89437-s001.kml
PMC3598851	pl	pone.0058537.s001.pl
PMC3599767	pl	1471-2105-14-76-S1.pl
PMC3600855	pl	pone.0058404.s002.pl
PMC3602052	sas	1471-2458-13-34-S1.sas
PMC3602052	sas	1471-2458-13-34-S2.sas
PMC9942996	tex	pone.0280158.s001.tex
PMC9942996	tex	pone.0280158.s006.tex
PMC3603958	tex	pone.0054308.s001.tex
PMC3605163	r	1751-0473-8-2-S2.r
PMC3605163	r	1751-0473-8-2-S3.r
PMC3605163	py	1751-0473-8-2-S4.py
PMC3607969	xsd	1471-2105-13-269-S1.xsd
PMC3607969	xsd	1471-2105-13-269-S2.xsd
PMC3608073	m	2046-1682-6-3-S1.m
PMC3608073	m	2046-1682-6-3-S2.m
PMC3608073	m	2046-1682-6-3-S3.m
PMC3608073	m	2046-1682-6-3-S4.m
PMC3608557	java	pone.0059691.s010.java
PMC3610154	gml	1752-0509-6-139-S3.gml
PMC3610154	gml	1752-0509-6-139-S4.gml
PMC3610154	gml	1752-0509-6-139-S5.gml
PMC10016675	mat	pone.0282188.s004.mat
PMC10016675	mat	pone.0282188.s005.mat
PMC10016675	mat	pone.0282188.s006.mat
PMC10016675	mat	pone.0282188.s007.mat
PMC10022367	do	pgph.0000949.s001.do
PMC3616706	py	supp_gks1467_nar-01711-met-k-2012-File006.py
PMC3617177	r	pone.0060188.s001.r
PMC3617593	tex	148_2012_441_MOESM2_ESM.tex
PMC10039650	ipynb	peerj-11-14939-s001.ipynb
PMC3618250	ps	1471-2407-13-154-S1.ps
PMC3618250	ps	1471-2407-13-154-S2.ps
PMC3618250	ps	1471-2407-13-154-S3.ps
PMC3618250	ps	1471-2407-13-154-S4.ps
PMC3624802	ps	supp_btt077_supplement.ps
PMC10082131	r	122_2023_4305_MOESM2_ESM.r
PMC3627621	ps	1748-717X-8-77-S1.ps
PMC3627621	ps	1748-717X-8-77-S2.ps
PMC3627901	r	1471-2105-13-325-S2.r
PMC10095959	tex	S2632882822000236sup001.tex
PMC3628156	sparql	resprot_v2i1e14_app4.sparql
PMC3628156	sparql	resprot_v2i1e14_app5.sparql
PMC10099664	r	ELE-26-124-s002.R
PMC10107155	java	GTC-28-129-s001.java
PMC3631148	m	pone.0062084.s001.M
PMC3631148	m	pone.0062084.s002.M
PMC3631432	ps	NIHMS444212-supplement-1.ps
PMC10130539	r	sj-R-2-smm-10.1177_09622802221129051.R
PMC3636077	svg	pone.0062510.s003.svg
PMC10163772	do	12966_2023_1460_MOESM2_ESM.do
PMC10163772	sps	12966_2023_1460_MOESM4_ESM.sps
PMC3639999	kml	pone.0063070.s002.kml
PMC3639999	kml	pone.0063070.s003.kml
PMC3641864	ps	supp_cis1203_cis1203supp_fig1.ps
PMC3641864	ps	supp_cis1203_cis1203supp_fig2.ps
PMC3642015	ps	1475-2875-12-139-S2.ps
PMC3642015	ps	1475-2875-12-139-S3.ps
PMC10192834	r	mmc5.r
PMC10205846	svg	15010_2022_1921_MOESM1_ESM.svg
PMC3646727	svg	pbio.1001555.s008.svg
PMC3646828	f	pone.0061122.s003.f
PMC3647830	ps	e-69-0o629-Isup3.ps
PMC10255932	r	pdig.0000271.s003.R
PMC10262932	r	40163_2023_190_MOESM1_ESM.r
PMC3654983	pl	1471-2164-14-316-S15.pl
PMC3654997	r	1751-0473-8-1-S1.R
PMC3654997	r	1751-0473-8-1-S3.R
PMC10269578	r	peerj-11-15456-s007.r
PMC3656105	mat	pcbi.1003070.s001.mat
PMC3656860	tex	pone.0062967.s001.tex
PMC3656860	tex	pone.0062967.s002.tex
PMC10280402	py	peerj-cs-09-1233-s001.py
PMC10280402	py	peerj-cs-09-1233-s002.py
PMC10280402	py	peerj-cs-09-1233-s003.py
PMC10280412	py	peerj-cs-09-1366-s001.py
PMC10280412	py	peerj-cs-09-1366-s002.py
PMC10280412	py	peerj-cs-09-1366-s003.py
PMC10280612	py	peerj-cs-09-1381-s002.py
PMC10280622	m	peerj-cs-09-1218-s001.m
PMC10280622	m	peerj-cs-09-1218-s002.m
PMC10280622	m	peerj-cs-09-1218-s003.m
PMC10280622	ipynb	peerj-cs-09-1218-s004.ipynb
PMC10280622	ipynb	peerj-cs-09-1218-s005.ipynb
PMC10280622	ipynb	peerj-cs-09-1218-s006.ipynb
PMC10280685	r	peerj-cs-09-1232-s001.r
PMC10281630	ipynb	peerj-cs-08-1174-s001.ipynb
PMC10298763	r	pntd.0011415.s001.R
PMC3660198	ps	1471-2164-14-235-S9.ps
PMC10306213	rmd	pone.0287677.s002.Rmd
PMC3661733	tex	pone.0062956.s001.tex
PMC10318834	do	12955_2023_2151_MOESM1_ESM.do
PMC10328910	ps	41598_2023_38097_MOESM2_ESM.ps
PMC10335657	py	pbio.3002164.s029.py
PMC10335967	r	248_2022_2115_MOESM2_ESM.r
PMC10335967	r	248_2022_2115_MOESM3_ESM.r
PMC3665663	lisp	1471-2105-14-112-S2.lisp
PMC3667814	r	pone.0063780.s001.r
PMC3668293	py	1752-0509-7-41-S8.py
PMC3668293	py	1752-0509-7-41-S9.py
PMC3669525	ps	supp_cit167_cit167supp_fig2.ps
PMC3669525	ps	supp_cit167_cit167supp_fig3.ps
PMC3669525	ps	supp_cit167_cit167supp_fig4.ps
PMC3670859	m	pone.0065146.s002.m
PMC3670872	r	pone.0063509.s001.r
PMC3670877	mcr	pone.0065307.s011.mcr
PMC3670877	mcr	pone.0065307.s012.mcr
PMC3672156	tex	pone.0063801.s001.tex
PMC3672156	tex	pone.0063801.s002.tex
PMC3672156	tex	pone.0063801.s003.tex
PMC3673223	ps	supp_btt201_copyno_SI.ps
PMC3673636	ps	supp_evt056_Figure_S1.ps
PMC3673897	ps	1471-2164-14-66-S1.ps
PMC3673897	ps	1471-2164-14-66-S10.ps
PMC3673897	ps	1471-2164-14-66-S12.ps
PMC3673897	ps	1471-2164-14-66-S4.ps
PMC3673897	ps	1471-2164-14-66-S5.ps
PMC3673923	r	pone.0066245.s005.r
PMC10401528	r	JCSM-14-1753-s002.R
PMC10403161	ipynb	peerj-cs-09-1483-s001.ipynb
PMC10404031	r	peerj-11-15799-s006.r
PMC3680055	r	1471-2164-14-266-S10.r
PMC3680055	sh	1471-2164-14-266-S7.sh
PMC3680055	py	1471-2164-14-266-S8.py
PMC3680055	r	1471-2164-14-266-S9.r
PMC10434102	svg	peerj-11-15843-s005.svg
PMC3682893	r	1471-2180-13-25-S4.r
PMC3683336	r	1471-2105-14-179-S1.R
PMC3683336	r	1471-2105-14-179-S2.R
PMC9928064	cpp	pone.0264098.s001.cpp
PMC3688764	m	pone.0066463.s001.m
PMC9651051	ipynb	peerj-10-14361-s002.ipynb
PMC9756877	r	peerj-10-14551-s001.r
PMC9756877	r	peerj-10-14551-s002.r
PMC10195654	py	12652_2023_4635_MOESM5_ESM.py
PMC10195654	py	12652_2023_4635_MOESM6_ESM.py
PMC10195654	py	12652_2023_4635_MOESM8_ESM.py
PMC3694126	r	pone.0065782.s001.r
PMC10319264	m	peerj-cs-09-1412-s001.m
PMC10319264	m	peerj-cs-09-1412-s002.m
PMC10319264	m	peerj-cs-09-1412-s003.m
PMC10319264	m	peerj-cs-09-1412-s004.m
PMC10319264	m	peerj-cs-09-1412-s005.m
PMC10319264	m	peerj-cs-09-1412-s006.m
PMC3695811	r	1471-2105-14-195-S3.R
PMC10363930	r	sj-R-1-smm-10.1177_09622802231151218.R
PMC3699599	tex	pone.0067310.s002.tex
PMC3699599	tex	pone.0067310.s003.tex
PMC3699599	tex	pone.0067310.s004.tex
PMC3699599	tex	pone.0067310.s005.tex
PMC3699599	tex	pone.0067310.s006.tex
PMC3699599	tex	pone.0067310.s007.tex
PMC3699629	raw	pone.0067704.s001.raw
PMC3699629	raw	pone.0067704.s002.raw
PMC3699629	raw	pone.0067704.s003.raw
PMC3699629	raw	pone.0067704.s004.raw
PMC3699629	raw	pone.0067704.s005.raw
PMC3699629	raw	pone.0067704.s006.raw
PMC3699629	raw	pone.0067704.s007.raw
PMC3701074	r	pone.0067576.s002.r
PMC3701074	r	pone.0067576.s003.r
PMC3704521	tex	pone.0067729.s005.tex
PMC3706250	py	1743-422X-10-223-S3.py
PMC3706403	kml	pone.0069218.s004.kml
PMC3706403	kml	pone.0069218.s005.kml
PMC3706900	r	gm406-S3.R
PMC3706900	r	gm406-S4.R
PMC3706900	r	gm406-S5.R
PMC3706990	r	gm433-S6.R
PMC3711797	m	1752-0509-7-59-S2.m
PMC3711797	m	1752-0509-7-59-S3.m
PMC3712478	r	gtc0018-0502-SD11.R
PMC3714239	mat	pone.0069004.s010.mat
PMC3715582	r	pone.0066714.s009.r
PMC10620698	bib	bdj-11-e113079-s001.bib
PMC10622421	r	41598_2023_44480_MOESM4_ESM.r
PMC10637246	r	peerj-11-16330-s006.r
PMC10640843	r	peerj-11-16133-s001.r
PMC10642029	r	40168_2023_1694_MOESM2_ESM.r
PMC10642219	r	sj-R-2-sjp-10.1177_14034948221110019.R
PMC3722522	pl	supp_btt332_the_Perl_Script_of_DMEAS.pl
PMC3723803	r	pone.0069172.s003.r
PMC3724711	pl	1471-2105-14-229-S5.pl
PMC3724776	nb	pone.0071606.s002.nb
PMC3726070	r	1471-2288-13-87-S2.r
PMC10664926	ini	pone.0277150.s007.ini
PMC10668378	rmd	12967_2023_4436_MOESM3_ESM.rmd
PMC10668378	rmd	12967_2023_4436_MOESM4_ESM.rmd
PMC10668378	rmd	12967_2023_4436_MOESM5_ESM.rmd
PMC10668378	rmd	12967_2023_4436_MOESM6_ESM.rmd
PMC10668378	rmd	12967_2023_4436_MOESM7_ESM.rmd
PMC10668378	rmd	12967_2023_4436_MOESM8_ESM.rmd
PMC3729201	ps	supp_bhs211_bhs211suppl_fig1.ps
PMC3729201	ps	supp_bhs211_bhs211suppl_fig2.ps
PMC3729201	ps	supp_bhs211_bhs211suppl_fig3.ps
PMC3730353	ps	supp_evt102_TableS1.ps
PMC10681198	r	pone.0294671.s005.R
PMC3732086	r	1750-0680-7-12-S2.r
PMC10688674	r	pone.0295066.s001.R
PMC10688674	sas	pone.0295066.s002.sas
PMC10688674	r	pone.0295066.s006.R
PMC10688674	r	pone.0295066.s007.R
PMC10688674	r	pone.0295066.s008.R
PMC10688674	sas	pone.0295066.s009.sas
PMC10688674	sas	pone.0295066.s010.sas
PMC10688674	sas	pone.0295066.s011.sas
PMC3733900	m	1752-0509-7-65-S5.M
PMC3733900	m	1752-0509-7-65-S6.M
PMC3733900	m	1752-0509-7-65-S7.M
PMC3733900	m	1752-0509-7-65-S8.M
PMC10635560	json	pone.0293917.s003.json
PMC3733997	ps	NIHMS495820-supplement-2.ps
PMC3733997	ps	NIHMS495820-supplement-3.ps
PMC3733997	ps	NIHMS495820-supplement-5.ps
PMC3733997	ps	NIHMS495820-supplement-6.ps
PMC10638918	ipynb	peerj-11-16362-s002.ipynb
PMC3737563	pl	supp_gkt523_nar-00920-f-2013-File012.pl
PMC3738164	ps	supp_dst017_dst017supp_fig1.ps
PMC3738164	ps	supp_dst017_dst017supp_fig2A.ps
PMC3738164	ps	supp_dst017_dst017supp_fig2B.ps
PMC3738164	ps	supp_dst017_dst017supp_fig2C.ps
PMC3738519	mat	pone.0071608.s001.mat
PMC10662723	r	pntd.0011730.s005.R
PMC3739857	m	supp_bat059_compareModels.m
PMC3739857	m	supp_bat059_testYeast.m
PMC10687081	r	41597_2023_2724_MOESM1_ESM.r
PMC10687081	r	41597_2023_2724_MOESM2_ESM.r
PMC3741313	r	pone.0070485.s002.r
PMC10696798	r	12915_2023_1777_MOESM11_ESM.r
PMC10703057	py	peerj-cs-09-1573-s002.py
PMC10703057	py	peerj-cs-09-1573-s003.py
PMC3747860	diff	1471-2164-14-331-S10.diff
PMC3747860	diff	1471-2164-14-331-S5.diff
PMC10725175	r	peerj-11-16609-s001.r
PMC10725175	r	peerj-11-16609-s002.r
PMC10726287	tex	enu-eN-NWR-0237-23-s03.tex
PMC3749006	ps	supp_jit267_jit267supp_fig1.ps
PMC3749006	ps	supp_jit267_jit267supp_fig2.ps
PMC3749006	ps	supp_jit267_jit267supp_fig3.ps
PMC10729975	py	pone.0295790.s001.py
PMC10729975	py	pone.0295790.s002.py
PMC3749218	tex	pone.0070256.s002.tex
PMC10733415	pkl	41598_2023_49869_MOESM2_ESM.pkl
PMC10735178	py	pbio.3002432.s013.py
PMC3750413	pl	1471-2229-13-111-S10.pl
PMC3750413	pl	1471-2229-13-111-S6.pl
PMC3750413	pl	1471-2229-13-111-S7.pl
PMC3750413	pl	1471-2229-13-111-S8.pl
PMC10745166	m	pone.0295941.s003.m
PMC10745166	mat	pone.0295941.s010.mat
PMC3751675	r	1475-2875-12-278-S2.r
PMC3751929	pl	1471-2164-14-430-S10.pl
PMC3755326	ps	supp_mdt183_mdt183supp_fig1.ps
PMC3755326	ps	supp_mdt183_mdt183supp_fig2.ps
PMC3755331	ps	supp_mdt205_mdt205supp_fig1.ps
PMC3755331	ps	supp_mdt205_mdt205supp_fig2.ps
PMC3757048	kml	ppat.1003570.s011.kml
PMC10770232	r	10071_2023_1830_MOESM5_ESM.r
PMC10773760	ipynb	peerj-cs-09-1714-s002.ipynb
PMC10773856	m	peerj-cs-09-1709-s002.m
PMC3759455	m	pone.0073357.s002.m
PMC3759455	m	pone.0073357.s003.m
PMC10786865	r	41598_2024_51604_MOESM2_ESM.r
PMC10786865	r	41598_2024_51604_MOESM3_ESM.r
PMC3760912	r	pone.0073051.s001.r
PMC10793926	r	pone.0295172.s003.R
PMC10793926	r	pone.0295172.s006.R
PMC10793926	r	pone.0295172.s007.R
PMC3766252	sas	1472-6947-13-97-S1.sas
PMC3766252	sas	1472-6947-13-97-S2.sas
PMC10824879	py	726_2023_3374_MOESM4_ESM.py
PMC10832318	1	IID3-12-e1167-s001.1
PMC10832318	1	IID3-12-e1167-s002.1
PMC10836698	r	pone.0297033.s002.R
PMC10836698	r	pone.0297033.s003.R
PMC3771561	gp	1752-0509-6-57-S2.gp
PMC3771561	gp	1752-0509-6-57-S3.gp
PMC3771561	gp	1752-0509-6-57-S4.gp
PMC3771561	py	1752-0509-6-57-S5.py
PMC3771561	gp	1752-0509-6-57-S8.gp
PMC10848336	r	bdj-11-e96480-s002.r
PMC10852251	r	pone.0295171.s012.R
PMC10701959	svg	12870_2023_4598_MOESM4_ESM.svg
PMC10702330	r	peerj-11-16608-s001.r
PMC10702716	cc	peerj-cs-09-1508-s001.cc
PMC10702716	h	peerj-cs-09-1508-s002.h
PMC10702716	tcl	peerj-cs-09-1508-s003.tcl
PMC3780998	do	supp_dyt092_ije-2012-10-0989-File004.do
PMC3780998	r	supp_dyt092_ije-2012-10-0989-File005.R
PMC3781641	ps	supp_ddt265_ddt265supp.ps
PMC3783176	ps	supp_gkt595_nar-03142-x-2012-File010.ps
PMC3783176	ps	supp_gkt595_nar-03142-x-2012-File011.ps
PMC3783176	ps	supp_gkt595_nar-03142-x-2012-File012.ps
PMC3783189	ps	supp_gkt628_nar-00879-met-k-2013-File016.ps
PMC10763465	r	12859_2023_5617_MOESM1_ESM.r
PMC3789553	tex	supp_btt459_document_supp.tex
PMC10832130	svg	13643_2023_2393_MOESM5_ESM.svg
PMC10845628	tex	12915_2024_1816_MOESM7_ESM.tex
PMC10845628	rmd	12915_2024_1816_MOESM8_ESM.rmd
PMC10845628	rmd	12915_2024_1816_MOESM9_ESM.rmd
PMC10848441	r	bdj-11-e99588-s006.r
PMC3792926	rdf	pone.0077090.s004.rdf
PMC3792926	c	pone.0077090.s005.c
PMC3792926	c	pone.0077090.s006.c
PMC3792956	m	pone.0076347.s001.m
PMC10860551	r	peerj-12-16873-s002.r
PMC10860551	r	peerj-12-16873-s003.r
PMC10860551	r	peerj-12-16873-s004.r
PMC10860551	r	peerj-12-16873-s005.r
PMC10861564	mat	42003_2024_5844_MOESM5_ESM.mat
PMC10861564	mat	42003_2024_5844_MOESM6_ESM.mat
PMC10861564	mat	42003_2024_5844_MOESM7_ESM.mat
PMC3794993	r	pone.0076374.s003.r
PMC3795057	mat	pone.0077264.s001.mat
PMC3795057	m	pone.0077264.s002.m
PMC3795057	m	pone.0077264.s003.m
PMC3795057	m	pone.0077264.s004.m
PMC3795057	m	pone.0077264.s005.m
PMC10871471	mat	pone.0297310.s001.mat
PMC10873360	jl	41467_2024_45638_MOESM4_ESM.jl
PMC3798465	pl	pone.0077943.s001.pl
PMC3798465	pl	pone.0077943.s002.pl
PMC3799618	cpp	pone.0077231.s001.cpp
PMC7340499	ipynb	elife-55173-code1.ipynb
PMC3804740	cp	pone.0078212.s007.cp
PMC3806828	py	pone.0078539.s007.py
PMC7497981	r	pone.0237846.s004.R
PMC3810373	nb	pone.0077650.s014.nb
PMC3810373	py	pone.0077650.s015.py
PMC3810373	py	pone.0077650.s016.py
PMC3810373	py	pone.0077650.s017.py
PMC3810373	py	pone.0077650.s018.py
PMC3810373	py	pone.0077650.s019.py
PMC3810375	r	pone.0076389.s005.r
PMC8046255	r	pone.0234219.s003.R
PMC8046255	mat	pone.0234219.s004.mat
PMC8046255	mat	pone.0234219.s005.mat
PMC8046255	mat	pone.0234219.s006.mat
PMC8046255	mat	pone.0234219.s007.mat
PMC8046255	mat	pone.0234219.s008.mat
PMC8046255	mat	pone.0234219.s009.mat
PMC8046255	mat	pone.0234219.s010.mat
PMC3813694	tex	pone.0077566.s001.tex
PMC3813694	tex	pone.0077566.s002.tex
PMC3813694	tex	pone.0077566.s003.tex
PMC3814205	ps	supp_evt147_Figure_S1_w155xh176mm_300ppi_Gray.ps
PMC3814205	ps	supp_evt147_Figure_S2_w85xh70mm_300ppi_Gray.ps
PMC8237337	java	peerj-cs-07-594-s001.java
PMC8237337	java	peerj-cs-07-594-s002.java
PMC8237337	java	peerj-cs-07-594-s003.java
PMC8237337	java	peerj-cs-07-594-s004.java
PMC8237337	java	peerj-cs-07-594-s005.java
PMC8237337	java	peerj-cs-07-594-s006.java
PMC8237337	java	peerj-cs-07-594-s007.java
PMC3817170	patch	pone.0078007.s002.patch
PMC3817170	patch	pone.0078007.s003.patch
PMC3817185	rdf	pone.0076093.s003.rdf
PMC3817185	owl	pone.0076093.s004.owl
PMC8428258	ipynb	peerj-09-11996-s006.ipynb
PMC3818481	tex	pone.0078613.s010.tex
PMC3818481	tex	pone.0078613.s013.tex
PMC8667724	rmd	peerj-09-12317-s002.rmd
PMC8668732	r	ECE3-11-17179-s005.R
PMC8800896	r	11136_2021_2922_MOESM1_ESM.r
PMC3823188	m	elife00960s002.m
PMC3823927	tex	pone.0078057.s001.tex
PMC3823927	tex	pone.0078057.s002.tex
PMC3823927	tex	pone.0078057.s003.tex
PMC3823927	tex	pone.0078057.s004.tex
PMC3823927	tex	pone.0078057.s005.tex
PMC3823927	tex	pone.0078057.s006.tex
PMC3828380	r	pone.0079285.s001.r
PMC9123887	r	peerj-10-13246-s001.r
PMC9123887	r	peerj-10-13246-s002.r
PMC9123887	r	peerj-10-13246-s004.r
PMC9123887	r	peerj-10-13246-s005.r
PMC9123887	r	peerj-10-13246-s006.r
PMC9123887	r	peerj-10-13246-s007.r
PMC9123887	r	peerj-10-13246-s008.r
PMC9123887	r	peerj-10-13246-s010.r
PMC9123887	r	peerj-10-13246-s012.r
PMC9123887	r	peerj-10-13246-s014.r
PMC9123887	r	peerj-10-13246-s016.r
PMC9123887	r	peerj-10-13246-s019.r
PMC9123887	r	peerj-10-13246-s022.r
PMC3834107	r	1752-0509-7-111-S2.r
PMC3834107	r	1752-0509-7-111-S3.r
PMC3835879	pl	pone.0079801.s002.pl
PMC3840559	r	1471-2288-13-143-S2.r
PMC3842264	cdf	pone.0081278.s002.cdf
PMC3842326	tab	pone.0081008.s001.tab
PMC3845640	ps	supp_evt159_Supp3_SNPs_inMobilePhageRegions.ps
PMC3845644	ps	supp_evt163_SuppFigure2.ps
PMC3845644	ps	supp_evt163_SuppFigure3.ps
PMC3845644	ps	supp_evt163_SuppFigure4.ps
PMC9680883	ipynb	peerj-cs-08-1147-s002.ipynb
PMC3848818	r	1752-0509-7-78-S1.r
PMC3849958	r	1471-2164-14-655-S1.r
PMC3849958	r	1471-2164-14-655-S2.r
PMC3851785	pl	pone.0080822.s003.pl
PMC3851785	pl	pone.0080822.s004.pl
PMC3851785	pl	pone.0080822.s006.pl
PMC3851785	pl	pone.0080822.s007.pl
PMC3851785	pl	pone.0080822.s008.pl
PMC3851785	pl	pone.0080822.s009.pl
PMC3851785	pl	pone.0080822.s010.pl
PMC3851785	pm	pone.0080822.s011.pm
PMC9744155	r	peerj-10-14446-s007.r
PMC9745104	r	ECE3-12-e9581-s001.r
PMC9745789	r	peerj-10-14393-s003.r
PMC9746216	svg	12866_2022_2719_MOESM2_ESM.svg
PMC9746216	svg	12866_2022_2719_MOESM3_ESM.svg
PMC3855810	cpp	pone.0081787.s002.cpp
PMC3857202	r	pone.0081415.s001.r
PMC3858260	tex	pone.0081800.s001.tex
PMC9813047	r	415_2022_11349_MOESM11_ESM.r
PMC9813047	r	415_2022_11349_MOESM12_ESM.r
PMC9813047	r	415_2022_11349_MOESM3_ESM.r
PMC9813047	r	415_2022_11349_MOESM6_ESM.r
PMC9813047	r	415_2022_11349_MOESM7_ESM.r
PMC9840852	r	peerj-11-14641-s001.r
PMC9844839	r	pone.0279643.s007.R
PMC9844839	r	pone.0279643.s008.R
PMC9844839	r	pone.0279643.s009.R
PMC9844859	r	pone.0280255.s002.R
PMC9847146	r	13058_2022_1595_MOESM1_ESM.r
PMC3867325	r	pone.0082241.s002.r
PMC3867358	m	pone.0082593.s010.m
PMC3867358	m	pone.0082593.s011.m
PMC3867358	m	pone.0082593.s012.m
PMC9911637	r	41598_2023_29381_MOESM7_ESM.r
PMC3867907	nb	ece30003-4722-SD2.nb
PMC9913038	r	41598_2023_28752_MOESM1_ESM.r
PMC3868169	m	brb30003-0637-SD10.m
PMC3868169	m	brb30003-0637-SD11.m
PMC3868169	m	brb30003-0637-SD12.m
PMC3868169	m	brb30003-0637-SD14.m
PMC3868169	mat	brb30003-0637-SD19.mat
PMC3868169	mat	brb30003-0637-SD20.mat
PMC3868169	m	brb30003-0637-SD21.m
PMC3868169	m	brb30003-0637-SD3.m
PMC3868169	mat	brb30003-0637-SD5.mat
PMC3868169	m	brb30003-0637-SD6.m
PMC3868169	m	brb30003-0637-SD7.m
PMC3869729	c	pone.0082799.s008.c
PMC3869729	c	pone.0082799.s009.c
PMC3869729	c	pone.0082799.s010.c
PMC3869729	c	pone.0082799.s011.c
PMC3869729	c	pone.0082799.s012.c
PMC3869729	h	pone.0082799.s013.h
PMC3869729	c	pone.0082799.s014.c
PMC9941273	r	10886_2022_1395_MOESM2_ESM.r
PMC3871579	m	pone.0084466.s005.m
PMC3871579	m	pone.0084466.s006.m
PMC3871579	m	pone.0084466.s007.m
PMC3871579	m	pone.0084466.s008.m
PMC3873918	m	pone.0082444.s003.m
PMC3875482	r	pone.0083763.s006.r
PMC9998268	r	41559_2022_1979_MOESM5_ESM.r
PMC3876723	sas	1756-0500-6-404-S2.sas
PMC10021521	do	pgph.0000218.s004.do
PMC10022813	nb	pone.0283242.s001.nb
PMC3880044	m	1471-2164-14-910-S7.m
PMC10033918	do	43856_2023_267_MOESM5_ESM.do
PMC10033918	do	43856_2023_267_MOESM6_ESM.do
PMC3882328	r	1476-072X-12-60-S1.r
PMC3884399	ps	e-69-o1376-Isup3.ps
PMC10061871	r	13148_2023_1468_MOESM4_ESM.r
PMC3888415	m	pone.0084491.s006.m
PMC3888415	m	pone.0084491.s007.m
PMC3888415	m	pone.0084491.s008.m
PMC3888466	kml	pntd.0002636.s001.kml
PMC10079083	r	pone.0284079.s003.R
PMC10079113	tex	pone.0283923.s001.tex
PMC10079113	tex	pone.0283923.s002.tex
PMC3892331	r	ece30003-5225-SD1.r
PMC10105560	r	peerj-11-15151-s001.r
PMC10105560	r	peerj-11-15151-s002.r
PMC3894889	cdf	ece30004-0067-SD2.cdf
PMC10119896	sps	sj-sps-5-hpq-10.1177_13591053221124748.sps
PMC3894961	r	pone.0084896.s001.r
PMC3898241	nb	1471-2202-15-16-S1.nb
PMC3898241	nb	1471-2202-15-16-S2.nb
PMC3899032	m	1472-6947-14-6-S10.m
PMC3899032	m	1472-6947-14-6-S2.m
PMC3899032	m	1472-6947-14-6-S3.m
PMC3899032	m	1472-6947-14-6-S5.m
PMC3899032	m	1472-6947-14-6-S6.m
PMC3899032	m	1472-6947-14-6-S8.m
PMC3899032	m	1472-6947-14-6-S9.m
PMC10154360	ps	BPA-33-e13118-s001.ps
PMC10154360	ps	BPA-33-e13118-s002.ps
PMC10154360	ps	BPA-33-e13118-s004.ps
PMC10154360	ps	BPA-33-e13118-s006.ps
PMC10162541	r	pone.0283343.s005.R
PMC3900685	r	pone.0086896.s005.r
PMC3900685	r	pone.0086896.s006.r
PMC10166649	r	ECE3-13-e10059-s001.R
PMC3901677	c	pone.0086139.s003.c
PMC3901677	m	pone.0086139.s005.m
PMC10175781	r	pnas.2300463120.sd03.r
PMC3902916	ps	supp_gkt917_nar-02411-n-2013-File007.ps
PMC3902916	ps	supp_gkt917_nar-02411-n-2013-File008.ps
PMC3903368	ps	supp_jit419_jit419supp_fig2.ps
PMC3903369	ps	supp_jit465_jit465supp_fig1.ps
PMC3904536	pl	1471-2164-15-53-S1.PL
PMC3906118	r	pone.0087084.s004.r
PMC3906378	py	pone.0085777.s001.py
PMC3906378	py	pone.0085777.s002.py
PMC3906378	ipynb	pone.0085777.s003.ipynb
PMC10228818	py	pone.0286012.s001.py
PMC10228818	json	pone.0286012.s002.json
PMC10228818	json	pone.0286012.s003.json
PMC10228818	json	pone.0286012.s004.json
PMC10230597	rmd	sj-rmd-1-las-10.1177_00238309221107002.rmd
PMC10245344	r	41598_2023_36449_MOESM3_ESM.r
PMC10245344	r	41598_2023_36449_MOESM4_ESM.r
PMC3914624	nb	supp_113.158147_FileS3.nb
PMC3914972	r	pone.0088465.s005.r
PMC3914972	r	pone.0088465.s006.r
PMC3914972	r	pone.0088465.s007.r
PMC3914972	r	pone.0088465.s008.r
PMC3914972	r	pone.0088465.s009.r
PMC3914972	r	pone.0088465.s010.r
PMC3914972	r	pone.0088465.s011.r
PMC3914972	r	pone.0088465.s012.r
PMC10260977	r	41598_2023_36773_MOESM1_ESM.r
PMC3916328	tex	pone.0086268.s001.tex
PMC10280257	ipynb	peerj-cs-08-1129-s001.ipynb
PMC10280267	ipynb	peerj-cs-08-1168-s001.ipynb
PMC10280267	ipynb	peerj-cs-08-1168-s002.ipynb
PMC10280267	ipynb	peerj-cs-08-1168-s003.ipynb
PMC10280283	r	peerj-cs-09-1195-s001.r
PMC10280283	r	peerj-cs-09-1195-s002.r
PMC10280283	r	peerj-cs-09-1195-s003.r
PMC10280283	r	peerj-cs-09-1195-s004.r
PMC10280283	r	peerj-cs-09-1195-s005.r
PMC10280403	py	peerj-cs-09-1236-s001.py
PMC10280403	py	peerj-cs-09-1236-s003.py
PMC10280423	py	peerj-cs-09-1411-s002.py
PMC10280551	py	peerj-cs-09-1306-s001.py
PMC10280582	py	peerj-cs-09-1349-s001.py
PMC10280623	py	peerj-cs-09-1316-s001.py
PMC10280623	m	peerj-cs-09-1316-s002.m
PMC10280623	py	peerj-cs-09-1316-s005.py
PMC10289400	m	pone.0287464.s001.m
PMC3920635	tex	bit0111-0320-sd1.tex
PMC3923756	frt	pone.0087436.s001.frt
PMC3923756	frt	pone.0087436.s002.frt
PMC3923756	frt	pone.0087436.s003.frt
PMC3923756	frt	pone.0087436.s004.frt
PMC3923817	pl	pone.0088806.s006.pl
PMC3925083	py	pone.0085292.s001.py
PMC10336701	bib	sj-bib-2-mdm-10.1177_0272989X231162852.bib
PMC10336701	tex	sj-tex-3-mdm-10.1177_0272989X231162852.tex
PMC10336701	tex	sj-tex-4-mdm-10.1177_0272989X231162852.tex
PMC3929353	m	pone.0087357.s001.m
PMC3929353	m	pone.0087357.s002.m
PMC3929353	m	pone.0087357.s003.m
PMC3929353	m	pone.0087357.s004.m
PMC3930525	r	pone.0088364.s004.r
PMC10366230	ipynb	41598_2023_39079_MOESM4_ESM.ipynb
PMC3932456	svg	amiajnl-2013-001825-s1.svg
PMC3932456	svg	amiajnl-2013-001825-s2.svg
PMC3935411	svg	tpj0076-0530-sd16.svg
PMC3935411	svg	tpj0076-0530-sd17.svg
PMC10390476	r	41598_2023_39067_MOESM2_ESM.r
PMC3935846	tex	pone.0089131.s006.tex
PMC3935846	tex	pone.0089131.s007.tex
PMC3935846	tex	pone.0089131.s008.tex
PMC3935846	tex	pone.0089131.s009.tex
PMC3935846	tex	pone.0089131.s010.tex
PMC3936267	sps	jmir_v16i1e24_app6.sps
PMC10403182	py	peerj-cs-09-1422-s001.py
PMC10403182	py	peerj-cs-09-1422-s002.py
PMC10403182	py	peerj-cs-09-1422-s003.py
PMC10403182	py	peerj-cs-09-1422-s004.py
PMC10403182	py	peerj-cs-09-1422-s005.py
PMC10403182	py	peerj-cs-09-1422-s006.py
PMC10403182	py	peerj-cs-09-1422-s007.py
PMC10403182	py	peerj-cs-09-1422-s008.py
PMC10403182	py	peerj-cs-09-1422-s009.py
PMC10403182	py	peerj-cs-09-1422-s010.py
PMC10403182	py	peerj-cs-09-1422-s011.py
PMC10403182	py	peerj-cs-09-1422-s012.py
PMC3937096	ps	supp_E13-11-0634v1_mc-E13-11-0634-s03.ps
PMC3937096	ps	supp_E13-11-0634v1_mc-E13-11-0634-s05.ps
PMC3937096	ps	supp_E13-11-0634v1_mc-E13-11-0634-s06.ps
PMC3937096	ps	supp_E13-11-0634v1_mc-E13-11-0634-s07.ps
PMC3938139	sas	1471-2288-14-26-S1.sas
PMC3938139	sas	1471-2288-14-26-S7.sas
PMC10431055	m	PSP4-12-1047-s001.m
PMC10431055	mat	PSP4-12-1047-s002.mat
PMC10431055	m	PSP4-12-1047-s008.m
PMC10431055	m	PSP4-12-1047-s011.m
PMC10440272	json	10822_2023_522_MOESM1_ESM.json
PMC10440272	json	10822_2023_522_MOESM2_ESM.json
PMC10440272	json	10822_2023_522_MOESM3_ESM.json
PMC10440272	json	10822_2023_522_MOESM5_ESM.json
PMC3944024	r	pone.0090408.s001.r
PMC3944437	cp	elife01308s004.cp
PMC3945966	r	pone.0089832.s003.r
PMC3945966	r	pone.0089832.s004.r
PMC3945966	r	pone.0089832.s005.r
PMC3946424	py	pone.0089676.s002.py
PMC3948862	m	pone.0091350.s005.m
PMC3948862	m	pone.0091350.s006.m
PMC10474719	m	12929_2023_971_MOESM2_ESM.m
PMC10482301	svg	pntd.0011574.s001.svg
PMC10482301	svg	pntd.0011574.s002.svg
PMC3953514	r	pone.0091690.s013.r
PMC3953514	r	pone.0091690.s014.r
PMC10512936	r	peerj-11-16131-s002.r
PMC10522772	nb	41598_2023_43403_MOESM1_ESM.nb
PMC3962375	r	pone.0091840.s008.r
PMC10550152	r	pone.0290843.s003.R
PMC3962390	m	pone.0092221.s002.m
PMC3962446	mat	pone.0092584.s003.mat
PMC3962446	m	pone.0092584.s004.m
PMC3962484	py	supp_g3.113.009316_FileS1.py
PMC3965433	tex	pone.0092583.s001.tex
PMC10584089	do	pgph.0002457.s002.do
PMC10588692	r	peerj-cs-09-1518-s002.r
PMC9844866	r	pone.0279119.s003.R
PMC9909214	dot	TableS1.dot
PMC10078468	tex	COGS-47-0-s003.tex
PMC10124540	rmd	peerj-11-15188-s002.rmd
PMC3978261	kml	zookeys-390-001-s002.kml
PMC10237438	r	pone.0284822.s006.r
PMC10280498	v	peerj-cs-09-1300-s001.v
PMC10280498	v	peerj-cs-09-1300-s002.v
PMC10280579	py	peerj-cs-09-1351-s009.py
PMC10310025	svg	pcbi.1011232.s001.svg
PMC10310025	svg	pcbi.1011232.s002.svg
PMC10310025	svg	pcbi.1011232.s003.svg
PMC10310025	svg	pcbi.1011232.s004.svg
PMC10310025	svg	pcbi.1011232.s005.svg
PMC10310025	svg	pcbi.1011232.s006.svg
PMC10310025	svg	pcbi.1011232.s007.svg
PMC10310025	svg	pcbi.1011232.s008.svg
PMC10310025	svg	pcbi.1011232.s009.svg
PMC10310025	svg	pcbi.1011232.s010.svg
PMC10335663	scad	pone.0284256.s001.scad
PMC10335663	scad	pone.0284256.s003.scad
PMC10335663	scad	pone.0284256.s005.scad
PMC10335663	scad	pone.0284256.s007.scad
PMC10335663	scad	pone.0284256.s009.scad
PMC10335663	scad	pone.0284256.s011.scad
PMC10335663	scad	pone.0284256.s013.scad
PMC10335663	scad	pone.0284256.s015.scad
PMC3987104	r	1471-2105-15-88-S2.r
PMC3989769	kml	mmc1.kml
PMC3990548	r	pone.0094868.s005.r
PMC3994079	r	pone.0095711.s004.r
PMC10552744	r	peerj-11-16140-s004.r
PMC10553328	r	pone.0292341.s003.R
PMC10557513	py	peerj-cs-09-1553-s001.py
PMC10557513	py	peerj-cs-09-1553-s002.py
PMC10557513	py	peerj-cs-09-1553-s003.py
PMC10557513	py	peerj-cs-09-1553-s004.py
PMC10557513	py	peerj-cs-09-1553-s005.py
PMC10557513	py	peerj-cs-09-1553-s006.py
PMC10557513	py	peerj-cs-09-1553-s007.py
PMC10557513	py	peerj-cs-09-1553-s008.py
PMC3995693	pl	pone.0094920.s002.pl
PMC3998654	r	pone.0093485.s002.r
PMC3998654	svg	pone.0093485.s003.svg
PMC3998654	r	pone.0093485.s004.r
PMC10588715	ipynb	peerj-cs-09-1621-s001.ipynb
PMC10588715	py	peerj-cs-09-1621-s002.py
PMC10588715	py	peerj-cs-09-1621-s003.py
PMC10588715	py	peerj-cs-09-1621-s004.py
PMC3999199	r	pone.0096588.s001.r
PMC4003403	py	10822_2014_9720_MOESM3_ESM.py
PMC4005750	r	pone.0095857.s001.r
PMC4005750	r	pone.0095857.s002.r
PMC4008419	pl	pone.0095850.s003.pl
PMC10702976	ipynb	peerj-cs-09-1667-s001.ipynb
PMC10703010	ipynb	peerj-cs-09-1684-s001.ipynb
PMC10703020	py	peerj-cs-09-1647-s006.py
PMC10703064	py	peerj-cs-09-1649-s001.py
PMC10703064	py	peerj-cs-09-1649-s002.py
PMC4010295	kml	mmc1.kml
PMC10673897	svg	41598_2023_47930_MOESM1_ESM.svg
PMC4015389	tex	sim0032-3926-sd2.tex
PMC10699645	py	pcbi.1011645.s001.py
PMC10699645	py	pcbi.1011645.s002.py
PMC10699645	py	pcbi.1011645.s003.py
PMC10699645	py	pcbi.1011645.s004.py
PMC10699645	py	pcbi.1011645.s005.py
PMC10699645	ipynb	pcbi.1011645.s006.ipynb
PMC10699645	py	pcbi.1011645.s007.py
PMC10699645	py	pcbi.1011645.s008.py
PMC10699645	py	pcbi.1011645.s009.py
PMC10699645	py	pcbi.1011645.s010.py
PMC10699645	py	pcbi.1011645.s011.py
PMC10699645	py	pcbi.1011645.s012.py
PMC10702719	c	peerj-cs-09-1543-s002.c
PMC10702977	m	peerj-cs-09-1599-s001.m
PMC10703038	cpp	peerj-cs-09-1581-s002.cpp
PMC10703883	r	41598_2023_48990_MOESM10_ESM.r
PMC4017648	r	elife01381s002.R
PMC10716043	ipynb	41565_2023_1483_MOESM8_ESM.ipynb
PMC10716043	py	41565_2023_1483_MOESM9_ESM.py
PMC10769036	r	pone.0295411.s004.r
PMC10773692	r	peerj-cs-09-1748-s001.r
PMC10773829	ipynb	peerj-cs-09-1689-s001.ipynb
PMC10775981	yaml	pcbi.1011761.s001.yaml
PMC10775981	m	pcbi.1011761.s002.m
PMC10782956	do	peerj-12-16714-s001.do
PMC10782964	svg	spectrum.01964-23-s0003.svg
PMC10782964	svg	spectrum.01964-23-s0004.svg
PMC10785550	svg	13059_2023_3159_MOESM8_ESM.svg
PMC10803011	py	peerj-cs-10-1777-s002.py
PMC10803011	py	peerj-cs-10-1777-s003.py
PMC10803011	py	peerj-cs-10-1777-s004.py
PMC10803088	m	peerj-cs-10-1760-s001.m
PMC10803360	rmd	41598_2024_51461_MOESM1_ESM.rmd
PMC10804186	r	EHF2-11-126-s002.R
PMC4030251	ino	biodiversity_data_journal-2-e1059-s001.ino
PMC4030251	h	biodiversity_data_journal-2-e1059-s002.h
PMC10829431	r	NIHMS1957779-supplement-EE_analysis_Github.r
PMC10829431	r	NIHMS1957779-supplement-EE_analysis_K_AIC_Github.r
PMC10838096	m	peerj-12-16821-s002.m
PMC4036727	ps	pone.0097268.s001.ps
PMC10838533	r	peerj-12-16860-s011.r
PMC10840497	r	peerj-12-16852-s001.r
PMC4037862	ps	supp_mdu133_mdu133supp_fig1.ps
PMC4038600	r	pone.0098536.s019.r
PMC10852277	mat	pone.0289129.s001.mat
PMC10852277	mat	pone.0289129.s002.mat
PMC10852277	mat	pone.0289129.s003.mat
PMC10852277	mat	pone.0289129.s004.mat
PMC10852277	mat	pone.0289129.s005.mat
PMC10739466	do	701_2023_5850_MOESM6_ESM.do
PMC10746543	r	41589_2023_1409_MOESM4_ESM.r
PMC4047827	kml	mmc2.kml
PMC4048038	nb	mmc1.nb
PMC10764921	gcode	41598_2023_49680_MOESM3_ESM.gcode
PMC10764921	svg	41598_2023_49680_MOESM6_ESM.svg
PMC10764921	md	41598_2023_49680_MOESM7_ESM.md
PMC4051349	ps	supp_ddt513_ddt513supp_fig1.ps
PMC4051349	ps	supp_ddt513_ddt513supp_fig2.ps
PMC4051349	ps	supp_ddt513_ddt513supp_fig5.ps
PMC4051893	ps	supp_bht030_bht030supp_fig1.ps
PMC4051893	ps	supp_bht030_bht030supp_fig2.ps
PMC4053333	m	pone.0098881.s001.m
PMC4053362	r	pone.0099565.s001.r
PMC4053374	dot	pone.0099234.s005.dot
PMC4055756	r	pone.0099329.s002.r
PMC4056373	m	gb-2012-13-12-r123-S1.M
PMC10896086	r	peerj-12-16958-s003.r
PMC10898777	rmd	pcbi.1011876.s002.Rmd
PMC10899575	r	41598_2024_55249_MOESM5_ESM.r
PMC10909175	py	peerj-cs-10-1780-s001.py
PMC10909348	r	peerj-12-17019-s002.r
PMC10909348	r	peerj-12-17019-s003.r
PMC10909364	r	peerj-12-17046-s007.r
PMC4061062	r	pone.0100088.s007.r
PMC10929702	m	LC-024-D3LC00752A-s001.m
PMC10929702	m	LC-024-D3LC00752A-s008.m
PMC10929702	m	LC-024-D3LC00752A-s009.m
PMC10931486	rmd	pgph.0001541.s001.Rmd
PMC4064311	r	gm534-S2.r
PMC7343161	r	pone.0235263.s016.R
PMC7343161	r	pone.0235263.s017.R
PMC7343161	r	pone.0235263.s018.R
PMC7343161	r	pone.0235263.s019.R
PMC7343161	r	pone.0235263.s020.R
PMC7441635	jl	12711_2020_570_MOESM4_ESM.jl
PMC4070021	m	elife-02009-supp1.m
PMC4070021	m	elife-02009-supp2.m
PMC4070021	m	elife-02009-supp3.m
PMC4070284	m	elife02798s004.m
PMC7939368	do	pone.0247609.s003.do
PMC8046215	m	pone.0249589.s003.m
PMC4074201	dot	pone.0101408.s008.dot
PMC8236233	r	peerj-09-11622-s021.r
PMC8236233	r	peerj-09-11622-s023.r
PMC8520686	do	10198_2021_1390_MOESM3_ESM.do
PMC4079238	r	pone.0101054.s004.r
PMC8576561	m	peerj-cs-07-756-s001.m
PMC8576561	m	peerj-cs-07-756-s004.m
PMC8576561	m	peerj-cs-07-756-s006.m
PMC8576561	m	peerj-cs-07-756-s007.m
PMC4079557	r	pone.0101434.s001.r
PMC4082287	py	elife02565s001.py
PMC4082708	ps	mbo30003-0341-sd1.ps
PMC4082708	ps	mbo30003-0341-sd3.ps
PMC4082708	ps	mbo30003-0341-sd4.ps
PMC4082708	ps	mbo30003-0341-sd6.ps
PMC8802789	m	peerj-cs-08-845-s001.m
PMC8802789	m	peerj-cs-08-845-s002.m
PMC8857258	ts	41598_2022_6915_MOESM10_ESM.ts
PMC8857258	ts	41598_2022_6915_MOESM11_ESM.ts
PMC8857258	ts	41598_2022_6915_MOESM2_ESM.ts
PMC8857258	ts	41598_2022_6915_MOESM3_ESM.ts
PMC8857258	ts	41598_2022_6915_MOESM4_ESM.ts
PMC8857258	ts	41598_2022_6915_MOESM5_ESM.ts
PMC8857258	ts	41598_2022_6915_MOESM6_ESM.ts
PMC8857258	ts	41598_2022_6915_MOESM7_ESM.ts
PMC8857258	ts	41598_2022_6915_MOESM8_ESM.ts
PMC8857258	ts	41598_2022_6915_MOESM9_ESM.ts
PMC9070359	r	peerj-10-13359-s003.r
PMC9253447	mod	tcp-30-75-s004.mod
PMC9390902	m	pone.0269389.s004.m
PMC9390902	m	pone.0269389.s005.m
PMC4097990	tex	S0950268813002537sup003.tex
PMC9558620	sps	peerj-10-14091-s003.sps
PMC9558620	sps	peerj-10-14091-s004.sps
PMC4099369	r	pone.0102715.s003.r
PMC4100802	r	pone.0102316.s005.r
PMC4102424	pd	pgen.1004498.s012.pd
PMC4103772	r	pone.0100587.s011.r
PMC4103772	r	pone.0100587.s012.r
PMC4105540	ps	pone.0101199.s001.ps
PMC4105540	ps	pone.0101199.s002.ps
PMC4105540	ps	pone.0101199.s003.ps
PMC4106782	r	pone.0101757.s004.r
PMC4108329	m	pone.0102694.s001.m
PMC4108331	nb	pone.0102451.s001.nb
PMC4109948	r	pone.0102892.s002.r
PMC9718771	rmd	41598_2022_25094_MOESM1_ESM.rmd
PMC4111544	asp	pone.0103272.s003.asp
PMC4114560	ps	dme-31-540-s06.ps
PMC4114789	nlogo	pone.0103544.s002.nlogo
PMC4115658	pl	elife-03198-supp3.pl
PMC4116198	mat	pone.0103539.s001.mat
PMC9757570	do	pone.0279194.s001.do
PMC4118878	m	pone.0103445.s009.m
PMC4118999	r	pone.0103950.s005.r
PMC4118999	pl	pone.0103950.s006.pl
PMC9788079	mat	ROG-60-e2021RG000753-s005.mat
PMC9795990	r	BCP-88-5348-s002.R
PMC9795990	mod	BCP-88-5348-s003.mod
PMC4120419	mat	elife02812s001.mat
PMC4122366	tex	pone.0102713.s006.tex
PMC4123716	m	elife03043s001.m
PMC4125222	nlogo	pone.0104037.s005.nlogo
PMC9873164	m	pone.0280785.s002.m
PMC4126706	sce	pone.0104499.s007.sce
PMC9890792	sas	12877_2022_3701_MOESM2_ESM.sas
PMC9890792	r	12877_2022_3701_MOESM3_ESM.r
PMC4130450	r	ece30004-2945-SD1.R
PMC9928998	r	41669_2023_388_MOESM2_ESM.r
PMC9928998	r	41669_2023_388_MOESM3_ESM.r
PMC9928998	r	41669_2023_388_MOESM4_ESM.r
PMC4131837	ps	supp_dsu009_dsu009supp_fig1.ps
PMC4131837	ps	supp_dsu009_dsu009supp_fig2.ps
PMC4131837	ps	supp_dsu009_dsu009supp_fig3.ps
PMC9942958	sps	pone.0280445.s004.sps
PMC4136850	tex	pone.0104981.s001.tex
PMC4136850	tex	pone.0104981.s002.tex
PMC4136850	tex	pone.0104981.s003.tex
PMC4137999	r	pone.0099355.s001.r
PMC4138015	pl	pone.0106170.s003.pl
PMC9983423	py	peerj-11-14953-s001.py
PMC9983423	py	peerj-11-14953-s003.py
PMC4139316	nlogo	pone.0104660.s008.nlogo
PMC4140603	r	jec0102-0845-sd3.R
PMC4140603	r	jec0102-0845-sd4.R
PMC4140732	kml	pone.0104982.s007.kml
PMC4141765	pl	pone.0104920.s022.pl
PMC10012525	m	13007_2023_992_MOESM3_ESM.m
PMC4143321	m	pone.0105861.s006.m
PMC10014062	r	PSP4-12-311-s003.r
PMC10014062	r	PSP4-12-311-s004.r
PMC10014062	r	PSP4-12-311-s005.r
PMC10019095	m	10803_2022_5562_MOESM10_ESM.m
PMC10019095	m	10803_2022_5562_MOESM11_ESM.m
PMC10019095	m	10803_2022_5562_MOESM12_ESM.m
PMC10019095	m	10803_2022_5562_MOESM13_ESM.m
PMC10019095	m	10803_2022_5562_MOESM19_ESM.m
PMC10019095	m	10803_2022_5562_MOESM1_ESM.m
PMC10019095	m	10803_2022_5562_MOESM20_ESM.m
PMC10019095	m	10803_2022_5562_MOESM21_ESM.m
PMC10019095	m	10803_2022_5562_MOESM25_ESM.m
PMC10019095	m	10803_2022_5562_MOESM26_ESM.m
PMC10019095	m	10803_2022_5562_MOESM27_ESM.m
PMC10019095	m	10803_2022_5562_MOESM28_ESM.m
PMC10019095	m	10803_2022_5562_MOESM29_ESM.m
PMC10019095	m	10803_2022_5562_MOESM2_ESM.m
PMC10019095	m	10803_2022_5562_MOESM30_ESM.m
PMC10019095	m	10803_2022_5562_MOESM31_ESM.m
PMC10019095	m	10803_2022_5562_MOESM32_ESM.m
PMC10019095	m	10803_2022_5562_MOESM33_ESM.m
PMC10019095	m	10803_2022_5562_MOESM34_ESM.m
PMC10019095	m	10803_2022_5562_MOESM38_ESM.m
PMC10019095	m	10803_2022_5562_MOESM39_ESM.m
PMC10019095	m	10803_2022_5562_MOESM3_ESM.m
PMC10019095	m	10803_2022_5562_MOESM40_ESM.m
PMC10019095	m	10803_2022_5562_MOESM41_ESM.m
PMC10019095	m	10803_2022_5562_MOESM42_ESM.m
PMC10019095	m	10803_2022_5562_MOESM43_ESM.m
PMC10019095	m	10803_2022_5562_MOESM45_ESM.m
PMC10019095	m	10803_2022_5562_MOESM46_ESM.m
PMC10019095	m	10803_2022_5562_MOESM47_ESM.m
PMC10019095	m	10803_2022_5562_MOESM48_ESM.m
PMC10019095	m	10803_2022_5562_MOESM49_ESM.m
PMC10019095	m	10803_2022_5562_MOESM50_ESM.m
PMC10019095	m	10803_2022_5562_MOESM51_ESM.m
PMC10019095	m	10803_2022_5562_MOESM52_ESM.m
PMC10019095	m	10803_2022_5562_MOESM55_ESM.m
PMC10019095	m	10803_2022_5562_MOESM56_ESM.m
PMC10019095	m	10803_2022_5562_MOESM57_ESM.m
PMC10019095	m	10803_2022_5562_MOESM72_ESM.m
PMC10019095	m	10803_2022_5562_MOESM73_ESM.m
PMC10019095	m	10803_2022_5562_MOESM74_ESM.m
PMC10019095	m	10803_2022_5562_MOESM75_ESM.m
PMC10019095	m	10803_2022_5562_MOESM7_ESM.m
PMC10019095	m	10803_2022_5562_MOESM8_ESM.m
PMC10019095	m	10803_2022_5562_MOESM9_ESM.m
PMC10021543	do	pgph.0000257.s008.do
PMC10022082	r	pgph.0001455.s007.R
PMC4149506	r	pone.0106084.s007.r
PMC4149506	r	pone.0106084.s008.r
PMC10062620	do	pone.0280253.s005.do
PMC4150305	mat	rstb20130530supp3.mat
PMC4150305	mat	rstb20130530supp4.mat
PMC4150305	mat	rstb20130530supp5.mat
PMC4151086	r	elife02863s002.r
PMC10072469	do	pone.0284032.s007.do
PMC4152220	do	pone.0105606.s001.do
PMC4152826	kml	biodiversity_data_journal-2-e1110-s001.kml
PMC4152826	kml	biodiversity_data_journal-2-e1110-s002.kml
PMC4152826	kml	biodiversity_data_journal-2-e1110-s003.kml
PMC4152826	kml	biodiversity_data_journal-2-e1110-s004.kml
PMC4152826	kml	biodiversity_data_journal-2-e1110-s005.kml
PMC4152826	kml	biodiversity_data_journal-2-e1110-s006.kml
PMC4152826	kml	biodiversity_data_journal-2-e1110-s007.kml
PMC4152826	kml	biodiversity_data_journal-2-e1110-s008.kml
PMC4152826	kml	biodiversity_data_journal-2-e1110-s009.kml
PMC4152826	kml	biodiversity_data_journal-2-e1110-s010.kml
PMC4152826	kml	biodiversity_data_journal-2-e1110-s011.kml
PMC4152826	kml	biodiversity_data_journal-2-e1110-s012.kml
PMC4152826	kml	biodiversity_data_journal-2-e1110-s013.kml
PMC4152826	kml	biodiversity_data_journal-2-e1110-s014.kml
PMC4152826	kml	biodiversity_data_journal-2-e1110-s015.kml
PMC4152829	r	biodiversity_data_journal-2-e1143-s001.r
PMC4156348	r	pone.0106550.s002.r
PMC4159146	tex	pone.0104253.s010.tex
PMC10124544	r	peerj-11-15223-s006.r
PMC10127407	m	12859_2023_5295_MOESM3_ESM.m
PMC4161972	pl	elife03703s003.pl
PMC4161972	r	elife03703s004.R
PMC10153688	dot	pntd.0011280.s003.dot
PMC10153688	dot	pntd.0011280.s004.dot
PMC4169567	r	pone.0107680.s015.r
PMC4169567	r	pone.0107680.s016.r
PMC4174445	r	supp_045104.114_rateSeqFit.R
PMC4176719	brd	pone.0108097.s001.brd
PMC4177555	hpp	pone.0108847.s006.hpp
PMC10266611	c	pone.0286499.s002.c
PMC10276556	m	peerj-11-15292-s001.m
PMC10276556	m	peerj-11-15292-s002.m
PMC10280404	cpp	peerj-cs-09-1367-s002.cpp
PMC10280424	ipynb	peerj-cs-09-1265-s001.ipynb
PMC10280424	ipynb	peerj-cs-09-1265-s002.ipynb
PMC10280424	ipynb	peerj-cs-09-1265-s003.ipynb
PMC10280456	py	peerj-cs-09-1229-s003.py
PMC10280470	ipynb	peerj-cs-09-1216-s001.ipynb
PMC10280470	ipynb	peerj-cs-09-1216-s002.ipynb
PMC10280470	ipynb	peerj-cs-09-1216-s003.ipynb
PMC10280502	cpp	peerj-cs-09-1409-s004.cpp
PMC4181488	ps	irv0008-0384-SD1.ps
PMC4181488	ps	irv0008-0384-SD2.ps
PMC4181488	ps	irv0008-0384-SD3.ps
PMC4181488	ps	irv0008-0384-SD4.ps
PMC4181488	ps	irv0008-0384-SD5.ps
PMC4181978	r	pone.0098643.s003.r
PMC4183428	m	pcbi.1003866.s001.m
PMC4186253	m	rsta20130403supp2.m
PMC4186253	m	rsta20130403supp3.m
PMC4186253	m	rsta20130403supp4.m
PMC10321519	tex	SC-014-D3SC00561E-s002.tex
PMC4188819	r	pone.0109557.s003.r
PMC4193854	m	pone.0109940.s005.m
PMC4196607	r	supp_114.164442_FileS2.R
PMC10386961	r	11222_2023_10280_MOESM1_ESM.r
PMC10388238	r	zea_69_6_335_esm4.R
PMC4197467	mat	rspa20140370Supp2.mat
PMC4197467	mat	rspa20140370Supp3.mat
PMC4197467	mat	rspa20140370Supp4.mat
PMC4197467	mat	rspa20140370Supp5.mat
PMC10403203	ipynb	peerj-cs-09-1485-s001.ipynb
PMC10403203	ipynb	peerj-cs-09-1485-s002.ipynb
PMC4199482	nb	pcbi.1003850.s001.nb
PMC4201283	ps	supp_gad.245142.114_Supplemental_Fig_S1-1.ps
PMC4201283	ps	supp_gad.245142.114_Supplemental_Fig_S2.ps
PMC4201283	ps	supp_gad.245142.114_Supplemental_Fig_S3.ps
PMC4201283	ps	supp_gad.245142.114_Supplemental_Fig_S4.ps
PMC4201289	ps	supp_28.20.2291_Supp_figure_1.ps
PMC4201289	ps	supp_28.20.2291_Supp_figure_2.ps
PMC4201289	ps	supp_28.20.2291_Supp_figure_3.ps
PMC4201289	ps	supp_28.20.2291_Supp_figure_4.ps
PMC4201289	ps	supp_28.20.2291_Supp_figure_5.ps
PMC4201420	r	ece30004-2046-sd2.R
PMC4203299	r	ece30004-2577-sd1.R
PMC10432373	rmd	10816_2022_9573_MOESM3_ESM.rmd
PMC4204849	m	pone.0109747.s004.m
PMC4204849	m	pone.0109747.s005.m
PMC4204849	m	pone.0109747.s006.m
PMC4204849	m	pone.0109747.s007.m
PMC4204849	m	pone.0109747.s008.m
PMC4204849	m	pone.0109747.s009.m
PMC10438383	ipynb	pnas.2302093120.sd02.ipynb
PMC4206505	r	pone.0111086.s002.r
PMC4207670	svg	pntd.0003216.s002.svg
PMC4208355	nb	rsif20140054supp2.nb
PMC4208355	nb	rsif20140054supp3.nb
PMC4208802	kml	pone.0111017.s005.kml
PMC4208802	kml	pone.0111017.s006.kml
PMC10474834	py	peerj-11-15866-s025.py
PMC10474834	py	peerj-11-15866-s026.py
PMC10481624	do	sj-do-1-hpp-10.1177_15248399221098349.do
PMC4211704	mat	pone.0111007.s001.mat
PMC4211737	dot	pone.0111451.s007.dot
PMC10485323	r	ECE3-13-e10408-s005.R
PMC10492425	sps	sj-sps-4-hpq-10.1177_13591053231161065.sps
PMC10499247	r	pone.0290547.s004.R
PMC10502135	py	41598_2023_42523_MOESM2_ESM.py
PMC4214710	tex	pone.0110629.s001.tex
PMC10506583	r	peerj-11-15987-s004.r
PMC10506583	r	peerj-11-15987-s005.r
PMC10506583	r	peerj-11-15987-s006.r
PMC10518917	rmd	12879_2023_8626_MOESM2_ESM.rmd
PMC4218721	m	pone.0111330.s002.m
PMC4218721	m	pone.0111330.s003.m
PMC4218721	m	pone.0111330.s004.m
PMC4218721	m	pone.0111330.s005.m
PMC4218721	m	pone.0111330.s006.m
PMC4218721	m	pone.0111330.s007.m
PMC4218721	m	pone.0111330.s008.m
PMC4218721	m	pone.0111330.s009.m
PMC4218722	r	pone.0111335.s010.r
PMC4218722	r	pone.0111335.s011.r
PMC4218722	r	pone.0111335.s012.r
PMC4218722	r	pone.0111335.s013.r
PMC4218771	r	pone.0111576.s003.r
PMC4218771	r	pone.0111576.s004.r
PMC4218771	py	pone.0111576.s005.py
PMC4218771	py	pone.0111576.s006.py
PMC4218784	r	pone.0111614.s003.r
PMC4218784	r	pone.0111614.s004.r
PMC4218784	r	pone.0111614.s005.r
PMC4218784	r	pone.0111614.s006.r
PMC10538772	ipynb	pone.0286541.s001.ipynb
PMC10538772	ipynb	pone.0286541.s002.ipynb
PMC10557519	py	peerj-cs-09-1554-s003.py
PMC10557519	py	peerj-cs-09-1554-s005.py
PMC4222884	mat	1475-2859-12-118-S5.mat
PMC4222884	mat	1475-2859-12-118-S6.mat
PMC10569531	bib	pone.0286821.s001.bib
PMC4223896	mat	rsif20140645supp1.mat
PMC4224508	mat	pone.0112547.s007.mat
PMC4224508	mat	pone.0112547.s008.mat
PMC4224527	r	ece30004-3514-sd1.R
PMC4224747	c	10827_2014_521_MOESM3_ESM.c
PMC10576964	r	peerj-11-16240-s001.r
PMC10582215	ipynb	LRH2-7-e10393-s001.ipynb
PMC10584860	do	41598_2023_43879_MOESM1_ESM.do
PMC4228337	r	1471-2105-14-317-S2.r
PMC4228337	py	1471-2105-14-317-S4.py
PMC4229125	mat	pone.0112178.s009.mat
PMC4229125	mat	pone.0112178.s010.mat
PMC4229125	mat	pone.0112178.s011.mat
PMC4230465	r	mec0023-0954-sd1.R
PMC4230741	r	pcbi.1003934.s009.r
PMC4231466	pub	1745-6215-14-355-S3.pub
PMC4231567	ps	cyto0085-0576-sd10.ps
PMC4231567	ps	cyto0085-0576-sd3.ps
PMC4231567	ps	cyto0085-0576-sd4.ps
PMC4231567	ps	cyto0085-0576-sd5.ps
PMC4231567	ps	cyto0085-0576-sd6.ps
PMC4231567	ps	cyto0085-0576-sd7.ps
PMC4231567	ps	cyto0085-0576-sd8.ps
PMC4231567	ps	cyto0085-0576-sd9.ps
PMC4232575	r	pone.0112856.s013.r
PMC10641040	r	JOA-243-982-s002.R
PMC10644321	r	ECE3-13-e10732-s003.R
PMC4234516	ps	pone.0113046.s001.ps
PMC10655990	r	pone.0294650.s004.r
PMC4236129	r	pone.0113134.s005.r
PMC10668863	r	peerj-11-16379-s011.r
PMC4237440	mat	pone.0113386.s001.mat
PMC9844917	py	pone.0279994.s006.py
PMC9844917	py	pone.0279994.s007.py
PMC9844917	py	pone.0279994.s008.py
PMC9844917	py	pone.0279994.s009.py
PMC9844917	py	pone.0279994.s010.py
PMC9894542	json	pcbi.1010859.s018.json
PMC10035753	ipynb	pcbi.1010903.s013.ipynb
PMC4243006	ps	40262_2014_173_MOESM3_ESM.ps
PMC4243006	ps	40262_2014_173_MOESM4_ESM.ps
PMC4243006	ps	40262_2014_173_MOESM5_ESM.ps
PMC4244133	r	pone.0113825.s001.r
PMC4244136	r	pone.0113711.s010.r
PMC4245084	m	pone.0113083.s001.m
PMC4248320	pl	supp_gr.178319.114_Supplemental.pl
PMC10366108	tex	41698_2023_421_MOESM5_ESM.tex
PMC10369718	r	12859_2023_5422_MOESM1_ESM.r
PMC10410943	r	12889_2023_16425_MOESM3_ESM.r
PMC4254651	mat	pone.0113762.s001.mat
PMC10435716	json	JHA2-4-770-s001.json
PMC10435716	py	JHA2-4-770-s004.py
PMC4255742	sparql	1471-2105-15-S14-S4-S1.sparql
PMC4255742	sparql	1471-2105-15-S14-S4-S2.sparql
PMC4255742	sparql	1471-2105-15-S14-S4-S3.sparql
PMC4255742	sparql	1471-2105-15-S14-S4-S4.sparql
PMC4255742	sparql	1471-2105-15-S14-S4-S5.sparql
PMC4255742	sparql	1471-2105-15-S14-S4-S6.sparql
PMC4256010	nb	pcbi.1003942.s002.nb
PMC4256084	mat	pcbi.1003982.s001.mat
PMC10460150	r	peerj-11-15936-s003.r
PMC4259349	m	pone.0114503.s001.m
PMC4259398	r	pone.0114702.s002.r
PMC10495988	r	peerj-cs-09-1532-s004.r
PMC4260137	ps	nyas1329-0093-SD1.ps
PMC4260137	ps	nyas1329-0093-SD2.ps
PMC4260137	ps	nyas1329-0093-SD3.ps
PMC4260137	ps	nyas1329-0093-SD4.ps
PMC10504781	r	12936_2023_4706_MOESM3_ESM.r
PMC10519087	ipynb	13023_2023_2876_MOESM2_ESM.ipynb
PMC4262212	py	pone.0112055.s005.py
PMC4262212	py	pone.0112055.s006.py
PMC4263370	mo	pcbi.1003993.s010.mo
PMC10538497	c	Supplemental_Source_Code.c
PMC10553256	do	pone.0291343.s003.do
PMC10557514	py	peerj-cs-09-1572-s001.py
PMC10557514	ipynb	peerj-cs-09-1572-s002.ipynb
PMC10557514	ipynb	peerj-cs-09-1572-s003.ipynb
PMC10557514	ipynb	peerj-cs-09-1572-s004.ipynb
PMC10557514	ipynb	peerj-cs-09-1572-s005.ipynb
PMC4267926	r	supp_g3.114.014183_FileS1.R
PMC4267944	ps	supp_g3.114.014381_FigureS1.ps
PMC4267944	ps	supp_g3.114.014381_FigureS2.ps
PMC4267944	ps	supp_g3.114.014381_FigureS3.ps
PMC4267944	ps	supp_g3.114.014381_FigureS4.ps
PMC4267944	ps	supp_g3.114.014381_TableS1.ps
PMC4267944	ps	supp_g3.114.014381_TableS2.ps
PMC4271439	nlogo	12942_2014_613_MOESM2_ESM.nlogo
PMC4272294	nb	pone.0115203.s002.nb
PMC10593749	pkl	41598_2023_45375_MOESM1_ESM.pkl
PMC10593749	py	41598_2023_45375_MOESM2_ESM.py
PMC4275031	kml	mmc1.kml
PMC4275577	m	elife03635s007.m
PMC4277457	cp	pone.0115907.s002.cp
PMC4277457	cp	pone.0115907.s003.cp
PMC4278818	r	ece30004-4658-sd1.R
PMC4278818	r	ece30004-4658-sd2.R
PMC4278818	r	ece30004-4658-sd3.R
PMC4278818	r	ece30004-4658-sd4.R
PMC4278825	r	ece30004-4766-sd2.R
PMC4278828	r	ece30004-4798-sd3.r
PMC10625764	m	peerj-11-16373-s011.m
PMC10625764	sas	peerj-11-16373-s012.sas
PMC10625764	sas	peerj-11-16373-s013.sas
PMC4280120	nb	pone.0115875.s002.nb
PMC4281562	ps	supp_29.1.23_FigS1.ps
PMC4281562	ps	supp_29.1.23_FigS2.ps
PMC4281562	ps	supp_29.1.23_FigS3.ps
PMC4281562	ps	supp_29.1.23_FigS4.ps
PMC4282321	ps	pme0015-1825-SD1.ps
PMC4283046	nlogo	JPE-51-470-s003.nlogo
PMC4283046	nlogo	JPE-51-470-s005.nlogo
PMC4283046	nlogo	JPE-51-470-s006.nlogo
PMC4283046	nlogo	JPE-51-470-s007.nlogo
PMC4283046	nlogo	JPE-51-470-s008.nlogo
PMC4285177	cpp	mmi0094-0307-SD2.cpp
PMC10681246	r	pone.0294773.s001.R
PMC10682459	pt	41598_2023_47245_MOESM2_ESM.pt
PMC4287624	py	pcbi.1004008.s015.py
PMC4287624	py	pcbi.1004008.s016.py
PMC10685578	r	12864_2023_9805_MOESM4_ESM.r
PMC4288315	tex	sim0034-0232-sd3.tex
PMC10689755	r	41598_2023_47734_MOESM2_ESM.r
PMC4288710	r	pcbi.1004005.s016.r
PMC10699614	svg	pone.0294535.s002.svg
PMC10699614	py	pone.0294535.s005.py
PMC10702360	r	peerj-11-16586-s003.r
PMC10702995	m	peerj-cs-09-1624-s002.m
PMC10702995	java	peerj-cs-09-1624-s003.java
PMC10703030	m	peerj-cs-09-1642-s001.m
PMC10703030	m	peerj-cs-09-1642-s002.m
PMC10703030	m	peerj-cs-09-1642-s003.m
PMC10703030	m	peerj-cs-09-1642-s004.m
PMC10703030	m	peerj-cs-09-1642-s005.m
PMC10707681	do	pone.0295609.s002.do
PMC10721049	bib	pone.0295693.s001.bib
PMC10721201	r	pone.0295497.s010.R
PMC4293572	m	elife04389s001.m
PMC10765916	r	13071_2023_6098_MOESM2_ESM.r
PMC10766513	rmd	41684_2023_1307_MOESM4_ESM.rmd
PMC4298184	r	rsbl20140698supp2.R
PMC10773923	m	peerj-cs-09-1651-s001.m
PMC4299504	pde	joa0226-0013-sd1.pde
PMC10867011	tex	41746_2024_1001_MOESM1_ESM.tex
PMC10867067	r	13423_2023_2345_MOESM2_ESM.r
PMC4303434	ss	pone.0116673.s003.ss
PMC4303710	ps	12031_2014_368_MOESM1_ESM.ps
PMC4303710	ps	12031_2014_368_MOESM2_ESM.ps
PMC4303710	ps	12031_2014_368_MOESM3_ESM.ps
PMC4303710	ps	12031_2014_368_MOESM4_ESM.ps
PMC4303931	r	nph0205-1071-sd4.R
PMC10879219	ipynb	10877_2023_1070_MOESM1_ESM.ipynb
PMC10879219	ipynb	10877_2023_1070_MOESM2_ESM.ipynb
PMC10768206	r	12890_2023_2832_MOESM1_ESM.r
PMC4308103	r	pone.0117014.s004.R
PMC4309124	r	rspa20140588supp1.R
PMC4309124	r	rspa20140588supp3.R
PMC4309124	r	rspa20140588supp4.R
PMC4309570	m	pone.0116616.s002.m
PMC4309570	m	pone.0116616.s003.m
PMC4309570	m	pone.0116616.s004.m
PMC4309570	cps	pone.0116616.s005.cps
PMC10899341	ipynb	216_2024_5168_MOESM2_ESM.ipynb
PMC10909225	ipynb	peerj-cs-10-1859-s001.ipynb
PMC10909225	ipynb	peerj-cs-10-1859-s002.ipynb
PMC10910804	rmd	41256_2024_347_MOESM1_ESM.rmd
PMC4314071	py	pone.0116657.s002.py
PMC10916044	r	12864_2024_10027_MOESM3_ESM.r
PMC10924775	ipynb	peerj-12-17080-s001.ipynb
PMC4317172	py	supp_gr.173435.114_aggregatePeaksFromSubsampling.py
PMC4317172	py	supp_gr.173435.114_balanceBAMFiles.py
PMC10929988	py	ACM2-25-e14301-s001.py
PMC10941555	r	PSP4-13-437-s001.r
PMC10942092	rmd	pone.0288953.s004.Rmd
PMC10942092	pot	pone.0288953.s006.pot
PMC4319767	mat	pone.0117017.s006.mat
PMC4319767	m	pone.0117017.s007.m
PMC4324201	ps	supp_ofu002_ofu002supp_fig1.ps
PMC4324767	tex	pone.0117558.s001.tex
PMC4324936	m	pone.0117292.s003.m
PMC4324998	r	pone.0117533.s006.r
PMC4324998	r	pone.0117533.s007.r
PMC4324998	r	pone.0117533.s008.r
PMC4324998	r	pone.0117533.s009.r
PMC7439958	r	peerj-08-9691-s002.r
PMC4328763	r	ece30005-0578-sd3.r
PMC4328763	r	ece30005-0578-sd4.r
PMC4328763	r	ece30005-0578-sd5.r
PMC4329603	tab	tpj0081-0519-sd10.tab
PMC4329603	tab	tpj0081-0519-sd11.tab
PMC4329603	py	tpj0081-0519-sd16.py
PMC4329603	tab	tpj0081-0519-sd3.tab
PMC4329603	tab	tpj0081-0519-sd4.tab
PMC4329603	tab	tpj0081-0519-sd6.tab
PMC4329603	tab	tpj0081-0519-sd7.tab
PMC8101454	r	peerj-09-11342-s021.r
PMC8295007	py	11517_2021_2412_MOESM1_ESM.py
PMC8427576	r	ECE3-11-12035-s001.R
PMC4337612	m	elife05025s007.m
PMC8431852	do	12913_2021_6973_MOESM7_ESM.do
PMC4338210	sh	pone.0115449.s002.sh
PMC4338280	scpt	pone.0116705.s013.scpt
PMC4338294	py	pone.0117527.s001.py
PMC4338334	ps	supp_049098.114_FigureS1_rDNA_mapping_size.ps
PMC4338334	ps	supp_049098.114_FigureS2_12flies.ps
PMC4338334	ps	supp_049098.114_FigureS3_ITS1_folding.ps
PMC4338334	ps	supp_049098.114_FigureS4_ITS1_sorting_Dcr1KD.ps
PMC4338334	ps	supp_049098.114_FigureS5_KcKD_quant.ps
PMC8576552	py	peerj-cs-07-752-s001.py
PMC8576552	json	peerj-cs-07-752-s004.json
PMC4339581	mat	pone.0117157.s001.mat
PMC8577507	tex	NA-003-D1NA00531F-s001.tex
PMC4340905	m	pone.0116785.s004.m
PMC4340931	r	pone.0118404.s004.R
PMC4340938	r	pone.0118330.s002.r
PMC4342342	mat	pcbi.1004070.s001.mat
PMC4342342	mat	pcbi.1004070.s002.mat
PMC4342342	mat	pcbi.1004070.s003.mat
PMC4342342	mat	pcbi.1004070.s004.mat
PMC8855712	r	peerj-10-12717-s001.r
PMC8856535	r	pone.0264262.s002.R
PMC4347616	m	1471-2105-16-S4-S2-S1.m
PMC9038850	svg	zookeys-1096-189-s008.svg
PMC9038850	svg	zookeys-1096-189-s009.svg
PMC9038850	svg	zookeys-1096-189-s010.svg
PMC9038850	svg	zookeys-1096-189-s011.svg
PMC9070876	r	pone.0267510.s004.R
PMC4351065	sps	pone.0119192.s002.sps
PMC9129038	rmd	pgen.1010186.s011.Rmd
PMC9160226	mat	41467_2022_30798_MOESM4_ESM.mat
PMC9160226	mat	41467_2022_30798_MOESM5_ESM.mat
PMC9160226	mat	41467_2022_30798_MOESM6_ESM.mat
PMC9160226	mat	41467_2022_30798_MOESM7_ESM.mat
PMC9160226	mat	41467_2022_30798_MOESM8_ESM.mat
PMC9160226	mat	41467_2022_30798_MOESM9_ESM.mat
PMC4352066	r	pone.0117909.s004.R
PMC4352747	pl	212715.f1.pl
PMC4352884	ps	supp_gr.180372.114_Table_S1.ps
PMC9252005	r	12711_2022_740_MOESM2_ESM.r
PMC9302835	r	pone.0271610.s007.R
PMC9303905	r	SIM-41-1735-s001.R
PMC4357291	r	elife04535s002.R
PMC4357291	r	elife04535s003.R
PMC4357382	m	pbio.1002109.s001.m
PMC9426919	r	pbio.3001707.s013.r
PMC9426919	r	pbio.3001707.s014.r
PMC9426919	r	pbio.3001707.s015.r
PMC9426919	r	pbio.3001707.s016.r
PMC9426919	r	pbio.3001707.s017.r
PMC9474693	mod	CPT-112-873-s001.mod
PMC4358155	m	mee30005-0473-sd1.m
PMC4358155	m	mee30005-0473-sd10.m
PMC4358155	m	mee30005-0473-sd11.m
PMC4358155	m	mee30005-0473-sd12.m
PMC4358155	m	mee30005-0473-sd13.m
PMC4358155	m	mee30005-0473-sd14.m
PMC4358155	sty	mee30005-0473-sd15.sty
PMC4358155	m	mee30005-0473-sd16.m
PMC4358155	m	mee30005-0473-sd17.m
PMC4358155	m	mee30005-0473-sd2.m
PMC4358155	tex	mee30005-0473-sd3.tex
PMC4358155	m	mee30005-0473-sd4.m
PMC4358155	m	mee30005-0473-sd5.m
PMC4358155	m	mee30005-0473-sd6.m
PMC4358155	m	mee30005-0473-sd7.m
PMC4358155	m	mee30005-0473-sd8.m
PMC4358155	m	mee30005-0473-sd9.m
PMC4364823	r	ece30005-1088-sd3.R
PMC4364976	m	pone.0118421.s001.m
PMC4364976	m	pone.0118421.s002.m
PMC4364976	m	pone.0118421.s003.m
PMC4366083	r	pone.0118900.s001.R
PMC4366083	r	pone.0118900.s002.R
PMC4366083	r	pone.0118900.s003.R
PMC4366215	nlogo	pone.0119132.s002.nlogo
PMC4366243	py	pone.0118193.s011.py
PMC4366243	m	pone.0118193.s012.m
PMC4366260	sh	pone.0118867.s001.SH
PMC9680885	cpp	peerj-cs-08-1130-s002.cpp
PMC4368045	r	mee30005-0944-SD1.R
PMC4368638	r	pone.0119001.s003.R
PMC4368834	m	pone.0118767.s012.m
PMC4368834	m	pone.0118767.s013.m
PMC4370372	r	pone.0121349.s001.R
PMC4370766	c	10052_2013_2404_MOESM1_ESM.c
PMC4370766	c	10052_2013_2404_MOESM2_ESM.c
PMC4372030	r	CIN-14-2015-001-s001.r
PMC4372378	mat	pone.0121362.s001.mat
PMC4372378	mat	pone.0121362.s002.mat
PMC4372378	mat	pone.0121362.s003.mat
PMC4372378	m	pone.0121362.s005.m
PMC4372422	mat	pone.0118739.s001.mat
PMC4372422	mat	pone.0118739.s002.mat
PMC4372422	mat	pone.0118739.s003.mat
PMC4372422	mat	pone.0118739.s004.mat
PMC4372422	m	pone.0118739.s005.m
PMC4372422	m	pone.0118739.s006.m
PMC9742824	jsx	APS3-10-e11500-s003.jsx
PMC9743665	r	12983_2022_477_MOESM3_ESM.r
PMC4373880	r	pone.0121412.s001.R
PMC4373880	r	pone.0121412.s002.R
PMC4373880	r	pone.0121412.s003.R
PMC4373880	r	pone.0121412.s004.R
PMC4373880	r	pone.0121412.s005.R
PMC4373880	r	pone.0121412.s008.r
PMC9750015	sas	pone.0278400.s004.sas
PMC9750015	sas	pone.0278400.s006.sas
PMC9750015	sas	pone.0278400.s008.sas
PMC4374526	m	elife04940s002.m
PMC4374758	svg	pone.0118877.s001.svg
PMC4374758	svg	pone.0118877.s002.svg
PMC4374758	svg	pone.0118877.s003.svg
PMC4374758	svg	pone.0118877.s004.svg
PMC4374758	svg	pone.0118877.s005.svg
PMC4374758	svg	pone.0118877.s006.svg
PMC4374758	svg	pone.0118877.s007.svg
PMC4374758	svg	pone.0118877.s008.svg
PMC4374758	svg	pone.0118877.s009.svg
PMC4374758	svg	pone.0118877.s010.svg
PMC4374758	svg	pone.0118877.s011.svg
PMC4374758	svg	pone.0118877.s012.svg
PMC4374758	svg	pone.0118877.s013.svg
PMC4374758	svg	pone.0118877.s014.svg
PMC4374758	svg	pone.0118877.s015.svg
PMC4374758	svg	pone.0118877.s016.svg
PMC4374758	svg	pone.0118877.s017.svg
PMC4374758	svg	pone.0118877.s018.svg
PMC4374758	svg	pone.0118877.s019.svg
PMC4374758	svg	pone.0118877.s020.svg
PMC4374758	svg	pone.0118877.s021.svg
PMC4374758	svg	pone.0118877.s022.svg
PMC4374758	svg	pone.0118877.s023.svg
PMC4374758	svg	pone.0118877.s024.svg
PMC4374758	svg	pone.0118877.s025.svg
PMC4374758	svg	pone.0118877.s026.svg
PMC4374758	svg	pone.0118877.s027.svg
PMC4374758	svg	pone.0118877.s028.svg
PMC4374758	svg	pone.0118877.s029.svg
PMC4374758	svg	pone.0118877.s030.svg
PMC4374758	svg	pone.0118877.s031.svg
PMC4374758	svg	pone.0118877.s032.svg
PMC4374758	svg	pone.0118877.s033.svg
PMC4374758	svg	pone.0118877.s034.svg
PMC4374758	svg	pone.0118877.s035.svg
PMC4374758	svg	pone.0118877.s036.svg
PMC4374758	svg	pone.0118877.s037.svg
PMC4374758	svg	pone.0118877.s038.svg
PMC4374758	svg	pone.0118877.s039.svg
PMC4374758	svg	pone.0118877.s040.svg
PMC4374758	svg	pone.0118877.s041.svg
PMC4374758	svg	pone.0118877.s042.svg
PMC4374758	svg	pone.0118877.s043.svg
PMC4374758	svg	pone.0118877.s044.svg
PMC4374758	svg	pone.0118877.s045.svg
PMC4374758	svg	pone.0118877.s046.svg
PMC4374758	svg	pone.0118877.s047.svg
PMC4374758	svg	pone.0118877.s048.svg
PMC4374758	svg	pone.0118877.s049.svg
PMC4374758	svg	pone.0118877.s050.svg
PMC4374758	svg	pone.0118877.s051.svg
PMC4374758	svg	pone.0118877.s052.svg
PMC4374758	svg	pone.0118877.s053.svg
PMC4374758	svg	pone.0118877.s054.svg
PMC4374758	svg	pone.0118877.s055.svg
PMC4374758	svg	pone.0118877.s056.svg
PMC4374758	svg	pone.0118877.s057.svg
PMC4374758	svg	pone.0118877.s058.svg
PMC4374758	svg	pone.0118877.s059.svg
PMC4374758	svg	pone.0118877.s060.svg
PMC4374758	svg	pone.0118877.s061.svg
PMC4374758	svg	pone.0118877.s062.svg
PMC4374758	svg	pone.0118877.s063.svg
PMC4374758	svg	pone.0118877.s064.svg
PMC4374758	svg	pone.0118877.s065.svg
PMC4374758	svg	pone.0118877.s066.svg
PMC4374758	svg	pone.0118877.s067.svg
PMC4374758	svg	pone.0118877.s068.svg
PMC4374758	svg	pone.0118877.s069.svg
PMC4374758	svg	pone.0118877.s070.svg
PMC4374758	svg	pone.0118877.s071.svg
PMC4376395	pl	pone.0120058.s010.pl
PMC4376858	m	pone.0122326.s002.m
PMC9797061	rmd	pone.0279255.s001.Rmd
PMC9797061	rmd	pone.0279255.s002.Rmd
PMC9797061	rmd	pone.0279255.s003.Rmd
PMC9798976	ipynb	ADVS-9-2203422-s001.ipynb
PMC9811792	rmd	13643_2022_2163_MOESM2_ESM.rmd
PMC4381525	pl	supp_gr.183012.114_prepare_esom_files.pl
PMC9841621	sas	13643_2023_2169_MOESM3_ESM.sas
PMC4382286	r	pone.0120838.s002.r
PMC9848559	r	bdj-10-e86192-s001.r
PMC4383543	svg	pone.0122072.s008.svg
PMC4384942	r	mee30005-1121-sd2.R
PMC4385226	py	13408_2015_20_MOESM1_ESM.py
PMC9889739	ipynb	41598_2023_28082_MOESM1_ESM.ipynb
PMC4388480	m	pcbi.1004190.s008.m
PMC4388480	m	pcbi.1004190.s009.m
PMC9907823	do	pone.0280873.s005.do
PMC9912235	rmd	41598_2023_29239_MOESM5_ESM.rmd
PMC4390154	py	pcbi.1004120.s005.py
PMC4390359	tex	pone.0121530.s001.tex
PMC4390359	tex	pone.0121530.s002.tex
PMC4390570	r	supp_g3.114.015263_FileS1.R
PMC9945440	ps	supp_079408.122_Supplemental_Figure_S1.ps
PMC9945440	ps	supp_079408.122_Supplemental_Figure_S2.ps
PMC9945440	ps	supp_079408.122_Supplemental_Figure_S3.ps
PMC9945440	ps	supp_079408.122_Supplemental_Figure_S4.ps
PMC9945440	ps	supp_079408.122_Supplemental_Figure_S5.ps
PMC4392479	mat	elife05457s001.mat
PMC4393285	r	pcbi.1004154.s010.R
PMC4393321	mat	pone.0123262.s003.mat
PMC4393321	mat	pone.0123262.s004.mat
PMC4393321	mat	pone.0123262.s005.mat
PMC4393321	mat	pone.0123262.s006.mat
PMC4393321	mat	pone.0123262.s007.mat
PMC4393321	mat	pone.0123262.s008.mat
PMC4393321	mat	pone.0123262.s009.mat
PMC4393321	mat	pone.0123262.s010.mat
PMC4393321	mat	pone.0123262.s011.mat
PMC4394144	kml	mmc3.kml
PMC9974116	do	pone.0279845.s002.do
PMC4394709	r	mee30006-0133-sd2.R
PMC4395447	tex	pone.0117856.s001.tex
PMC4395447	tex	pone.0117856.s002.tex
PMC4395447	tex	pone.0117856.s003.tex
PMC9988624	do	sj-do-2-eup-10.1177_14651165231156846.do
PMC4395910	mat	elife05042s001.mat
PMC4395910	mat	elife05042s007.mat
PMC4395910	m	elife05042s010.m
PMC4395910	m	elife05042s011.m
PMC9995112	tex	elife-78089-supp1.tex
PMC9995112	tex	elife-78089-supp2.tex
PMC9995112	tex	elife-78089-supp3.tex
PMC9995112	tex	elife-78089-supp4.tex
PMC4398459	r	pone.0121655.s002.R
PMC4400047	r	pcbi.1004173.s007.r
PMC10021523	do	pgph.0000909.s003.do
PMC10021544	do	pgph.0000046.s002.do
PMC10022805	sps	pone.0282504.s005.sps
PMC4401517	r	pone.0123624.s005.R
PMC10035427	mat	peerj-11-14835-s001.mat
PMC10035427	mat	peerj-11-14835-s002.mat
PMC4404656	r	elife04637s002.R
PMC4405222	r	pcbi.1004119.s015.R
PMC4405222	do	pcbi.1004119.s016.do
PMC4405542	r	pone.0122947.s003.R
PMC4405542	r	pone.0122947.s004.R
PMC4405575	py	pone.0122221.s006.py
PMC4405575	py	pone.0122221.s007.py
PMC4406151	ps	bit0112-0879-sd1.ps
PMC4406738	r	pone.0123503.s028.R
PMC10060364	raw	43440_2023_471_MOESM1_ESM.raw
PMC10060364	raw	43440_2023_471_MOESM2_ESM.raw
PMC10060364	raw	43440_2023_471_MOESM3_ESM.raw
PMC10060364	raw	43440_2023_471_MOESM4_ESM.raw
PMC10060364	raw	43440_2023_471_MOESM5_ESM.raw
PMC10065275	do	pone.0283760.s002.do
PMC10066096	rmd	10071_2023_1748_MOESM3_ESM.rmd
PMC10072460	sps	pone.0282734.s013.sps
PMC10081780	m	pone.0284163.s002.m
PMC10083007	r	peerj-11-15088-s013.r
PMC10083007	r	peerj-11-15088-s014.r
PMC10083007	r	peerj-11-15088-s015.r
PMC10083007	r	peerj-11-15088-s016.r
PMC10083007	r	peerj-11-15088-s017.r
PMC10083007	r	peerj-11-15088-s018.r
PMC10097812	svg	41598_2023_32744_MOESM1_ESM.svg
PMC4412817	cps	pone.0121216.s001.cps
PMC4412817	cps	pone.0121216.s002.cps
PMC10105562	ipynb	peerj-11-15124-s006.ipynb
PMC10107148	sas	SIM-42-353-s001.sas
PMC4414528	nb	pgen.1005183.s020.nb
PMC10121008	tex	pone.0284563.s002.tex
PMC10121008	tex	pone.0284563.s003.tex
PMC4416937	m	pone.0125039.s002.m
PMC10160108	r	41598_2023_32615_MOESM2_ESM.r
PMC4421980	ps	supp_gad.260174.115_TableS1.ps
PMC4422649	c	pgen.1005201.s002.c
PMC4422738	r	pone.0125441.s002.R
PMC4422738	r	pone.0125441.s003.R
PMC4422738	r	pone.0125441.s004.R
PMC4423121	m	elife05697s003.m
PMC10188398	ox	11336_2022_9881_MOESM1_ESM.ox
PMC10193785	svg	12859_2023_5335_MOESM1_ESM.svg
PMC10193785	svg	12859_2023_5335_MOESM2_ESM.svg
PMC10193785	svg	12859_2023_5335_MOESM3_ESM.svg
PMC10194960	py	pone.0285630.s001.py
PMC10194960	py	pone.0285630.s002.py
PMC10194960	py	pone.0285630.s003.py
PMC10196316	dot	11255_2023_3605_MOESM2_ESM.dot
PMC4426332	r	biodiversity_data_journal-3-e4162-s001.r
PMC4426332	sh	biodiversity_data_journal-3-e4162-s002.sh
PMC4427287	sps	pone.0125390.s003.sps
PMC4427321	py	pcbi.1004176.s001.py
PMC4427446	do	pone.0125826.s004.do
PMC4427446	do	pone.0125826.s005.do
PMC4427446	do	pone.0125826.s006.do
PMC4428296	ps	supp_bht333_bht333supp_fig1.ps
PMC4428296	ps	supp_bht333_bht333supp_fig2.ps
PMC4428296	ps	supp_bht333_bht333supp_fig3.ps
PMC4428296	ps	supp_bht333_bht333supp_fig4.ps
PMC4428296	ps	supp_bht333_bht333supp_fig5.ps
PMC4428296	ps	supp_bht333_bht333supp_fig6.ps
PMC4429013	r	pone.0125334.s001.R
PMC4429013	r	pone.0125334.s002.R
PMC10226024	sps	10389_2023_1937_MOESM1_ESM.sps
PMC10231840	svg	pcbi.1011118.s003.svg
PMC10231840	svg	pcbi.1011118.s004.svg
PMC10235069	ps	41467_2023_38519_MOESM3_ESM.ps
PMC4431879	tex	pone.0126484.s001.tex
PMC10249618	r	peerj-11-15516-s003.r
PMC10271914	r	40798_2023_591_MOESM9_ESM.r
PMC4435750	mat	pone.0127364.s003.mat
PMC4435750	mat	pone.0127364.s004.mat
PMC4435750	mat	pone.0127364.s005.mat
PMC4436354	r	pone.0127882.s001.R
PMC10280269	ipynb	peerj-cs-09-1154-s002.ipynb
PMC10280395	py	peerj-cs-09-1353-s002.py
PMC10280405	py	peerj-cs-09-1299-s002.py
PMC10280405	py	peerj-cs-09-1299-s003.py
PMC10280405	py	peerj-cs-09-1299-s004.py
PMC10280405	py	peerj-cs-09-1299-s005.py
PMC10280405	py	peerj-cs-09-1299-s006.py
PMC10280405	py	peerj-cs-09-1299-s007.py
PMC10280405	py	peerj-cs-09-1299-s008.py
PMC10280405	py	peerj-cs-09-1299-s009.py
PMC10280405	py	peerj-cs-09-1299-s010.py
PMC10280405	py	peerj-cs-09-1299-s011.py
PMC10280457	py	peerj-cs-09-1281-s001.py
PMC10280503	py	peerj-cs-09-1387-s001.py
PMC10284378	r	pone.0285026.s001.R
PMC10287000	r	pgph.0000544.s002.R
PMC10287638	do	41598_2023_36497_MOESM1_ESM.do
PMC4438072	m	pone.0126158.s004.m
PMC10290449	r	peerj-11-15542-s002.r
PMC4439076	nb	pgen.1005237.s003.nb
PMC4439133	m	pone.0126137.s002.m
PMC10303491	r	sj-R-4-evp-10.1177_14747049221110603.R
PMC10303491	r	sj-R-5-evp-10.1177_14747049221110603.R
PMC4440390	ps	cyto0087-0104-sd1.ps
PMC4440390	ps	cyto0087-0104-sd2.ps
PMC4440391	r	env0026-0268-sd1.R
PMC10308692	rmd	12967_2023_4191_MOESM2_ESM.rmd
PMC4441051	ps	supp_29.10.1032_FigS1_MIWI-IP_human_piRNAs_and_UCSC_total.ps
PMC4441051	ps	supp_29.10.1032_FigS2_Signature_cleavage_sense_piRNAs_MIWI-IP_and_RACE_pie_charts.ps
PMC4441051	ps	supp_29.10.1032_FigS3_Mismatches_count_in_top_hits.ps
PMC4441051	ps	supp_29.10.1032_FigS4_TE_silencing.ps
PMC4441051	ps	supp_29.10.1032_FigS5_Fold_change_heat_map.ps
PMC4441051	ps	supp_29.10.1032_FigS6_MIWI_has_no_preference_for_t1A.ps
PMC4441051	ps	supp_29.10.1032_FigS7_Sperm_head_BF.ps
PMC4441054	ps	supp_gad.256693.114_Supp_Fig1.ps
PMC4441054	ps	supp_gad.256693.114_Supp_Fig2.ps
PMC4441054	ps	supp_gad.256693.114_Supp_Fig3.ps
PMC4441054	ps	supp_gad.256693.114_Supp_Fig4.ps
PMC4441054	ps	supp_gad.256693.114_Supp_Fig5.ps
PMC10311829	svg	13071_2023_5816_MOESM7_ESM.svg
PMC10319259	java	peerj-cs-09-1444-s001.java
PMC4448803	mat	rsos140494supp1.mat
PMC4448803	mat	rsos140494supp2.mat
PMC10363343	py	peerj-11-15721-s001.py
PMC4448827	m	rsos140550supp2.m
PMC4448827	cdf	rsos140550supp3.cdf
PMC4448827	m	rsos140550supp4.m
PMC4448827	cdf	rsos140550supp5.cdf
PMC4449003	mat	pcbi.1004301.s012.mat
PMC10374001	r	pone.0289283.s010.R
PMC10399885	tex	pone.0288469.s001.tex
PMC10399885	tex	pone.0288469.s002.tex
PMC4455770	r	supp_g3.114.011783_FileS2.R
PMC10411857	r	NIHMS1919106-supplement-Analysis_from_raw_data_R.r
PMC10411857	m	NIHMS1919106-supplement-dipstart_m.m
PMC10411857	m	NIHMS1919106-supplement-find_peaks_above_noise_threshold_m.m
PMC10411857	m	NIHMS1919106-supplement-isodata_threshold_3D_m.m
PMC10411857	m	NIHMS1919106-supplement-localize_spots_in_cell_in_3D_version_3_m.m
PMC10413501	r	12944_2023_1883_MOESM3_ESM.r
PMC4456392	tex	pone.0129200.s001.tex
PMC4456392	tex	pone.0129200.s002.tex
PMC4456392	tex	pone.0129200.s003.tex
PMC4456392	tex	pone.0129200.s004.tex
PMC4456392	tex	pone.0129200.s005.tex
PMC4457811	java	pcbi.1004291.s001.java
PMC4457811	java	pcbi.1004291.s002.java
PMC4457858	pl	pone.0129127.s005.pl
PMC4457858	pl	pone.0129127.s006.pl
PMC10460463	py	41587_2022_1654_MOESM3_ESM.py
PMC10467001	sps	sj-sps-4-hpq-10.1177_13591053231159483.sps
PMC4465747	owl	pone.0128752.s009.owl
PMC4465747	rdf	pone.0128752.s010.rdf
PMC4468157	mat	pcbi.1004305.s002.mat
PMC10490998	do	pone.0289421.s004.do
PMC4469326	r	12864_2015_1667_MOESM9_ESM.r
PMC4470510	r	pone.0128019.s005.r
PMC10506703	r	pgph.0002172.s015.R
PMC10506703	r	pgph.0002172.s016.R
PMC10506703	r	pgph.0002172.s017.R
PMC10517608	rmd	sj-Rmd-3-evp-10.1177_14747049231175073.Rmd
PMC10007972	rmd	peerj-11-14985-s003.rmd
PMC10007972	r	peerj-11-14985-s006.r
PMC10036566	ipynb	41467_2023_36786_MOESM4_ESM.ipynb
PMC10140066	r	41598_2023_34104_MOESM2_ESM.r
PMC10140066	r	41598_2023_34104_MOESM3_ESM.r
PMC4482269	m	pone.0125725.s013.m
PMC10284728	tex	40520_2023_2408_MOESM1_ESM.tex
PMC10343056	m	pone.0288329.s011.m
PMC4485961	r	ece30005-1794-sd2.R
PMC4486730	r	pone.0131877.s006.R
PMC4486730	r	pone.0131877.s007.R
PMC4486730	r	pone.0131877.s008.R
PMC4487144	r	elife07295s009.R
PMC4487257	r	pone.0131200.s001.R
PMC4487257	r	pone.0131200.s002.R
PMC4488397	r	pone.0130430.s001.R
PMC4488397	r	pone.0130430.s002.R
PMC10495949	m	peerj-cs-09-1519-s001.m
PMC10495949	m	peerj-cs-09-1519-s002.m
PMC4494033	ps	supp_bhu031_bhu031supp_fig1.ps
PMC4494033	ps	supp_bhu031_bhu031supp_fig2.ps
PMC10495947	py	peerj-cs-09-1442-s003.py
PMC10495971	py	peerj-cs-09-1497-s001.py
PMC4497624	r	pone.0131414.s005.R
PMC4498741	tex	pone.0127358.s020.tex
PMC4499119	pl	supp_gkv244_nar-03338-met-k-2014-File008.pl
PMC4500467	tex	pone.0128529.s006.tex
PMC10557515	m	peerj-cs-09-1598-s001.m
PMC10557523	rmd	peerj-cs-09-1576-s001.rmd
PMC10566692	nb	pcbi.1011525.s002.nb
PMC10569516	rmd	pone.0292606.s013.Rmd
PMC4503424	m	pcbi.1004299.s002.m
PMC4503460	tab	pone.0133053.s001.tab
PMC4503697	r	pone.0131739.s011.R
PMC4503723	pl	pone.0133085.s004.pl
PMC10582252	r	41598_2023_42653_MOESM9_ESM.r
PMC4505962	mat	pone.0133463.s001.mat
PMC4507858	r	pone.0132801.s002.R
PMC10607589	r	peerj-11-16120-s001.r
PMC10613175	m	10237_2023_1749_MOESM2_ESM.m
PMC10613175	m	10237_2023_1749_MOESM3_ESM.m
PMC4510006	ps	supp_gr.184978.114_Supp_Fig2.ps
PMC4510124	tex	pone.0129551.s001.tex
PMC4510124	tex	pone.0129551.s002.tex
PMC4510124	tex	pone.0129551.s003.tex
PMC10617316	r	APS3-11-e11551-s002.R
PMC10617364	r	APS3-11-e11552-s003.r
PMC10625722	ipynb	sj-ipynb-1-mdm-10.1177_0272989X231188027.ipynb
PMC10625722	ipynb	sj-ipynb-2-mdm-10.1177_0272989X231188027.ipynb
PMC10625722	ipynb	sj-ipynb-3-mdm-10.1177_0272989X231188027.ipynb
PMC10625722	ipynb	sj-ipynb-5-mdm-10.1177_0272989X231188027.ipynb
PMC10625722	ipynb	sj-ipynb-6-mdm-10.1177_0272989X231188027.ipynb
PMC10625763	r	peerj-11-16290-s010.r
PMC4511787	r	pone.0130127.s002.R
PMC10630412	svg	41598_2023_46020_MOESM1_ESM.svg
PMC10630412	svg	41598_2023_46020_MOESM2_ESM.svg
PMC10630412	svg	41598_2023_46020_MOESM3_ESM.svg
PMC10630412	svg	41598_2023_46020_MOESM8_ESM.svg
PMC10630412	svg	41598_2023_46020_MOESM9_ESM.svg
PMC4514478	pl	pone.0133421.s001.pl
PMC4514478	pl	pone.0133421.s002.pl
PMC4514553	ps	NIHMS670957-supplement-10.ps
PMC4514553	ps	NIHMS670957-supplement-11.ps
PMC4514553	ps	NIHMS670957-supplement-2.ps
PMC4514553	ps	NIHMS670957-supplement-3.ps
PMC4514553	ps	NIHMS670957-supplement-4.ps
PMC4514553	ps	NIHMS670957-supplement-5.ps
PMC4514553	ps	NIHMS670957-supplement-6.ps
PMC4514553	ps	NIHMS670957-supplement-7.ps
PMC4514553	ps	NIHMS670957-supplement-8.ps
PMC4514553	ps	NIHMS670957-supplement-9.ps
PMC4514844	nb	pone.0132273.s001.nb
PMC4514851	sh	pone.0132448.s018.sh
PMC4514851	sh	pone.0132448.s019.sh
PMC4514851	sh	pone.0132448.s020.sh
PMC10653452	sql	pone.0290581.s001.sql
PMC10653500	tex	pone.0293455.s002.tex
PMC10653500	tex	pone.0293455.s003.tex
PMC10653500	tex	pone.0293455.s004.tex
PMC10653500	tex	pone.0293455.s005.tex
PMC10653500	tex	pone.0293455.s006.tex
PMC10653500	tex	pone.0293455.s007.tex
PMC10653500	tex	pone.0293455.s008.tex
PMC4516488	c	jcmm0013-3315-sd2.c
PMC4519184	nb	pone.0132907.s002.nb
PMC10663885	tex	RA-013-D3RA06375E-s001.tex
PMC4523354	cpp	ece30005-2572-sd1.cpp
PMC4527677	sas	pone.0134656.s001.sas
PMC10715725	nb	elife-87238-supp1.nb
PMC10721170	kml	pntd.0011809.s001.kml
PMC4534460	bib	pone.0132819.s002.bib
PMC4534460	r	pone.0132819.s003.R
PMC4534842	r	elife08261s003.R
PMC4534842	r	elife08261s004.R
PMC10771081	r	peerj-12-16672-s003.r
PMC10773566	ino	peerj-cs-09-1563-s027.ino
PMC10773874	m	peerj-cs-09-1719-s002.m
PMC10773874	m	peerj-cs-09-1719-s003.m
PMC10773874	m	peerj-cs-09-1719-s004.m
PMC10773924	py	peerj-cs-09-1771-s006.py
PMC10773924	py	peerj-cs-09-1771-s007.py
PMC10773924	py	peerj-cs-09-1771-s008.py
PMC10773924	py	peerj-cs-09-1771-s009.py
PMC10803081	py	peerj-cs-10-1733-s002.py
PMC10803081	ipynb	peerj-cs-10-1733-s003.ipynb
PMC10821993	r	peerj-cs-10-1811-s001.r
PMC10821993	r	peerj-cs-10-1811-s002.r
PMC4546387	m	pcbi.1004165.s001.m
PMC4546387	m	pcbi.1004165.s002.m
PMC4546669	cpp	pcbi.1004449.s009.cpp
PMC4547091	m	elife07935s001.m
PMC4549940	mat	rsta20140405supp1.mat
PMC4550284	nb	pone.0136088.s002.nb
PMC4550404	sps	pone.0136411.s004.sps
PMC4550404	sps	pone.0136411.s005.sps
PMC10894878	r	41598_2024_55230_MOESM2_ESM.r
PMC4552165	sas	pone.0135645.s001.sas
PMC4552565	m	pone.0136591.s010.m
PMC4552826	pl	pone.0136362.s004.pl
PMC10908261	m	peerj-12-17021-s001.m
PMC10909234	py	peerj-cs-10-1837-s001.py
PMC10909234	py	peerj-cs-10-1837-s002.py
PMC10911604	r	pone.0294116.s005.R
PMC10912124	mat	11538_2024_1267_MOESM100_ESM.mat
PMC10912124	mat	11538_2024_1267_MOESM101_ESM.mat
PMC10912124	mat	11538_2024_1267_MOESM102_ESM.mat
PMC10912124	mat	11538_2024_1267_MOESM103_ESM.mat
PMC10912124	mat	11538_2024_1267_MOESM104_ESM.mat
PMC10912124	mat	11538_2024_1267_MOESM105_ESM.mat
PMC10912124	mat	11538_2024_1267_MOESM106_ESM.mat
PMC10912124	mat	11538_2024_1267_MOESM107_ESM.mat
PMC10912124	mat	11538_2024_1267_MOESM108_ESM.mat
PMC10912124	mat	11538_2024_1267_MOESM109_ESM.mat
PMC10912124	mat	11538_2024_1267_MOESM10_ESM.mat
PMC10912124	mat	11538_2024_1267_MOESM110_ESM.mat
PMC10912124	mat	11538_2024_1267_MOESM111_ESM.mat
PMC10912124	mat	11538_2024_1267_MOESM112_ESM.mat
PMC10912124	mat	11538_2024_1267_MOESM113_ESM.mat
PMC10912124	mat	11538_2024_1267_MOESM114_ESM.mat
PMC10912124	mat	11538_2024_1267_MOESM115_ESM.mat
PMC10912124	mat	11538_2024_1267_MOESM116_ESM.mat
PMC10912124	mat	11538_2024_1267_MOESM117_ESM.mat
PMC10912124	mat	11538_2024_1267_MOESM118_ESM.mat
PMC10912124	mat	11538_2024_1267_MOESM119_ESM.mat
PMC10912124	mat	11538_2024_1267_MOESM11_ESM.mat
PMC10912124	mat	11538_2024_1267_MOESM120_ESM.mat
PMC10912124	mat	11538_2024_1267_MOESM121_ESM.mat
PMC10912124	mat	11538_2024_1267_MOESM122_ESM.mat
PMC10912124	mat	11538_2024_1267_MOESM123_ESM.mat
PMC10912124	mat	11538_2024_1267_MOESM124_ESM.mat
PMC10912124	mat	11538_2024_1267_MOESM125_ESM.mat
PMC10912124	mat	11538_2024_1267_MOESM126_ESM.mat
PMC10912124	mat	11538_2024_1267_MOESM127_ESM.mat
PMC10912124	mat	11538_2024_1267_MOESM128_ESM.mat
PMC10912124	mat	11538_2024_1267_MOESM129_ESM.mat
PMC10912124	mat	11538_2024_1267_MOESM12_ESM.mat
PMC10912124	mat	11538_2024_1267_MOESM130_ESM.mat
PMC10912124	mat	11538_2024_1267_MOESM13_ESM.mat
PMC10912124	mat	11538_2024_1267_MOESM14_ESM.mat
PMC10912124	mat	11538_2024_1267_MOESM15_ESM.mat
PMC10912124	mat	11538_2024_1267_MOESM16_ESM.mat
PMC10912124	mat	11538_2024_1267_MOESM17_ESM.mat
PMC10912124	mat	11538_2024_1267_MOESM18_ESM.mat
PMC10912124	mat	11538_2024_1267_MOESM19_ESM.mat
PMC10912124	mat	11538_2024_1267_MOESM1_ESM.mat
PMC10912124	mat	11538_2024_1267_MOESM20_ESM.mat
PMC10912124	mat	11538_2024_1267_MOESM21_ESM.mat
PMC10912124	mat	11538_2024_1267_MOESM22_ESM.mat
PMC10912124	mat	11538_2024_1267_MOESM23_ESM.mat
PMC10912124	mat	11538_2024_1267_MOESM24_ESM.mat
PMC10912124	mat	11538_2024_1267_MOESM25_ESM.mat
PMC10912124	mat	11538_2024_1267_MOESM26_ESM.mat
PMC10912124	mat	11538_2024_1267_MOESM27_ESM.mat
PMC10912124	mat	11538_2024_1267_MOESM28_ESM.mat
PMC10912124	mat	11538_2024_1267_MOESM29_ESM.mat
PMC10912124	mat	11538_2024_1267_MOESM2_ESM.mat
PMC10912124	mat	11538_2024_1267_MOESM30_ESM.mat
PMC10912124	mat	11538_2024_1267_MOESM31_ESM.mat
PMC10912124	mat	11538_2024_1267_MOESM32_ESM.mat
PMC10912124	mat	11538_2024_1267_MOESM33_ESM.mat
PMC10912124	mat	11538_2024_1267_MOESM34_ESM.mat
PMC10912124	mat	11538_2024_1267_MOESM35_ESM.mat
PMC10912124	mat	11538_2024_1267_MOESM36_ESM.mat
PMC10912124	mat	11538_2024_1267_MOESM37_ESM.mat
PMC10912124	mat	11538_2024_1267_MOESM38_ESM.mat
PMC10912124	mat	11538_2024_1267_MOESM39_ESM.mat
PMC10912124	mat	11538_2024_1267_MOESM3_ESM.mat
PMC10912124	mat	11538_2024_1267_MOESM40_ESM.mat
PMC10912124	mat	11538_2024_1267_MOESM41_ESM.mat
PMC10912124	mat	11538_2024_1267_MOESM42_ESM.mat
PMC10912124	mat	11538_2024_1267_MOESM43_ESM.mat
PMC10912124	mat	11538_2024_1267_MOESM44_ESM.mat
PMC10912124	mat	11538_2024_1267_MOESM45_ESM.mat
PMC10912124	mat	11538_2024_1267_MOESM46_ESM.mat
PMC10912124	mat	11538_2024_1267_MOESM47_ESM.mat
PMC10912124	mat	11538_2024_1267_MOESM48_ESM.mat
PMC10912124	mat	11538_2024_1267_MOESM49_ESM.mat
PMC10912124	mat	11538_2024_1267_MOESM4_ESM.mat
PMC10912124	mat	11538_2024_1267_MOESM50_ESM.mat
PMC10912124	mat	11538_2024_1267_MOESM51_ESM.mat
PMC10912124	mat	11538_2024_1267_MOESM52_ESM.mat
PMC10912124	mat	11538_2024_1267_MOESM53_ESM.mat
PMC10912124	mat	11538_2024_1267_MOESM54_ESM.mat
PMC10912124	mat	11538_2024_1267_MOESM55_ESM.mat
PMC10912124	mat	11538_2024_1267_MOESM56_ESM.mat
PMC10912124	mat	11538_2024_1267_MOESM57_ESM.mat
PMC10912124	mat	11538_2024_1267_MOESM58_ESM.mat
PMC10912124	mat	11538_2024_1267_MOESM59_ESM.mat
PMC10912124	mat	11538_2024_1267_MOESM5_ESM.mat
PMC10912124	mat	11538_2024_1267_MOESM60_ESM.mat
PMC10912124	mat	11538_2024_1267_MOESM61_ESM.mat
PMC10912124	mat	11538_2024_1267_MOESM62_ESM.mat
PMC10912124	mat	11538_2024_1267_MOESM63_ESM.mat
PMC10912124	mat	11538_2024_1267_MOESM64_ESM.mat
PMC10912124	mat	11538_2024_1267_MOESM65_ESM.mat
PMC10912124	mat	11538_2024_1267_MOESM66_ESM.mat
PMC10912124	mat	11538_2024_1267_MOESM67_ESM.mat
PMC10912124	mat	11538_2024_1267_MOESM68_ESM.mat
PMC10912124	mat	11538_2024_1267_MOESM69_ESM.mat
PMC10912124	mat	11538_2024_1267_MOESM6_ESM.mat
PMC10912124	mat	11538_2024_1267_MOESM70_ESM.mat
PMC10912124	mat	11538_2024_1267_MOESM71_ESM.mat
PMC10912124	mat	11538_2024_1267_MOESM72_ESM.mat
PMC10912124	mat	11538_2024_1267_MOESM73_ESM.mat
PMC10912124	mat	11538_2024_1267_MOESM74_ESM.mat
PMC10912124	mat	11538_2024_1267_MOESM75_ESM.mat
PMC10912124	mat	11538_2024_1267_MOESM76_ESM.mat
PMC10912124	mat	11538_2024_1267_MOESM77_ESM.mat
PMC10912124	mat	11538_2024_1267_MOESM78_ESM.mat
PMC10912124	mat	11538_2024_1267_MOESM79_ESM.mat
PMC10912124	mat	11538_2024_1267_MOESM7_ESM.mat
PMC10912124	mat	11538_2024_1267_MOESM80_ESM.mat
PMC10912124	mat	11538_2024_1267_MOESM81_ESM.mat
PMC10912124	mat	11538_2024_1267_MOESM82_ESM.mat
PMC10912124	mat	11538_2024_1267_MOESM83_ESM.mat
PMC10912124	mat	11538_2024_1267_MOESM84_ESM.mat
PMC10912124	mat	11538_2024_1267_MOESM85_ESM.mat
PMC10912124	mat	11538_2024_1267_MOESM86_ESM.mat
PMC10912124	mat	11538_2024_1267_MOESM87_ESM.mat
PMC10912124	mat	11538_2024_1267_MOESM88_ESM.mat
PMC10912124	mat	11538_2024_1267_MOESM89_ESM.mat
PMC10912124	mat	11538_2024_1267_MOESM8_ESM.mat
PMC10912124	mat	11538_2024_1267_MOESM90_ESM.mat
PMC10912124	mat	11538_2024_1267_MOESM91_ESM.mat
PMC10912124	mat	11538_2024_1267_MOESM92_ESM.mat
PMC10912124	mat	11538_2024_1267_MOESM93_ESM.mat
PMC10912124	mat	11538_2024_1267_MOESM94_ESM.mat
PMC10912124	mat	11538_2024_1267_MOESM95_ESM.mat
PMC10912124	mat	11538_2024_1267_MOESM96_ESM.mat
PMC10912124	mat	11538_2024_1267_MOESM97_ESM.mat
PMC10912124	mat	11538_2024_1267_MOESM98_ESM.mat
PMC10912124	mat	11538_2024_1267_MOESM99_ESM.mat
PMC10912124	mat	11538_2024_1267_MOESM9_ESM.mat
PMC4554989	r	pone.0137333.s001.R
PMC4554992	do	pone.0136972.s002.do
PMC4554993	m	pone.0136877.s003.m
PMC10919641	sps	pone.0299907.s009.sps
PMC10919871	py	pone.0298524.s003.py
PMC10919871	py	pone.0298524.s004.py
PMC10919871	py	pone.0298524.s005.py
PMC10919871	py	pone.0298524.s006.py
PMC10919871	py	pone.0298524.s007.py
PMC10920450	r	11065_2023_9587_MOESM8_ESM.r
PMC4555871	m	elife06925s001.m
PMC4556516	r	pone.0136830.s002.R
PMC4556681	r	pone.0135852.s003.R
PMC10933085	rmd	ECE3-14-e10782-s006.Rmd
PMC4557820	r	12862_2015_458_MOESM5_ESM.r
PMC4557908	pl	pgen.1005492.s013.pl
PMC4558030	mat	pone.0136487.s002.mat
PMC4558564	m	elife-10110-code1.m
PMC4558564	m	elife-10110-code2.m
PMC4558564	m	elife-10110-code3.m
PMC4558564	m	elife-10110-code4.m
PMC4558564	m	elife-10110-code5.m
PMC4558564	m	elife-10110-code6.m
PMC4558784	r	12864_2015_1834_MOESM1_ESM.r
PMC4558784	r	12864_2015_1834_MOESM2_ESM.r
PMC4558828	r	12918_2015_197_MOESM1_ESM.r
PMC4558828	r	12918_2015_197_MOESM2_ESM.r
PMC4558828	r	12918_2015_197_MOESM3_ESM.r
PMC4558828	r	12918_2015_197_MOESM4_ESM.r
PMC4559302	tex	12942_2015_17_MOESM1_ESM.tex
PMC4559359	m	12859_2015_717_MOESM1_ESM.m
PMC4559359	m	12859_2015_717_MOESM2_ESM.m
PMC10950252	do	pone.0299795.s001.do
PMC10950252	do	pone.0299795.s002.do
PMC10955398	bib	S2513843X23000336sup001.bib
PMC10955398	tex	S2513843X23000336sup002.tex
PMC4562117	m	elife06134s001.m
PMC4562162	m	psp40004-0465-sd4.m
PMC4562162	m	psp40004-0465-sd5.m
PMC4562162	m	psp40004-0465-sd6.m
PMC4562609	tex	xlm-XLM-2014-1507-XLM-2014-1507R1_supplemental.tex
PMC4562630	nlogo	pone.0137271.s001.nlogo
PMC4562630	nlogo	pone.0137271.s002.nlogo
PMC4564168	r	pone.0136072.s003.R
PMC7588111	svg	pcbi.1008233.s006.svg
PMC7588111	svg	pcbi.1008233.s007.svg
PMC7588111	svg	pcbi.1008233.s008.svg
PMC7588111	svg	pcbi.1008233.s009.svg
PMC7588111	svg	pcbi.1008233.s010.svg
PMC7588111	svg	pcbi.1008233.s011.svg
PMC7588111	svg	pcbi.1008233.s012.svg
PMC7588111	svg	pcbi.1008233.s013.svg
PMC7588111	svg	pcbi.1008233.s014.svg
PMC7588111	svg	pcbi.1008233.s015.svg
PMC7588111	svg	pcbi.1008233.s016.svg
PMC7588111	svg	pcbi.1008233.s017.svg
PMC7588111	svg	pcbi.1008233.s018.svg
PMC7588111	svg	pcbi.1008233.s019.svg
PMC7938590	rmd	13321_2021_489_MOESM1_ESM.rmd
PMC7938783	r	peerj-09-10682-s013.r
PMC8041820	sh	41598_2021_87107_MOESM5_ESM.sh
PMC8044164	nb	41598_2021_86968_MOESM1_ESM.nb
PMC8044164	nb	41598_2021_86968_MOESM2_ESM.nb
PMC8044164	nb	41598_2021_86968_MOESM3_ESM.nb
PMC8044164	nb	41598_2021_86968_MOESM4_ESM.nb
PMC8044164	nb	41598_2021_86968_MOESM5_ESM.nb
PMC8044164	nb	41598_2021_86968_MOESM6_ESM.nb
PMC8100172	mat	41467_2021_22866_MOESM5_ESM.mat
PMC4569031	tex	ece30005-3352-sd4.tex
PMC4569059	mat	pone.0137792.s001.mat
PMC4569059	mat	pone.0137792.s002.mat
PMC4569059	mat	pone.0137792.s003.mat
PMC4569059	mat	pone.0137792.s004.mat
PMC4569059	mat	pone.0137792.s005.mat
PMC4569059	mat	pone.0137792.s006.mat
PMC4569059	mat	pone.0137792.s007.mat
PMC4569059	mat	pone.0137792.s008.mat
PMC4569531	kml	pone.0137811.s011.kml
PMC4570177	r	12983_2015_114_MOESM1_ESM.r
PMC4570781	r	pone.0138216.s001.R
PMC8237341	json	peerj-cs-07-597-s001.json
PMC8237341	ipynb	peerj-cs-07-597-s002.ipynb
PMC8237341	ipynb	peerj-cs-07-597-s004.ipynb
PMC8292382	sas	41598_2021_93624_MOESM1_ESM.sas
PMC8292382	r	41598_2021_93624_MOESM2_ESM.r
PMC8390884	ss	zookeys-1044-339-s002.ss
PMC4573758	kml	pone.0138557.s001.kml
PMC4573988	mat	pone.0137272.s002.mat
PMC4573988	m	pone.0137272.s003.m
PMC4573988	m	pone.0137272.s004.m
PMC4573988	m	pone.0137272.s005.m
PMC8428713	m	pone.0253392.s001.m
PMC4575076	mat	pbio.1002263.s002.mat
PMC4577211	m	pone.0138642.s001.m
PMC4578408	m	Beilstein_J_Nanotechnol-06-1603-s001.m
PMC4579079	nc	pone.0136154.s002.nc
PMC4579079	nc	pone.0136154.s003.nc
PMC4579079	nc	pone.0136154.s004.nc
PMC4579388	m	elife07909s004.m
PMC8802243	nb	EVL3-6-21-s002.nb
PMC8802791	m	peerj-cs-08-850-s002.m
PMC4580434	mat	pone.0138858.s001.mat
PMC4581040	kml	mmc2.kml
PMC8890661	r	pone.0255334.s002.R
PMC9036158	sps	sj-sps-2-hpq-10.1177_1359105321999710.sps
PMC4587875	do	12889_2015_2305_MOESM2_ESM.do
PMC4587875	do	12889_2015_2305_MOESM3_ESM.do
PMC4587875	do	12889_2015_2305_MOESM4_ESM.do
PMC4590497	r	rsif-2015-0086-File009.R
PMC4592071	mat	pone.0139353.s001.mat
PMC4592071	mat	pone.0139353.s002.mat
PMC4592071	mat	pone.0139353.s003.mat
PMC4592071	mat	pone.0139353.s004.mat
PMC4592071	mat	pone.0139353.s005.mat
PMC4592071	mat	pone.0139353.s006.mat
PMC4592071	mat	pone.0139353.s007.mat
PMC9475543	mat	ADVS-9-2200538-s001.mat
PMC9475543	mat	ADVS-9-2200538-s002.mat
PMC9475543	mat	ADVS-9-2200538-s003.mat
PMC4592262	r	pone.0139711.s004.R
PMC4592534	bib	psp40004-0547-sd1.bib
PMC9508164	rmd	41531_2022_355_MOESM10_ESM.rmd
PMC9508164	rmd	41531_2022_355_MOESM8_ESM.rmd
PMC9509565	r	12859_2022_4928_MOESM4_ESM.r
PMC4593693	r	rsos150367supp2.R
PMC4593693	r	rsos150367supp3.R
PMC4593693	r	rsos150367supp4.R
PMC4595140	py	pcbi.1004408.s001.py
PMC4595140	py	pcbi.1004408.s002.py
PMC4595745	m	elife09800s002.m
PMC9628252	py	AGS3-6-823-s001.py
PMC9653070	py	peerj-10-14343-s010.py
PMC9653070	py	peerj-10-14343-s011.py
PMC4599794	r	12881_2015_236_MOESM10_ESM.r
PMC4599794	r	12881_2015_236_MOESM11_ESM.r
PMC4599794	r	12881_2015_236_MOESM19_ESM.r
PMC4599794	r	12881_2015_236_MOESM20_ESM.r
PMC4599794	r	12881_2015_236_MOESM21_ESM.r
PMC4599794	r	12881_2015_236_MOESM2_ESM.r
PMC4599794	r	12881_2015_236_MOESM5_ESM.r
PMC4599794	r	12881_2015_236_MOESM6_ESM.r
PMC4599794	r	12881_2015_236_MOESM7_ESM.r
PMC4599794	r	12881_2015_236_MOESM8_ESM.r
PMC4599794	r	12881_2015_236_MOESM9_ESM.r
PMC4599883	rmd	pone.0140030.s026.Rmd
PMC9680887	json	peerj-cs-08-1150-s001.json
PMC9680887	json	peerj-cs-08-1150-s002.json
PMC9684496	ts	41598_2022_24718_MOESM1_ESM.ts
PMC9719565	svg	41598_2022_25380_MOESM1_ESM.svg
PMC9719565	svg	41598_2022_25380_MOESM2_ESM.svg
PMC9719565	svg	41598_2022_25380_MOESM3_ESM.svg
PMC4603899	bib	pone.0140110.s002.bib
PMC4604092	pl	13104_2015_1476_MOESM10_ESM.pl
PMC4604092	pl	13104_2015_1476_MOESM11_ESM.pl
PMC9746304	svg	aem.01486-22-s0003.svg
PMC4605599	sps	pone.0140294.s003.sps
PMC9750006	do	pone.0278938.s004.do
PMC4606965	pl	13104_2015_1535_MOESM10_ESM.pl
PMC4606965	pl	13104_2015_1535_MOESM11_ESM.pl
PMC4606965	pl	13104_2015_1535_MOESM12_ESM.pl
PMC4606965	pl	13104_2015_1535_MOESM13_ESM.pl
PMC4606965	pl	13104_2015_1535_MOESM14_ESM.pl
PMC4606965	pl	13104_2015_1535_MOESM15_ESM.pl
PMC4606965	pl	13104_2015_1535_MOESM16_ESM.pl
PMC4606965	pl	13104_2015_1535_MOESM17_ESM.pl
PMC4606965	pl	13104_2015_1535_MOESM18_ESM.pl
PMC4606965	pl	13104_2015_1535_MOESM7_ESM.pl
PMC4606965	pl	13104_2015_1535_MOESM8_ESM.pl
PMC4606965	pl	13104_2015_1535_MOESM9_ESM.pl
PMC4608316	r	12711_2015_153_MOESM3_ESM.r
PMC4608316	r	12711_2015_153_MOESM4_ESM.r
PMC4608316	r	12711_2015_153_MOESM5_ESM.r
PMC9800347	r	11558_2022_9458_MOESM1_ESM.r
PMC4613751	r	12864_2015_1972_MOESM1_ESM.r
PMC9842868	m	mmc1.m
PMC9848648	kml	zookeys-1112-123_article-85950__-s001.kml
PMC9848751	svg	zookeys-1106-141_article-81386__-s003.svg
PMC4617957	r	supp_gr.189068.114_Genomic_window_plot.R
PMC4617967	ps	supp_gr.192682.115_Supplemental_FigureS1.ps
PMC4617967	ps	supp_gr.192682.115_Supplemental_FigureS2.ps
PMC4617967	ps	supp_gr.192682.115_Supplemental_FigureS3.ps
PMC4617967	ps	supp_gr.192682.115_Supplemental_FigureS4.ps
PMC4617967	ps	supp_gr.192682.115_Supplemental_FigureS5.ps
PMC4617967	ps	supp_gr.192682.115_Supplemental_FigureS6.ps
PMC4617967	ps	supp_gr.192682.115_Supplemental_FigureS7.ps
PMC4617969	r	supp_gr.191494.115_Supplemental_Material.R
PMC4618734	m	13071_2015_1136_MOESM2_ESM.m
PMC4618738	c	13071_2015_1159_MOESM4_ESM.c
PMC4618738	r	13071_2015_1159_MOESM5_ESM.r
PMC4618752	m	12918_2015_220_MOESM2_ESM.m
PMC4618948	m	13071_2015_1131_MOESM2_ESM.m
PMC4619353	r	pone.0141127.s005.r
PMC4619353	py	pone.0141127.s006.py
PMC4619353	py	pone.0141127.s007.py
PMC4619525	r	12874_2015_89_MOESM3_ESM.r
PMC9946240	do	pone.0277789.s003.do
PMC4624412	r	pmed.1001893.s004.R
PMC9982413	sps	sj-sps-10-hpq-10.1177_13591053221081905.sps
PMC9982413	sps	sj-sps-12-hpq-10.1177_13591053221081905.sps
PMC9982413	sps	sj-sps-6-hpq-10.1177_13591053221081905.sps
PMC9982413	sps	sj-sps-8-hpq-10.1177_13591053221081905.sps
PMC9983100	svg	sj-svg-2-tam-10.1177_17588359231156669.svg
PMC9983100	svg	sj-svg-3-tam-10.1177_17588359231156669.svg
PMC4627780	m	pcbi.1004550.s002.m
PMC10021252	r	pgph.0000897.s004.R
PMC10021252	r	pgph.0000897.s005.R
PMC10021794	do	pgph.0000110.s007.do
PMC4634584	r	12859_2015_794_MOESM1_ESM.r
PMC4634584	r	12859_2015_794_MOESM3_ESM.r
PMC4634584	r	12859_2015_794_MOESM4_ESM.r
PMC4634584	r	12859_2015_794_MOESM5_ESM.r
PMC4636424	do	pone.0141889.s005.do
PMC10062354	r	peerj-11-15139-s012.r
PMC4640830	tex	pcbi.1004499.s002.tex
PMC10083463	r	APS3-11-e11516-s001.R
PMC10083463	r	APS3-11-e11516-s003.R
PMC4641651	r	pone.0141194.s001.R
PMC4642966	py	pone.0142147.s003.py
PMC10105563	r	peerj-11-15093-s013.r
PMC10105563	r	peerj-11-15093-s014.r
PMC10105563	r	peerj-11-15093-s015.r
PMC4643986	rmd	pone.0142825.s006.Rmd
PMC4646449	r	pone.0142477.s004.R
PMC4647491	py	12864_2015_2108_MOESM2_ESM.py
PMC4647829	tab	12864_2015_2113_MOESM1_ESM.tab
PMC4650369	r	12859_2015_820_MOESM1_ESM.r
PMC4650369	r	12859_2015_820_MOESM2_ESM.r
PMC4650858	rmd	12864_2015_2140_MOESM1_ESM.rmd
PMC4650858	rmd	12864_2015_2140_MOESM2_ESM.rmd
PMC4653878	py	13073_2015_240_MOESM1_ESM.py
PMC4654750	m	13361_2015_1282_MOESM4_ESM.m
PMC4654750	m	13361_2015_1282_MOESM6_ESM.m
PMC4654864	cp	12859_2015_816_MOESM4_ESM.cp
PMC4654864	cp	12859_2015_816_MOESM7_ESM.cp
PMC10189837	r	sj-R-2-eup-10.1177_14651165221142504.R
PMC10189837	r	sj-R-3-eup-10.1177_14651165221142504.R
PMC10189837	r	sj-R-4-eup-10.1177_14651165221142504.R
PMC10189837	r	sj-R-5-eup-10.1177_14651165221142504.R
PMC10189837	yml	sj-yml-9-eup-10.1177_14651165221142504.yml
PMC4659550	r	pone.0143694.s003.R
PMC4659550	r	pone.0143694.s004.R
PMC4659550	r	pone.0143694.s005.R
PMC4659588	mat	pone.0143753.s001.mat
PMC4659588	mat	pone.0143753.s002.mat
PMC4659588	mat	pone.0143753.s003.mat
PMC4659588	mat	pone.0143753.s004.mat
PMC4659588	mat	pone.0143753.s005.mat
PMC4659588	mat	pone.0143753.s006.mat
PMC10229728	m	13137_2023_221_MOESM1_ESM.m
PMC4664750	r	mmc2.r
PMC4664780	r	mmc1.r
PMC4664780	r	mmc2.r
PMC4664780	r	mmc3.r
PMC4667495	patch	13321_2015_107_MOESM9_ESM.patch
PMC10280438	h	peerj-cs-09-1320-s005.h
PMC10280438	cc	peerj-cs-09-1320-s006.cc
PMC10280438	cc	peerj-cs-09-1320-s007.cc
PMC10280438	cc	peerj-cs-09-1320-s008.cc
PMC10280438	cc	peerj-cs-09-1320-s009.cc
PMC10280438	cc	peerj-cs-09-1320-s010.cc
PMC10280438	cc	peerj-cs-09-1320-s011.cc
PMC10280438	h	peerj-cs-09-1320-s012.h
PMC10280438	cc	peerj-cs-09-1320-s013.cc
PMC10280626	py	peerj-cs-09-1215-s001.py
PMC10280626	py	peerj-cs-09-1215-s002.py
PMC4668051	py	pone.0143944.s003.py
PMC4668051	py	pone.0143944.s004.py
PMC4668087	svg	pone.0143626.s001.svg
PMC4669158	m	pone.0143239.s002.m
PMC4669674	psc	12918_2015_236_MOESM1_ESM.psc
PMC4669674	psc	12918_2015_236_MOESM2_ESM.psc
PMC4669674	ipynb	12918_2015_236_MOESM5_ESM.ipynb
PMC4670053	r	ECE3-5-4696-s004.R
PMC4670053	r	ECE3-5-4696-s005.R
PMC4670056	r	ECE3-5-4642-s003.R
PMC10325042	r	pgen.1010445.s039.R
PMC10325042	sas	pgen.1010445.s040.sas
PMC10325062	svg	pone.0280750.s002.svg
PMC4674097	java	pone.0144552.s001.java
PMC4674097	java	pone.0144552.s002.java
PMC4674271	mat	pone.0144153.s001.mat
PMC4674271	mat	pone.0144153.s002.mat
PMC4674271	mat	pone.0144153.s003.mat
PMC4674271	mat	pone.0144153.s004.mat
PMC4674271	mat	pone.0144153.s005.mat
PMC4674271	mat	pone.0144153.s006.mat
PMC4674271	mat	pone.0144153.s007.mat
PMC4674271	mat	pone.0144153.s008.mat
PMC4674971	svg	12984_2015_90_MOESM1_ESM.svg
PMC4674971	svg	12984_2015_90_MOESM3_ESM.svg
PMC4675058	r	12864_2015_2199_MOESM1_ESM.r
PMC4678848	pl	supp_gkv805_nar-01019-met-n-2015-File009.pl
PMC4679390	r	pone.0144949.s001.R
PMC10374153	do	pone.0289310.s003.do
PMC4681880	mat	pone.0143872.s001.mat
PMC4683013	m	pone.0145041.s001.m
PMC4683013	m	pone.0145041.s002.m
PMC4683090	r	pone.0144608.s002.R
PMC4683660	r	supp_g3.115.023481_FileS10.R
PMC4684315	mat	pone.0145307.s002.mat
PMC10399564	rmd	peerj-11-15499-s003.rmd
PMC10403175	m	peerj-cs-09-1466-s001.m
PMC4687027	tex	pcbi.1004659.s005.tex
PMC4687027	tex	pcbi.1004659.s006.tex
PMC4687027	tex	pcbi.1004659.s007.tex
PMC10416771	r	peerj-11-15625-s001.r
PMC4687617	r	pone.0144147.s002.R
PMC4687617	r	pone.0144147.s003.R
PMC4689118	kml	mmc1.kml
PMC4689538	nb	pcbi.1004629.s002.nb
PMC4691319	tex	sim0034-2899-sd2.tex
PMC4691950	ps	supp_29.23.2463_Supplemental_Fig_S1.ps
PMC4691950	ps	supp_29.23.2463_Supplemental_Fig_S2.ps
PMC4691950	ps	supp_29.23.2463_Supplemental_Fig_S3.ps
PMC4691950	ps	supp_29.23.2463_Supplemental_Fig_S4.ps
PMC4692469	for	pone.0145008.s006.FOR
PMC4692469	for	pone.0145008.s007.FOR
PMC4694657	sps	pone.0145952.s008.sps
PMC4694657	sps	pone.0145952.s009.sps
PMC10476611	nb	peerj-11-15539-s007.nb
PMC4699212	mat	pone.0144788.s003.mat
PMC4699834	mat	pone.0145373.s002.mat
PMC4701007	kml	pone.0145864.s001.kml
PMC9707786	mat	pbio.3001881.s006.mat
PMC9707786	mat	pbio.3001881.s007.mat
PMC9707786	mat	pbio.3001881.s008.mat
PMC9707786	mat	pbio.3001881.s009.mat
PMC9707786	mat	pbio.3001881.s010.mat
PMC9707786	mat	pbio.3001881.s011.mat
PMC4709038	sh	pone.0146230.s006.sh
PMC10355460	do	pone.0288705.s002.do
PMC10403169	c	peerj-cs-09-1408-s001.c
PMC10403169	c	peerj-cs-09-1408-s002.c
PMC10403169	c	peerj-cs-09-1408-s004.c
PMC4711578	mat	pcbi.1004682.s002.mat
PMC4711666	pl	pone.0146374.s002.pl
PMC4711941	r	pone.0147162.s003.R
PMC10434901	m	pone.0289941.s003.m
PMC10442104	r	js9-109-2258-s004.r
PMC10450702	m	sj-m-1-sci-10.1177_00368504211026111.m
PMC10450702	m	sj-m-2-sci-10.1177_00368504211026111.m
PMC4716519	r	ECE3-6-267-s007.R
PMC4716519	r	ECE3-6-267-s008.R
PMC4716519	r	ECE3-6-267-s009.R
PMC4716519	r	ECE3-6-267-s010.R
PMC4717339	bib	ECE3-5-5962-s002.bib
PMC4717612	stan	12874_2016_107_MOESM1_ESM.stan
PMC4717622	r	12864_2016_2375_MOESM2_ESM.r
PMC10490861	bib	pone.0291213.s011.bib
PMC4718703	sh	pcbi.1004668.s001.sh
PMC4718703	py	pcbi.1004668.s002.py
PMC4718703	r	pcbi.1004668.s003.R
PMC4719308	ps	supp_gad.273755.115_Figure_S10.ps
PMC4719308	ps	supp_gad.273755.115_Figure_S4.ps
PMC4719308	ps	supp_gad.273755.115_Figure_S6_Col_x_Sha.ps
PMC4719308	ps	supp_gad.273755.115_Figure_S7_Col_x_Bur.ps
PMC4719308	ps	supp_gad.273755.115_Figure_S8.ps
PMC4719308	ps	supp_gad.273755.115_Figure_S9_.ps
PMC4720117	py	pone.0147021.s003.py
PMC4720117	py	pone.0147021.s004.py
PMC4720485	tcl	pcbi.1004701.s013.tcl
PMC4720485	tcl	pcbi.1004701.s014.tcl
PMC4720485	tcl	pcbi.1004701.s015.tcl
PMC10538744	py	pcbi.1011429.s003.py
PMC4723244	m	pone.0146865.s005.m
PMC4723245	m	pone.0147120.s007.m
PMC4723245	m	pone.0147120.s008.m
PMC4723245	m	pone.0147120.s009.m
PMC4723245	m	pone.0147120.s010.m
PMC4723245	m	pone.0147120.s011.m
PMC4723245	m	pone.0147120.s012.m
PMC4723245	m	pone.0147120.s013.m
PMC4723245	m	pone.0147120.s014.m
PMC4723245	m	pone.0147120.s015.m
PMC4723245	m	pone.0147120.s016.m
PMC4723245	m	pone.0147120.s017.m
PMC4723245	m	pone.0147120.s018.m
PMC4723245	m	pone.0147120.s019.m
PMC4723245	m	pone.0147120.s020.m
PMC4723245	m	pone.0147120.s021.m
PMC4723245	m	pone.0147120.s022.m
PMC4723245	m	pone.0147120.s023.m
PMC4723245	m	pone.0147120.s024.m
PMC10555823	sh	41592_2023_1999_MOESM10_ESM.sh
PMC10555823	sh	41592_2023_1999_MOESM11_ESM.sh
PMC10555823	m	41592_2023_1999_MOESM7_ESM.m
PMC10555823	m	41592_2023_1999_MOESM8_ESM.m
PMC10555823	sh	41592_2023_1999_MOESM9_ESM.sh
PMC10556129	frt	41598_2023_42662_MOESM4_ESM.frt
PMC10556129	frt	41598_2023_42662_MOESM5_ESM.frt
PMC4725332	r	ECE3-6-1154-s002.R
PMC4725800	gms	pone.0147502.s001.gms
PMC4726815	cps	pcbi.1004664.s002.cps
PMC4726815	cps	pcbi.1004664.s003.cps
PMC4728792	m	12984_2015_107_MOESM2_ESM.m
PMC10590572	ipynb	peerj-11-16215-s012.ipynb
PMC10584679	r	41586_2023_6577_MOESM4_ESM.r
PMC10585904	do	12889_2023_16868_MOESM1_ESM.do
PMC10585904	do	12889_2023_16868_MOESM2_ESM.do
PMC10587116	svg	41598_2023_44886_MOESM2_ESM.svg
PMC10593243	md	pone.0293181.s029.md
PMC4731079	mat	pone.0147402.s001.mat
PMC4731391	r	pone.0148016.s013.r
PMC10598137	sps	167_2023_7534_MOESM2_ESM.sps
PMC10611648	r	10661_2023_11945_MOESM3_ESM.r
PMC10618514	r	41598_2023_45934_MOESM4_ESM.r
PMC10619819	r	pntd.0011685.s004.R
PMC4735051	cu	40064_2016_1731_MOESM1_ESM.cu
PMC4735051	cu	40064_2016_1731_MOESM2_ESM.cu
PMC4735051	cu	40064_2016_1731_MOESM3_ESM.cu
PMC4735051	cu	40064_2016_1731_MOESM4_ESM.cu
PMC4735051	cu	40064_2016_1731_MOESM5_ESM.cu
PMC10621594	r	peerj-11-16315-s002.r
PMC10621971	ipynb	pcbi.1010768.s002.ipynb
PMC10621971	py	pcbi.1010768.s004.py
PMC10621971	ipynb	pcbi.1010768.s005.ipynb
PMC10621971	ipynb	pcbi.1010768.s006.ipynb
PMC10621971	ipynb	pcbi.1010768.s007.ipynb
PMC4735487	mat	pone.0147799.s001.mat
PMC10619834	m	pone.0293609.s009.m
PMC10619834	m	pone.0293609.s010.m
PMC10634330	sas	peerj-11-15637-s002.sas
PMC10666610	r	peerj-11-16490-s006.r
PMC10666610	r	peerj-11-16490-s009.r
PMC4741060	scala	12859_2016_904_MOESM6_ESM.scala
PMC4741064	tex	peerj-04-1508-s005.tex
PMC10680447	r	peerj-11-16460-s009.r
PMC10688475	r	40168_2023_1692_MOESM3_ESM.r
PMC10688475	r	40168_2023_1692_MOESM4_ESM.r
PMC4743411	py	13321_2016_121_MOESM4_ESM.py
PMC4743417	nlogo	12898_2016_58_MOESM2_ESM.nlogo
PMC4743957	tex	pone.0147715.s001.tex
PMC4743967	mat	pone.0147292.s001.mat
PMC10719108	md	41557_2023_1162_MOESM9_ESM.md
PMC4744429	r	12940_2016_112_MOESM2_ESM.r
PMC4744429	r	12940_2016_112_MOESM3_ESM.r
PMC4744429	r	12940_2016_112_MOESM4_ESM.r
PMC4744429	r	12940_2016_112_MOESM5_ESM.r
PMC4744755	m	MRM-75-473-s002.m
PMC4745173	m	13062_2016_108_MOESM1_ESM.m
PMC4745173	m	13062_2016_108_MOESM2_ESM.m
PMC10730636	yaml	13321_2023_780_MOESM3_ESM.yaml
PMC10731809	do	43058_2023_536_MOESM1_ESM.do
PMC4747541	r	pone.0148781.s003.R
PMC4749572	r	pone.0146465.s001.R
PMC4750361	rmd	40168_2016_151_MOESM5_ESM.rmd
PMC4750973	pl	pone.0149061.s007.pl
PMC4750973	pl	pone.0149061.s008.pl
PMC4750973	pl	pone.0149061.s009.pl
PMC4752957	r	ECE3-6-1656-s001.R
PMC4752957	r	ECE3-6-1656-s004.R
PMC4752957	r	ECE3-6-1656-s006.R
PMC4752957	r	ECE3-6-1656-s007.R
PMC4752957	r	ECE3-6-1656-s008.R
PMC4752957	r	ECE3-6-1656-s009.R
PMC10771094	r	peerj-12-16718-s002.r
PMC10773451	r	peerj-12-16704-s002.r
PMC10773563	r	peerj-cs-09-1644-s005.r
PMC10773896	json	peerj-cs-09-1725-s001.json
PMC10773896	json	peerj-cs-09-1725-s002.json
PMC10773896	json	peerj-cs-09-1725-s003.json
PMC10781192	do	pone.0293059.s002.do
PMC10785794	r	peerj-12-16693-s003.r
PMC4755533	r	pone.0148820.s001.R
PMC4757773	bib	ECE3-6-1737-s002.bib
PMC4758412	nc	GRL-42-5485-s002.nc
PMC4758412	nc	GRL-42-5485-s003.nc
PMC4759448	r	biodiversity_data_journal-4-e7606-s001.r
PMC4759450	r	pcbi.1004718.s003.R
PMC4760142	r	rstb20150212supp3.r
PMC4760142	r	rstb20150212supp4.r
PMC4760142	r	rstb20150212supp5.r
PMC10716046	r	41594_2023_1156_MOESM5_ESM.r
PMC4761769	bib	ECE3-6-1236-s006.bib
PMC4761769	tex	ECE3-6-1236-s008.tex
PMC4762938	m	pcbi.1004741.s014.m
PMC4764494	py	pone.0149575.s001.py
PMC10740607	r	peerj-11-16631-s005.r
PMC4768681	tex	peerj-04-1719-s016.tex
PMC4768681	tex	peerj-04-1719-s017.tex
PMC4769132	r	pone.0150167.s007.R
PMC4769132	r	pone.0150167.s008.R
PMC4769132	r	pone.0150167.s009.R
PMC4769132	r	pone.0150167.s010.R
PMC4769132	r	pone.0150167.s011.R
PMC4769132	r	pone.0150167.s012.R
PMC4769219	mat	pone.0150161.s001.mat
PMC10763930	do	pone.0292011.s004.do
PMC4771709	py	pcbi.1004792.s001.py
PMC4771718	r	pone.0148966.s008.r
PMC4772446	ini	13065_2016_155_MOESM4_ESM.ini
PMC4773013	r	pone.0149852.s001.R
PMC10791547	svg	NIHMS1951776-supplement-Supplemental_Fig__1.svg
PMC10791547	svg	NIHMS1951776-supplement-Supplemental_Fig__2.svg
PMC10791547	svg	NIHMS1951776-supplement-Supplemental_Fig__3.svg
PMC10791547	svg	NIHMS1951776-supplement-Supplemental_Fig__4.svg
PMC10799879	r	41598_2024_51762_MOESM5_ESM.r
PMC10799879	r	41598_2024_51762_MOESM6_ESM.r
PMC4774996	kml	pone.0149254.s001.kml
PMC4777114	r	supp_g3.115.023432_FileS1.R
PMC4777320	r	pone.0149594.s004.R
PMC4777540	cp	pgen.1005891.s010.cp
PMC10821971	sh	262_2023_3610_MOESM1_ESM.sh
PMC4778922	mat	pone.0150005.s001.mat
PMC4780711	r	pone.0149298.s005.R
PMC10754938	tex	41598_2023_49979_MOESM1_ESM.tex
PMC4782735	r	peerj-04-1720-s001.r
PMC4782735	r	peerj-04-1720-s002.r
PMC10773567	py	peerj-cs-09-1596-s001.py
PMC10773567	py	peerj-cs-09-1596-s002.py
PMC10773567	py	peerj-cs-09-1596-s003.py
PMC10773567	py	peerj-cs-09-1596-s004.py
PMC10773567	md	peerj-cs-09-1596-s005.md
PMC10773739	py	peerj-cs-09-1737-s001.py
PMC10773739	py	peerj-cs-09-1737-s002.py
PMC10773739	py	peerj-cs-09-1737-s003.py
PMC10773739	py	peerj-cs-09-1737-s004.py
PMC10773739	py	peerj-cs-09-1737-s005.py
PMC10773739	py	peerj-cs-09-1737-s006.py
PMC10773739	py	peerj-cs-09-1737-s007.py
PMC10773739	py	peerj-cs-09-1737-s008.py
PMC10773739	py	peerj-cs-09-1737-s009.py
PMC10773739	py	peerj-cs-09-1737-s010.py
PMC10773900	r	peerj-cs-10-1735-s001.r
PMC10775976	r	pmed.1004255.s002.R
PMC4784174	nb	JEB-29-560-s002.nb
PMC4784174	nb	JEB-29-560-s003.nb
PMC10787206	r	PSP4-13-54-s001.r
PMC10787206	r	PSP4-13-54-s002.r
PMC10787206	r	PSP4-13-54-s004.r
PMC4785990	m	rsos150685supp6.m
PMC4785990	m	rsos150685supp7.m
PMC4785990	m	rsos150685supp8.m
PMC4785994	do	HoltermannNepalJCRcommands.do
PMC4786096	r	pcbi.1004695.s005.R
PMC4788925	r	12859_2016_971_MOESM1_ESM.r
PMC10799535	sps	sj-sps-4-hpq-10.1177_13591053231178093.sps
PMC10799535	sps	sj-sps-5-hpq-10.1177_13591053231178093.sps
PMC4788975	r	ECE3-6-2426-s002.r
PMC10803060	ipynb	peerj-cs-10-1793-s001.ipynb
PMC4790954	pl	pone.0149560.s001.pl
PMC4792435	nlogo	pone.0151500.s003.nlogo
PMC4792881	m	mmc1.m
PMC4792881	mat	mmc2.mat
PMC4794119	py	pone.0151323.s005.py
PMC4794861	kml	13071_2016_1443_MOESM1_ESM.kml
PMC4794861	kml	13071_2016_1443_MOESM2_ESM.kml
PMC10832182	svg	13007_2024_1136_MOESM2_ESM.svg
PMC10832182	svg	13007_2024_1136_MOESM3_ESM.svg
PMC10832182	svg	13007_2024_1136_MOESM4_ESM.svg
PMC10832182	svg	13007_2024_1136_MOESM5_ESM.svg
PMC4795700	ipynb	pone.0151861.s003.ipynb
PMC10836204	r	peerj-12-16713-s003.r
PMC10861041	m	pone.0296827.s002.m
PMC4801062	owl	pone.0149263.s003.owl
PMC4801976	r	ECE3-6-1646-s004.R
PMC4801993	py	10822_2016_9900_MOESM1_ESM.py
PMC4802579	r	12859_2016_987_MOESM2_ESM.r
PMC4802579	r	12859_2016_987_MOESM3_ESM.r
PMC10883152	r	peerj-12-16915-s002.r
PMC4803229	r	pone.0150547.s007.R
PMC4803229	r	pone.0150547.s008.R
PMC10901322	do	pone.0298085.s012.do
PMC10906263	r	peerj-12-17004-s006.r
PMC10909171	ipynb	peerj-cs-10-1858-s002.ipynb
PMC10909220	m	peerj-cs-10-1862-s001.m
PMC4807039	r	pone.0152070.s009.r
PMC4807039	r	pone.0152070.s010.r
PMC4807039	r	pone.0152070.s011.r
PMC4807039	r	pone.0152070.s012.r
PMC4807039	r	pone.0152070.s013.r
PMC4807399	r	NIHMS740646-supplement-Supp5.r
PMC4807399	r	NIHMS740646-supplement-Supp6.r
PMC4807399	r	NIHMS740646-supplement-Supp7.r
PMC4807399	r	NIHMS740646-supplement-Supp8.r
PMC10938666	svg	42523_2024_300_MOESM8_ESM.svg
PMC10939259	do	pgph.0002822.s001.do
PMC4807595	pl	13059_2016_915_MOESM13_ESM.pl
PMC4807595	pl	13059_2016_915_MOESM16_ESM.pl
PMC4807595	rmd	13059_2016_915_MOESM17_ESM.rmd
PMC4809506	m	pone.0151461.s002.m
PMC4809573	tex	pone.0145159.s001.tex
PMC4809573	tex	pone.0145159.s002.tex
PMC4809573	tex	pone.0145159.s003.tex
PMC4809573	tex	pone.0145159.s004.tex
PMC4809573	tex	pone.0145159.s005.tex
PMC4809573	tex	pone.0145159.s006.tex
PMC4809573	tex	pone.0145159.s007.tex
PMC4812659	r	13071_2016_1466_MOESM1_ESM.r
PMC4812659	r	13071_2016_1466_MOESM4_ESM.r
PMC4813098	asc	ECE3-5-5443-s003.asc
PMC10981882	m	peerj-12-17127-s001.m
PMC4814396	nb	40064_2016_2007_MOESM1_ESM.nb
PMC4814396	nb	40064_2016_2007_MOESM2_ESM.nb
PMC4814396	nb	40064_2016_2007_MOESM3_ESM.nb
PMC4815247	r	13071_2016_1474_MOESM10_ESM.r
PMC4815247	r	13071_2016_1474_MOESM1_ESM.r
PMC4816427	py	pone.0151246.s002.py
PMC7494088	mat	pone.0239148.s003.mat
PMC7496784	java	JDV-34-e334-s001.java
PMC4818025	r	pone.0152792.s002.R
PMC4818877	r	12859_2016_999_MOESM1_ESM.r
PMC4820222	mat	pone.0152950.s002.mat
PMC4820913	java	12859_2016_1000_MOESM1_ESM.java
PMC8106399	pl	peerj-09-11212-s002.pl
PMC8237323	m	peerj-cs-07-576-s001.m
PMC8237323	mat	peerj-cs-07-576-s002.mat
PMC8237323	m	peerj-cs-07-576-s003.m
PMC8237323	m	peerj-cs-07-576-s004.m
PMC8237323	mat	peerj-cs-07-576-s005.mat
PMC8237323	mat	peerj-cs-07-576-s006.mat
PMC8237323	mat	peerj-cs-07-576-s007.mat
PMC8237323	mat	peerj-cs-07-576-s008.mat
PMC8237323	m	peerj-cs-07-576-s009.m
PMC8237323	mat	peerj-cs-07-576-s010.mat
PMC8237323	mat	peerj-cs-07-576-s011.mat
PMC8237323	m	peerj-cs-07-576-s012.m
PMC8237323	mat	peerj-cs-07-576-s013.mat
PMC8237323	m	peerj-cs-07-576-s014.m
PMC8237323	mat	peerj-cs-07-576-s015.mat
PMC8237323	mat	peerj-cs-07-576-s016.mat
PMC8237323	mat	peerj-cs-07-576-s017.mat
PMC8237323	m	peerj-cs-07-576-s018.m
PMC8237323	m	peerj-cs-07-576-s019.m
PMC8237323	mat	peerj-cs-07-576-s020.mat
PMC8237323	mat	peerj-cs-07-576-s021.mat
PMC8237323	mat	peerj-cs-07-576-s022.mat
PMC8237323	mat	peerj-cs-07-576-s023.mat
PMC8237323	mat	peerj-cs-07-576-s024.mat
PMC8237323	mat	peerj-cs-07-576-s025.mat
PMC8237323	m	peerj-cs-07-576-s026.m
PMC8237323	mat	peerj-cs-07-576-s027.mat
PMC8237323	m	peerj-cs-07-576-s028.m
PMC8237323	m	peerj-cs-07-576-s029.m
PMC8237323	m	peerj-cs-07-576-s030.m
PMC8237323	mat	peerj-cs-07-576-s031.mat
PMC8237323	m	peerj-cs-07-576-s032.m
PMC8237323	mat	peerj-cs-07-576-s033.mat
PMC8237323	m	peerj-cs-07-576-s034.m
PMC8237323	mat	peerj-cs-07-576-s035.mat
PMC8237323	m	peerj-cs-07-576-s036.m
PMC8237323	mat	peerj-cs-07-576-s037.mat
PMC8237323	mat	peerj-cs-07-576-s038.mat
PMC8237323	mat	peerj-cs-07-576-s039.mat
PMC8237323	m	peerj-cs-07-576-s040.m
PMC8237323	m	peerj-cs-07-576-s041.m
PMC8237323	mat	peerj-cs-07-576-s042.mat
PMC8237323	mat	peerj-cs-07-576-s043.mat
PMC8237323	mat	peerj-cs-07-576-s044.mat
PMC8237323	m	peerj-cs-07-576-s045.m
PMC8237323	m	peerj-cs-07-576-s046.m
PMC8237323	mat	peerj-cs-07-576-s047.mat
PMC8237323	mat	peerj-cs-07-576-s048.mat
PMC8237323	m	peerj-cs-07-576-s049.m
PMC8237323	m	peerj-cs-07-576-s050.m
PMC8237323	mat	peerj-cs-07-576-s051.mat
PMC8237323	mat	peerj-cs-07-576-s052.mat
PMC8237323	m	peerj-cs-07-576-s053.m
PMC8237323	m	peerj-cs-07-576-s054.m
PMC8237323	mat	peerj-cs-07-576-s055.mat
PMC8237323	mat	peerj-cs-07-576-s056.mat
PMC8237323	m	peerj-cs-07-576-s057.m
PMC8237323	m	peerj-cs-07-576-s058.m
PMC8237323	mat	peerj-cs-07-576-s059.mat
PMC8237323	mat	peerj-cs-07-576-s060.mat
PMC8237323	m	peerj-cs-07-576-s061.m
PMC8237323	m	peerj-cs-07-576-s062.m
PMC8237323	mat	peerj-cs-07-576-s063.mat
PMC8237323	mat	peerj-cs-07-576-s064.mat
PMC8237323	m	peerj-cs-07-576-s065.m
PMC8237323	m	peerj-cs-07-576-s066.m
PMC8237323	mat	peerj-cs-07-576-s067.mat
PMC8237323	mat	peerj-cs-07-576-s068.mat
PMC4823873	r	12866_2016_676_MOESM6_ESM.r
PMC4824374	nb	pcbi.1004833.s005.nb
PMC4824525	rmd	pone.0153160.s002.Rmd
PMC4824881	m	peerj-04-1873-s001.m
PMC4824881	mat	peerj-04-1873-s002.mat
PMC4824896	py	peerj-04-1895-s013.py
PMC8428262	r	peerj-09-12086-s005.r
PMC4826397	ps	supp_gad.276873.115_Supplemental_FigS1.ps
PMC4826397	ps	supp_gad.276873.115_Supplemental_FigS2.ps
PMC4826397	ps	supp_gad.276873.115_Supplemental_FigS3.ps
PMC4826397	ps	supp_gad.276873.115_Supplemental_FigS4.ps
PMC8576544	r	peerj-cs-07-722-s011.r
PMC8576544	r	peerj-cs-07-722-s012.r
PMC8576544	r	peerj-cs-07-722-s013.r
PMC8665921	r	114_2021_1774_MOESM2_ESM.r
PMC4829193	py	pcbi.1004869.s005.py
PMC4829193	r	pcbi.1004869.s006.R
PMC4829193	r	pcbi.1004869.s007.R
PMC4829679	owl	zookeys-569-053-s003.owl
PMC4830620	tex	pone.0153150.s001.tex
PMC4830620	tex	pone.0153150.s005.tex
PMC4830620	tex	pone.0153150.s009.tex
PMC8802244	tex	EVL3-6-46-s002.tex
PMC8802772	c	peerj-cs-08-819-s002.c
PMC4831195	sce	12866_2016_677_MOESM1_ESM.sce
PMC4831195	sce	12866_2016_677_MOESM2_ESM.sce
PMC4831195	sce	12866_2016_677_MOESM3_ESM.sce
PMC8855724	m	peerj-10-12948-s001.m
PMC8855724	mat	peerj-10-12948-s002.mat
PMC4832290	r	MEE3-7-80-s005.R
PMC4832290	r	MEE3-7-80-s006.R
PMC4832290	r	MEE3-7-80-s007.R
PMC4832290	r	MEE3-7-80-s008.R
PMC4832482	nlogo	40462_2016_74_MOESM2_ESM.nlogo
PMC4835076	mat	pone.0152439.s001.mat
PMC4836645	ps	supp_054742.115_FigS1_eps.ps
PMC4836645	ps	supp_054742.115_FigS2_eps.ps
PMC4836645	ps	supp_054742.115_FigS3_eps.ps
PMC4836645	ps	supp_054742.115_FigS4_eps.ps
PMC4836645	ps	supp_054742.115_FigS5_eps.ps
PMC9075618	r	pone.0268083.s002.R
PMC9123891	r	peerj-10-13465-s006.r
PMC9123891	r	peerj-10-13465-s007.r
PMC9123891	r	peerj-10-13465-s008.r
PMC9123891	r	peerj-10-13465-s009.r
PMC9123891	r	peerj-10-13465-s010.r
PMC9123891	r	peerj-10-13465-s011.r
PMC4838294	m	pcbi.1004874.s005.m
PMC4838333	r	pone.0152160.s006.R
PMC4838333	r	pone.0152160.s007.R
PMC4838333	r	pone.0152160.s009.R
PMC4838333	r	pone.0152160.s010.R
PMC9162361	sas	pone.0269227.s005.sas
PMC9162361	r	pone.0269227.s006.R
PMC4839558	mat	pone.0151680.s001.mat
PMC9302746	do	pone.0270883.s002.do
PMC4840964	r	12889_2016_3022_MOESM1_ESM.r
PMC4841247	r	peerj-04-1934-s002.r
PMC4841579	nlogo	pone.0154175.s001.nlogo
PMC4841602	nb	pcbi.1004828.s001.nb
PMC4841602	nb	pcbi.1004828.s002.nb
PMC9390325	r	peerj-10-13898-s001.r
PMC9474538	r	40279_2022_1694_MOESM1_ESM.r
PMC9504446	r	peerj-10-13940-s003.r
PMC4845500	r	12864_2016_2624_MOESM13_ESM.r
PMC4845500	r	12864_2016_2624_MOESM1_ESM.r
PMC4845500	r	12864_2016_2624_MOESM2_ESM.r
PMC4845500	r	12864_2016_2624_MOESM3_ESM.r
PMC4845500	r	12864_2016_2624_MOESM4_ESM.r
PMC4845500	r	12864_2016_2624_MOESM5_ESM.r
PMC4845500	r	12864_2016_2624_MOESM6_ESM.r
PMC4845500	r	12864_2016_2624_MOESM7_ESM.r
PMC4845500	r	12864_2016_2624_MOESM8_ESM.r
PMC4847925	do	pone.0153778.s011.do
PMC4848792	stan	12963_2016_82_MOESM3_ESM.stan
PMC9596406	r	41598_2022_21375_MOESM6_ESM.r
PMC9604015	svg	spectrum.01472-22-s0001.svg
PMC9604015	svg	spectrum.01472-22-s0002.svg
PMC9604015	svg	spectrum.01472-22-s0003.svg
PMC9604015	svg	spectrum.01472-22-s0004.svg
PMC9604015	svg	spectrum.01472-22-s0005.svg
PMC9604015	svg	spectrum.01472-22-s0007.svg
PMC9604015	svg	spectrum.01472-22-s0008.svg
PMC9604015	svg	spectrum.01472-22-s0009.svg
PMC4849738	mat	pone.0154361.s003.mat
PMC4849738	mat	pone.0154361.s004.mat
PMC4849738	mat	pone.0154361.s005.mat
PMC9653054	r	peerj-10-14323-s006.r
PMC4851413	r	pone.0154456.s002.R
PMC4852632	py	rsos150670supp2.py
PMC4852632	r	rsos150670supp4.r
PMC4852632	py	rsos150670supp5.py
PMC4855864	py	12863_2016_373_MOESM4_ESM.py
PMC4856075	ps	supp_g3.116.027300_FigureS1.ps
PMC4856075	ps	supp_g3.116.027300_FigureS2.ps
PMC4856075	ps	supp_g3.116.027300_FigureS3.ps
PMC4856075	ps	supp_g3.116.027300_FigureS4.ps
PMC4856098	ps	supp_g3.115.026450_FigureS1.ps
PMC4856098	ps	supp_g3.115.026450_FigureS2.ps
PMC4856098	ps	supp_g3.115.026450_FigureS3.ps
PMC9719556	r	41598_2022_25566_MOESM2_ESM.r
PMC4856278	r	pone.0153049.s002.r
PMC4857450	f90	12711_2016_212_MOESM1_ESM.f90
PMC4858230	r	pone.0154431.s003.R
PMC9744139	r	peerj-10-14437-s001.r
PMC4858304	tex	pone.0153317.s001.tex
PMC4858304	tex	pone.0153317.s002.tex
PMC4858304	tex	pone.0153317.s003.tex
PMC4858304	tex	pone.0153317.s004.tex
PMC4858304	r	pone.0153317.s013.R
PMC4858304	r	pone.0153317.s014.R
PMC4858304	r	pone.0153317.s015.r
PMC4858873	tab	13059_2016_937_MOESM13_ESM.tab
PMC4858873	r	13059_2016_937_MOESM14_ESM.r
PMC4860306	r	peerj-04-1980-s002.r
PMC4862689	cfg	pcbi.1004918.s009.cfg
PMC4862689	nb	pcbi.1004918.s011.nb
PMC4863737	ps	supp_30.9.1058_Supp_FigS1.ps
PMC4863737	ps	supp_30.9.1058_Supp_FigS2.ps
PMC4864913	tab	12859_2016_1066_MOESM1_ESM.tab
PMC4864913	tab	12859_2016_1066_MOESM3_ESM.tab
PMC4864913	tab	12859_2016_1066_MOESM4_ESM.tab
PMC9840598	r	10886_2022_1393_MOESM9_ESM.r
PMC4868275	r	pone.0155239.s001.r
PMC9847904	rmd	pone.0279930.s005.Rmd
PMC9867693	rmd	41598_2023_28064_MOESM1_ESM.rmd
PMC4870740	py	13321_2016_139_MOESM1_ESM.py
PMC4872370	r	mmc5.r
PMC4872370	r	mmc6.r
PMC9934523	ipynb	APS3-11-e11505-s004.ipynb
PMC9934523	ipynb	APS3-11-e11505-s005.ipynb
PMC9934523	ipynb	APS3-11-e11505-s006.ipynb
PMC9934523	ipynb	APS3-11-e11505-s008.ipynb
PMC9934523	ipynb	APS3-11-e11505-s009.ipynb
PMC9934523	ipynb	APS3-11-e11505-s010.ipynb
PMC9934523	ipynb	APS3-11-e11505-s012.ipynb
PMC9934523	ipynb	APS3-11-e11505-s013.ipynb
PMC4877085	r	pone.0155501.s001.R
PMC4878368	r	peerj-04-2019-s003.r
PMC4878368	r	peerj-04-2019-s004.r
PMC4878368	r	peerj-04-2019-s005.r
PMC4880348	r	pone.0155615.s001.R
PMC4880348	r	pone.0155615.s002.R
PMC10000265	yml	GGN2-4-2200016-s001.yml
PMC10000265	json	GGN2-4-2200016-s002.json
PMC10000265	yml	GGN2-4-2200016-s004.yml
PMC10022107	r	pgph.0000408.s006.R
PMC4888286	csh	peerj-04-2007-s004.csh
PMC10038247	sas	pone.0266217.s002.sas
PMC10038257	nlogo	pone.0283248.s002.nlogo
PMC4888741	r	12874_2016_173_MOESM2_ESM.r
PMC10040398	r	42991_2022_259_MOESM3_ESM.r
PMC4889037	r	pone.0156411.s002.R
PMC4889045	nb	pcbi.1004923.s001.nb
PMC4889156	tex	pone.0155976.s002.tex
PMC4890512	rb	12859_2016_1104_MOESM1_ESM.rb
PMC4890512	rb	12859_2016_1104_MOESM3_ESM.rb
PMC10074080	ipynb	ADVS-10-2206607-s001.ipynb
PMC10075486	ipynb	pcbi.1010970.s001.ipynb
PMC10079226	r	pgen.1010650.s010.R
PMC4894563	r	pone.0156744.s001.R
PMC10082185	r	41598_2023_31880_MOESM5_ESM.r
PMC10084673	svg	40168_2023_1516_MOESM1_ESM.svg
PMC10084673	svg	40168_2023_1516_MOESM2_ESM.svg
PMC10084673	svg	40168_2023_1516_MOESM3_ESM.svg
PMC10084673	svg	40168_2023_1516_MOESM4_ESM.svg
PMC10084673	svg	40168_2023_1516_MOESM5_ESM.svg
PMC10084673	svg	40168_2023_1516_MOESM6_ESM.svg
PMC10085046	r	pntd.0011218.s005.R
PMC4895826	r	13063_2016_1378_MOESM2_ESM.r
PMC4896256	mat	12859_2016_912_MOESM1_ESM.mat
PMC4896426	mat	pbio.1002469.s001.mat
PMC4896492	mat	pone.0157109.s001.mat
PMC4896492	mat	pone.0157109.s002.mat
PMC4896492	mat	pone.0157109.s003.mat
PMC4896504	r	pone.0156537.s001.R
PMC10121020	do	pgph.0001719.s003.do
PMC4899387	cu	40064_2016_2284_MOESM1_ESM.cu
PMC4899502	r	10198_2015_720_MOESM3_ESM.r
PMC4899502	r	10198_2015_720_MOESM4_ESM.r
PMC10132636	r	pone.0281468.s006.R
PMC4900530	r	pone.0157069.s005.R
PMC4902286	kml	pone.0151650.s005.kml
PMC4902931	r	12940_2016_152_MOESM1_ESM.r
PMC4902969	cgi	12864_2016_2774_MOESM6_ESM.cgi
PMC4902969	cgi	12864_2016_2774_MOESM7_ESM.cgi
PMC4902969	cgi	12864_2016_2774_MOESM8_ESM.cgi
PMC10155992	py	ppat.1011341.s003.py
PMC4907444	sas	pone.0156851.s001.sas
PMC4907444	sas	pone.0156851.s004.sas
PMC4907444	sas	pone.0156851.s005.sas
PMC4909224	mat	pone.0156591.s001.mat
PMC10203796	sps	HBM-44-3845-s001.sps
PMC4911116	r	pone.0157215.s003.R
PMC4911930	ps	supp_gad.275073.115_Supplemental_FigS1.ps
PMC4911930	ps	supp_gad.275073.115_Supplemental_FigS2.ps
PMC4911930	ps	supp_gad.275073.115_Supplemental_FigS3.ps
PMC4911930	ps	supp_gad.275073.115_Supplemental_FigS7.ps
PMC4911930	ps	supp_gad.275073.115_Supplemental_FigS8.ps
PMC4911955	r	peerj-04-2120-s001.r
PMC4912071	cdf	pone.0156242.s003.cdf
PMC4912071	cdf	pone.0156242.s004.cdf
PMC4912071	cdf	pone.0156242.s005.cdf
PMC4912071	cdf	pone.0156242.s006.cdf
PMC4912722	r	12863_2016_392_MOESM3_ESM.r
PMC4912818	m	12934_2016_501_MOESM10_ESM.m
PMC4912818	m	12934_2016_501_MOESM11_ESM.m
PMC4912818	m	12934_2016_501_MOESM12_ESM.m
PMC4912818	m	12934_2016_501_MOESM6_ESM.m
PMC4912818	m	12934_2016_501_MOESM7_ESM.m
PMC4915049	r	40168_2016_175_MOESM6_ESM.r
PMC10239614	r	peerj-11-15491-s001.r
PMC4918222	tex	peerj-04-2139-s001.tex
PMC4918222	tex	peerj-04-2139-s002.tex
PMC4918222	cls	peerj-04-2139-s006.cls
PMC10259358	rmd	11618_2023_1149_MOESM1_ESM.rmd
PMC4919842	owl	13326_2016_86_MOESM2_ESM.owl
PMC4920405	r	pcbi.1004978.s001.R
PMC10280125	do	sj-do-3-hpq-10.1177_13591053221120115.do
PMC10280417	c	peerj-cs-09-1307-s001.c
PMC10280417	c	peerj-cs-09-1307-s002.c
PMC10280417	c	peerj-cs-09-1307-s003.c
PMC10280427	m	peerj-cs-09-1355-s001.m
PMC10280427	m	peerj-cs-09-1355-s002.m
PMC10280565	py	peerj-cs-09-1328-s002.py
PMC10280565	py	peerj-cs-09-1328-s003.py
PMC4922546	r	10584_2015_1582_MOESM1_ESM.r
PMC4922546	r	10584_2015_1582_MOESM2_ESM.r
PMC4924125	pl	peerj-04-2136-s007.pl
PMC4924138	sps	peerj-04-2114-s002.sps
PMC4924258	r	12977_2016_275_MOESM15_ESM.r
PMC10298798	cpp	pone.0287708.s016.cpp
PMC4926364	cpp	ijms-17-00830-s001.cpp
PMC10310043	rmd	pone.0287039.s031.Rmd
PMC4927119	sas	pone.0158120.s002.sas
PMC10319271	py	peerj-cs-09-1440-s001.py
PMC10323768	r	bdj-11-e101960-s005.r
PMC4929349	owl	medinform_v4i2e20_app1.owl
PMC4929723	cpp	12918_2016_290_MOESM1_ESM.cpp
PMC10339554	r	13041_2023_1047_MOESM1_ESM.r
PMC10343045	m	pone.0288488.s006.m
PMC10348533	do	pone.0288065.s004.do
PMC10355376	r	pone.0286330.s019.R
PMC10355416	do	pone.0279484.s003.do
PMC10362850	m	peerj-11-15748-s001.m
PMC4933091	nb	peerj-04-2166-s002.nb
PMC4933091	nb	peerj-04-2166-s003.nb
PMC4933091	nb	peerj-04-2166-s004.nb
PMC4933670	r	ACEL-15-737-s003.R
PMC4933670	r	ACEL-15-737-s004.R
PMC10369158	r	ECE3-13-e10326-s003.r
PMC4934866	ss	pone.0157556.s011.ss
PMC4936381	kml	tjsp_a_1078850_sm4035.kml
PMC4938635	ps	supp_g3.116.027961_FigureS1.ps
PMC4939943	r	pone.0159103.s001.R
PMC4940699	r	12916_2016_650_MOESM2_ESM.r
PMC4940747	sh	13742_2016_135_MOESM1_ESM.sh
PMC4940747	ipynb	13742_2016_135_MOESM3_ESM.ipynb
PMC4940747	rmd	13742_2016_135_MOESM4_ESM.rmd
PMC4941743	r	peerj-04-2181-s004.r
PMC4942490	pde	232_2016_9887_MOESM1_ESM.pde
PMC7440669	py	pcbi.1008125.s031.py
PMC7440669	py	pcbi.1008125.s032.py
PMC7440669	py	pcbi.1008125.s033.py
PMC7440669	py	pcbi.1008125.s034.py
PMC7440669	py	pcbi.1008125.s035.py
PMC7934648	r	peerj-09-10830-s002.r
PMC7937344	r	peerj-09-10819-s001.r
PMC7937344	r	peerj-09-10819-s002.r
PMC4945053	r	pone.0159232.s035.R
PMC4945053	r	pone.0159232.s036.R
PMC4945053	r	pone.0159232.s037.R
PMC4947152	r	EVA-9-909-s002.R
PMC8143794	mat	elife-60988-fig2-data1.mat
PMC8143794	mat	elife-60988-fig2-data2.mat
PMC8143794	mat	elife-60988-fig2-figsupp1-data1.mat
PMC8143794	mat	elife-60988-fig2-figsupp2-data1.mat
PMC8143794	mat	elife-60988-fig2-figsupp3-data1.mat
PMC8143794	mat	elife-60988-fig3-data1.mat
PMC8143794	mat	elife-60988-fig3-data2.mat
PMC8143794	mat	elife-60988-fig4-data1.mat
PMC8143794	mat	elife-60988-fig4-figsupp2-data1.mat
PMC8143794	mat	elife-60988-fig4-figsupp2-data2.mat
PMC8143794	mat	elife-60988-fig4-figsupp2-data3.mat
PMC8143794	mat	elife-60988-fig4-figsupp2-data4.mat
PMC8143794	mat	elife-60988-fig4-figsupp2-data5.mat
PMC8143794	mat	elife-60988-fig4-figsupp3-data1.mat
PMC8143794	mat	elife-60988-fig6-data1.mat
PMC8143794	mat	elife-60988-fig6-data2.mat
PMC4948767	nb	pcbi.1004990.s002.nb
PMC8240073	do	12889_2021_11132_MOESM1_ESM.do
PMC4950200	mat	rspa20160069supp1.mat
PMC4950200	mat	rspa20160069supp2.mat
PMC4954671	r	pone.0158943.s006.R
PMC4956228	do	pone.0158538.s003.do
PMC4957316	r	12859_2016_1149_MOESM2_ESM.r
PMC4957345	py	12879_2016_1676_MOESM11_ESM.py
PMC4957345	do	12879_2016_1676_MOESM12_ESM.do
PMC4957754	r	pone.0159184.s003.r
PMC4958004	r	peerj-04-2204-s001.r
PMC4958004	r	peerj-04-2204-s003.r
PMC8801151	r	13227_2021_190_MOESM3_ESM.r
PMC8802773	cs	peerj-cs-08-817-s001.cs
PMC4959687	mat	pone.0159527.s009.mat
PMC4959687	mat	pone.0159527.s010.mat
PMC8803797	r	442_2021_5082_MOESM3_ESM.r
PMC8805265	r	13326_2022_259_MOESM3_ESM.r
PMC8858585	r	peerj-10-12988-s002.r
PMC8860446	mat	elife-75065-fig1-data1.mat
PMC8860446	mat	elife-75065-fig1-figsupp1-data1.mat
PMC8860446	mat	elife-75065-fig2-data1.mat
PMC8860446	mat	elife-75065-fig2-figsupp1-data1.mat
PMC8860446	mat	elife-75065-fig3-data1.mat
PMC8860446	mat	elife-75065-fig3-figsupp1-data1.mat
PMC8860446	mat	elife-75065-fig4-data1.mat
PMC8860446	mat	elife-75065-fig4-figsupp1-data1.mat
PMC8860446	mat	elife-75065-fig6-data1.mat
PMC8860446	mat	elife-75065-fig6-figsupp1-data1.mat
PMC8860446	mat	elife-75065-fig7-data1.mat
PMC8860446	mat	elife-75065-fig7-figsupp1-data1.mat
PMC4961077	tex	PSP4-5-339-s002.tex
PMC4961409	m	pbio.1002517.s016.m
PMC9036150	rmd	sj-Rmd-3-hpq-10.1177_13591053211044535.Rmd
PMC9036150	rmd	sj-Rmd-4-hpq-10.1177_13591053211044535.Rmd
PMC9037929	do	pone.0266185.s006.do
PMC9070929	do	pone.0267312.s010.do
PMC4965028	do	pone.0159815.s002.do
PMC4965063	r	pbio.1002520.s005.R
PMC4965098	tex	pcbi.1004791.s014.tex
PMC4965098	tex	pcbi.1004791.s015.tex
PMC4965098	tex	pcbi.1004791.s016.tex
PMC4965098	tex	pcbi.1004791.s017.tex
PMC4965098	tex	pcbi.1004791.s018.tex
PMC4965098	tex	pcbi.1004791.s019.tex
PMC4965098	tex	pcbi.1004791.s020.tex
PMC4965098	tex	pcbi.1004791.s021.tex
PMC4965098	tex	pcbi.1004791.s022.tex
PMC4965098	tex	pcbi.1004791.s023.tex
PMC4965098	tex	pcbi.1004791.s024.tex
PMC4965098	tex	pcbi.1004791.s025.tex
PMC4965098	tex	pcbi.1004791.s026.tex
PMC4965098	tex	pcbi.1004791.s027.tex
PMC4965098	tex	pcbi.1004791.s028.tex
PMC4965159	m	pone.0160127.s001.m
PMC4965712	py	12859_2016_1101_MOESM1_ESM.py
PMC4968009	r	40462_2016_84_MOESM3_ESM.r
PMC4970816	do	pmed.1002096.s004.do
PMC4971696	r	12874_2016_191_MOESM1_ESM.r
PMC4971696	r	12874_2016_191_MOESM2_ESM.r
PMC4971696	r	12874_2016_191_MOESM3_ESM.r
PMC4971696	r	12874_2016_191_MOESM4_ESM.r
PMC4971696	r	12874_2016_191_MOESM5_ESM.r
PMC4971696	r	12874_2016_191_MOESM6_ESM.r
PMC4971696	r	12874_2016_191_MOESM7_ESM.r
PMC4972391	nlogo	pone.0160245.s001.nlogo
PMC4972391	nlogo	pone.0160245.s002.nlogo
PMC4972391	nlogo	pone.0160245.s003.nlogo
PMC4973292	ps	supp_30.14.1623_Supplemental_FigS1.ps
PMC4973292	ps	supp_30.14.1623_Supplemental_FigS2.ps
PMC4973292	ps	supp_30.14.1623_Supplemental_FigS3.ps
PMC4973292	ps	supp_30.14.1623_Supplemental_FigS4.ps
PMC4973292	ps	supp_30.14.1623_Supplemental_FigS5.ps
PMC4973292	ps	supp_30.14.1623_Supplemental_FigS6.ps
PMC4973538	nb	13071_2016_1681_MOESM1_ESM.nb
PMC9527532	r	sj-R-1-pss-10.1177_09567976221079633.R
PMC4974055	m	elife-14170-code1.m
PMC9563294	r	peerj-10-14194-s002.r
PMC4974926	r	peerj-04-2250-s006.r
PMC4974926	r	peerj-04-2250-s007.r
PMC4974951	asc	peerj-04-2217-s001.asc
PMC4974951	asc	peerj-04-2217-s002.asc
PMC4974951	asc	peerj-04-2217-s003.asc
PMC4974951	asc	peerj-04-2217-s004.asc
PMC4974951	asc	peerj-04-2217-s005.asc
PMC4974951	asc	peerj-04-2217-s006.asc
PMC4974951	asc	peerj-04-2217-s007.asc
PMC4974951	asc	peerj-04-2217-s008.asc
PMC4974951	asc	peerj-04-2217-s009.asc
PMC4974951	asc	peerj-04-2217-s010.asc
PMC4974951	asc	peerj-04-2217-s011.asc
PMC4974951	asc	peerj-04-2217-s012.asc
PMC4975028	cp	peerj-04-2256-s008.cp
PMC4975028	cp	peerj-04-2256-s009.cp
PMC4975028	cp	peerj-04-2256-s010.cp
PMC4975028	cp	peerj-04-2256-s011.cp
PMC4975407	py	pcbi.1004992.s014.py
PMC9596942	tex	HSR2-5-e905-s001.tex
PMC4975715	r	GCB-21-4165-s002.r
PMC4978467	nb	pgen.1006231.s011.nb
PMC4978897	ps	supp_g3.116.031310_FigureS1.ps
PMC4979109	sh	12864_2016_2883_MOESM5_ESM.sh
PMC4979720	r	ECE3-6-4958-s007.R
PMC4980045	do	pone.0160443.s004.do
PMC4980045	do	pone.0160443.s005.do
PMC4980052	r	pcbi.1005065.s002.R
PMC4981363	mat	pone.0159645.s001.mat
PMC4981474	r	pone.0160759.s001.R
PMC4982211	r	12864_2016_2964_MOESM1_ESM.r
PMC9718393	ipynb	pone.0278651.s002.ipynb
PMC4983577	r	ECE3-6-5596-s002.R
PMC4983577	r	ECE3-6-5596-s003.R
PMC4983583	r	ECE3-6-5674-s001.R
PMC9722883	m	13423_2022_2135_MOESM1_ESM.m
PMC9722883	m	13423_2022_2135_MOESM2_ESM.m
PMC9722883	m	13423_2022_2135_MOESM3_ESM.m
PMC9722883	m	13423_2022_2135_MOESM4_ESM.m
PMC9722883	m	13423_2022_2135_MOESM5_ESM.m
PMC4986181	mat	12918_2016_326_MOESM11_ESM.mat
PMC9745958	r	peerj-10-14515-s003.r
PMC4988655	nb	pone.0159301.s001.nb
PMC4988665	mat	pone.0161121.s004.mat
PMC4988665	mat	pone.0161121.s005.mat
PMC4990185	r	pone.0159649.s002.R
PMC4990185	r	pone.0159649.s003.R
PMC9795746	ipynb	12915_2022_1489_MOESM4_ESM.ipynb
PMC4993496	mat	pone.0159838.s002.mat
PMC4993747	cu	40064_2016_3035_MOESM1_ESM.cu
PMC4994083	cpp	peerj-04-2329-s001.cpp
PMC4994083	cpp	peerj-04-2329-s002.cpp
PMC9838852	ipynb	pone.0280293.s018.ipynb
PMC4995017	sh	pone.0157449.s002.sh
PMC4995100	py	elife-14243-code1.py
PMC9844834	r	pone.0277314.s003.R
PMC9844834	r	pone.0277314.s004.R
PMC9844834	r	pone.0277314.s005.R
PMC9848743	r	zookeys-1118-133_article-83156__-s001.r
PMC4997754	r	12992_2016_188_MOESM2_ESM.r
PMC4997767	r	12942_2016_57_MOESM1_ESM.r
PMC9876366	r	pone.0280114.s010.R
PMC9891252	ps	supp_079469.122_Supplemental_Figure_3.ps
PMC9891252	ps	supp_079469.122_Supplemental_Figure_4.ps
PMC4999052	r	MEC-25-2413-s003.R
PMC4999052	r	MEC-25-2413-s004.R
PMC4999052	r	MEC-25-2413-s005.R
PMC4999052	r	MEC-25-2413-s006.R
PMC9901814	r	pone.0268607.s002.R
PMC9907836	do	pone.0281549.s004.do
PMC9928017	r	pone.0281757.s003.R
PMC5001639	r	pone.0161621.s001.R
PMC9937500	r	pone.0279899.s003.r
PMC5002979	ps	supp_30.15.1747_SupplementalFigureS1.ps
PMC5002979	ps	supp_30.15.1747_SupplementalFigureS2.ps
PMC5002979	ps	supp_30.15.1747_SupplementalFigureS3.ps
PMC5002979	ps	supp_30.15.1747_SupplementalFigureS4.ps
PMC5002979	ps	supp_30.15.1747_SupplementalFigureS5.ps
PMC5002979	ps	supp_30.15.1747_SupplementalFigureS6.ps
PMC5004051	ps	rsta20150221supp1.ps
PMC5004308	r	12859_2016_1183_MOESM9_ESM.r
PMC5008730	f	pone.0161586.s001.f
PMC5008756	do	pone.0161783.s002.do
PMC5008789	tex	pone.0160430.s001.tex
PMC9999077	r	12144_2023_4432_MOESM2_ESM.r
PMC5010387	m	elife-17438-code1.m
PMC5011424	tex	NIHMS68389-supplement-Supplementary_Information.tex
PMC10019663	nb	pone.0282987.s003.nb
PMC5011974	sage	12918_2016_329_MOESM1_ESM.sage
PMC5011974	sage	12918_2016_329_MOESM2_ESM.sage
PMC10021361	do	pgph.0000868.s009.do
PMC5012122	tex	GRL-42-4770-s002.tex
PMC5012624	mat	pone.0162293.s001.mat
PMC10039094	ipynb	10911_2023_9531_MOESM10_ESM.ipynb
PMC5015828	mat	pbio.1002546.s005.mat
PMC5015828	mat	pbio.1002546.s006.mat
PMC5015828	mat	pbio.1002546.s008.mat
PMC5015828	mat	pbio.1002546.s009.mat
PMC5015929	ps	supp_g3.116.029983_FigureS1.ps
PMC5016564	m	10661_2016_5526_MOESM2_ESM.m
PMC5016564	sas	10661_2016_5526_MOESM3_ESM.sas
PMC5016784	r	JPE-52-1656-s004.R
PMC5018110	kml	biodiversity_data_journal-4-e10274-s001.kml
PMC5018673	r	peerj-04-2402-s007.r
PMC10091793	ado	HEC-32-155-s001.ado
PMC10091793	sthlp	HEC-32-155-s002.sthlp
PMC10092243	py	EJN-56-6069-s003.py
PMC10092243	py	EJN-56-6069-s004.py
PMC10092243	py	EJN-56-6069-s007.py
PMC10092243	py	EJN-56-6069-s008.py
PMC10092243	py	EJN-56-6069-s009.py
PMC10092243	py	EJN-56-6069-s010.py
PMC10092243	py	EJN-56-6069-s011.py
PMC10092243	py	EJN-56-6069-s013.py
PMC10092342	rmd	RSSA-185-2179-s001.Rmd
PMC10096513	r	pone.0284158.s004.R
PMC10101644	nb	pbio.3002059.s006.nb
PMC10118149	r	pone.0283377.s016.R
PMC10121026	rmd	pone.0282716.s006.Rmd
PMC10121026	rmd	pone.0282716.s007.Rmd
PMC10121026	rmd	pone.0282716.s008.Rmd
PMC5025152	r	pcbi.1005117.s014.R
PMC10135411	r	peerj-11-15284-s006.r
PMC5026472	pl	elife-17672-code1.pl
PMC5026472	pl	elife-17672-code2.pl
PMC5028742	r	peerj-04-2444-s001.r
PMC5028763	r	peerj-04-2422-s002.r
PMC5028771	sps	peerj-04-2401-s003.sps
PMC5028774	pro	peerj-04-2476-s002.pro
PMC5028792	py	peerj-04-2470-s001.py
PMC10150480	sh	12711_2023_803_MOESM1_ESM.sh
PMC5029815	do	pone.0163390.s002.do
PMC5029871	m	pone.0162423.s002.m
PMC5030730	r	hipD_signature_plot.R
PMC5030730	r	kpi_cp_pipeline.R
PMC5031232	r	JRSM-7-294-s002.R
PMC5031232	r	JRSM-7-294-s003.R
PMC5031232	r	JRSM-7-294-s004.R
PMC5031395	do	pone.0160908.s016.do
PMC10174581	json	pone.0285575.s001.json
PMC10176797	rmd	12915_2023_1603_MOESM2_ESM.rmd
PMC5033384	sh	pone.0163174.s005.sh
PMC5033460	sps	pone.0162880.s002.sps
PMC5033480	mat	pone.0163426.s001.MAT
PMC5033480	mat	pone.0163426.s002.MAT
PMC5033480	mat	pone.0163426.s003.MAT
PMC5033480	mat	pone.0163426.s004.MAT
PMC5033575	tex	pcbi.1005092.s001.tex
PMC10191279	m	pone.0285798.s002.m
PMC10191279	m	pone.0285798.s003.m
PMC10198488	ipynb	pone.0285743.s003.ipynb
PMC5036069	sas	peerj-04-2508-s003.sas
PMC5036115	nb	peerj-04-2417-s002.nb
PMC5036115	nb	peerj-04-2417-s003.nb
PMC10212122	r	pone.0285951.s009.R
PMC5036844	mat	pone.0163145.s001.mat
PMC5036949	m	pone.0162259.s001.m
PMC5036949	m	pone.0162259.s002.m
PMC10218718	tex	pone.0286270.s001.tex
PMC5039330	r	EVA-9-1179-s001.R
PMC5039804	r	12874_2016_231_MOESM2_ESM.r
PMC5039804	r	12874_2016_231_MOESM3_ESM.r
PMC10243323	m	ACM2-24-e13919-s001.m
PMC5040268	kml	pone.0162870.s005.kml
PMC5040421	r	pone.0161810.s001.r
PMC10244894	r	ECE3-13-e10131-s001.R
PMC5042404	do	pone.0163246.s002.do
PMC5043306	r	rsos160215supp2.r
PMC5043324	m	rsos160403supp1.m
PMC10274604	r	peerj-11-15511-s024.r
PMC10280450	ipynb	peerj-cs-09-1221-s001.ipynb
PMC10280450	ipynb	peerj-cs-09-1221-s002.ipynb
PMC10280450	ipynb	peerj-cs-09-1221-s003.ipynb
PMC10280461	cpp	peerj-cs-09-1430-s002.cpp
PMC5045293	r	elife-20125-code1.r
PMC5045647	r	12864_2016_3124_MOESM1_ESM.r
PMC5046913	r	rsbl20160201supp2.r
PMC5046977	r	13059_2016_1064_MOESM6_ESM.r
PMC5047222	hy	peerj-04-2348-s006.hy
PMC5047222	hy	peerj-04-2348-s007.hy
PMC10319262	py	peerj-cs-09-1447-s001.py
PMC5049761	mat	pone.0163940.s001.mat
PMC5049761	mat	pone.0163940.s002.mat
PMC5049767	m	pone.0163173.s001.m
PMC5049778	r	pone.0163595.s001.R
PMC5050250	r	13423_2016_1030_MOESM2_ESM.r
PMC5050250	r	13423_2016_1030_MOESM3_ESM.r
PMC5050250	r	13423_2016_1030_MOESM4_ESM.r
PMC5051676	r	pone.0163019.s003.r
PMC5051940	cpp	pbio.1002567.s014.cpp
PMC5053605	mat	pone.0160747.s002.mat
PMC5053605	mat	pone.0160747.s003.mat
PMC5053605	mat	pone.0160747.s004.mat
PMC5053605	mat	pone.0160747.s005.mat
PMC5053605	mat	pone.0160747.s006.mat
PMC5053605	mat	pone.0160747.s007.mat
PMC5053605	mat	pone.0160747.s008.mat
PMC5053605	mat	pone.0160747.s009.mat
PMC5053605	mat	pone.0160747.s010.mat
PMC5053605	mat	pone.0160747.s011.mat
PMC5053605	mat	pone.0160747.s012.mat
PMC5053605	mat	pone.0160747.s013.mat
PMC5053605	mat	pone.0160747.s014.mat
PMC5053612	java	pone.0164188.s001.java
PMC5053612	java	pone.0164188.s002.java
PMC5053612	java	pone.0164188.s003.java
PMC5053612	java	pone.0164188.s004.java
PMC5054584	r	13059_2016_1068_MOESM4_ESM.r
PMC5054584	r	13059_2016_1068_MOESM5_ESM.r
PMC5058507	sh	pntd.0005028.s009.sh
PMC5058543	r	ECE3-6-6758-s004.R
PMC5059790	tex	TA-004-C6TA03376H-s002.tex
PMC5061327	m	mmc2.m
PMC5061327	m	mmc4.m
PMC5061354	r	pone.0164178.s002.R
PMC5062863	nb	13036_2016_33_MOESM2_ESM.nb
PMC5063345	tex	pone.0164476.s001.tex
PMC5063345	tex	pone.0164476.s002.tex
PMC5064047	tex	HEC-25-1056-s002.tex
PMC5065121	pl	pgen.1006339.s017.pl
PMC5065121	c	pgen.1006339.s018.c
PMC5065121	r	pgen.1006339.s019.r
PMC5065173	r	pone.0164629.s006.r
PMC5067116	mat	elife-18981-fig4-data1.mat
PMC5067116	mat	elife-18981-fig4-data2.mat
PMC5068944	ps	supp_g3.116.034231_FigureS1.ps
PMC5068944	ps	supp_g3.116.034231_FigureS2.ps
PMC5069339	r	122_2016_2768_MOESM6_ESM.r
PMC5069539	mat	rsta20160246supp3.mat
PMC5069575	nb	NPH-210-1219-s004.nb
PMC5069941	r	13068_2016_621_MOESM2_ESM.r
PMC5072746	r	pone.0164960.s010.R
PMC5073875	md	12859_2016_1276_MOESM3_ESM.md
PMC5073875	rmd	12859_2016_1276_MOESM6_ESM.rmd
PMC5073928	owl	13040_2016_113_MOESM3_ESM.owl
PMC5074573	r	pone.0164541.s001.R
PMC5074573	py	pone.0164541.s002.py
PMC5074594	pl	pone.0165152.s003.pl
PMC5075698	r	peerj-04-2582-s001.r
PMC5075698	r	peerj-04-2582-s002.r
PMC5075698	do	peerj-04-2582-s003.do
PMC5076794	nb	MRM-76-1047-s001.nb
PMC5076794	cdf	MRM-76-1047-s003.cdf
PMC5076794	m	MRM-76-1047-s004.m
PMC5076794	m	MRM-76-1047-s005.m
PMC5077296	m	elife-20252-fig4-code1.m
PMC5081179	r	pone.0161362.s001.R
PMC5081179	r	pone.0161362.s002.R
PMC5081179	r	pone.0161362.s003.R
PMC5082639	rmd	pone.0155237.s018.rmd
PMC5082810	nc	pone.0165423.s001.nc
PMC5087912	svg	pone.0165581.s006.svg
PMC5091634	rmd	CJP2-2-247-s002.Rmd
PMC5094736	py	ppat.1005964.s011.py
PMC5094736	m	ppat.1005964.s012.m
PMC5095990	r	12885_2016_2864_MOESM4_ESM.r
PMC5098975	r	rsos160352supp1.r
PMC5100182	r	12864_2016_3195_MOESM1_ESM.r
PMC5100997	mat	elife-17282-fig1-data1.mat
PMC5100997	mat	elife-17282-fig2-data1.mat
PMC5100997	mat	elife-17282-fig3-data1.mat
PMC5101591	r	peerj-04-2606-s005.r
PMC5101601	r	peerj-04-2649-s003.r
PMC5101601	r	peerj-04-2649-s004.r
PMC5102364	nc	pone.0164699.s001.nc
PMC5102364	nc	pone.0164699.s002.nc
PMC5102364	nc	pone.0164699.s003.nc
PMC5102386	r	pone.0166007.s001.R
PMC5102386	r	pone.0166007.s002.R
PMC5102386	r	pone.0166007.s003.R
PMC5102386	r	pone.0166007.s005.R
PMC5104319	cpp	pone.0165730.s002.cpp
PMC5104375	tex	pcbi.1005158.s005.tex
PMC5104375	tex	pcbi.1005158.s006.tex
PMC5104375	tex	pcbi.1005158.s007.tex
PMC5108213	r	EVA-9-1205-s003.R
PMC5108265	r	ECE3-6-8138-s003.r
PMC5108274	r	ECE3-6-8243-s017.r
PMC5108274	r	ECE3-6-8243-s018.r
PMC5108274	r	ECE3-6-8243-s019.r
PMC5108274	r	ECE3-6-8243-s020.r
PMC5108274	r	ECE3-6-8243-s021.r
PMC5108274	r	ECE3-6-8243-s022.R
PMC5110998	ps	supp_gad.285429.116_Supplemental_Fig1.ps
PMC5110998	ps	supp_gad.285429.116_Supplemental_Fig10.ps
PMC5110998	ps	supp_gad.285429.116_Supplemental_Fig2.ps
PMC5110998	ps	supp_gad.285429.116_Supplemental_Fig3.ps
PMC5110998	ps	supp_gad.285429.116_Supplemental_Fig4.ps
PMC5110998	ps	supp_gad.285429.116_Supplemental_Fig5.ps
PMC5110998	ps	supp_gad.285429.116_Supplemental_Fig6.ps
PMC5110998	ps	supp_gad.285429.116_Supplemental_Fig7.ps
PMC5110998	ps	supp_gad.285429.116_Supplemental_Fig8.ps
PMC5110998	ps	supp_gad.285429.116_Supplemental_Fig9.ps
PMC5111005	svg	supp_mcs.a001131_Supp_File_6_ANKRD11_Mutations_Web_Viewable.svg
PMC5111315	tab	13059_2016_1089_MOESM2_ESM.tab
PMC5115174	tex	ECE3-6-7230-s002.tex
PMC5115174	tex	ECE3-6-7230-s003.tex
PMC5115777	sh	pone.0166669.s001.sh
PMC5117605	r	13068_2016_667_MOESM3_ESM.r
PMC5117605	r	13068_2016_667_MOESM4_ESM.r
PMC5117605	r	13068_2016_667_MOESM6_ESM.r
PMC5117605	r	13068_2016_667_MOESM7_ESM.r
PMC5117605	r	13068_2016_667_MOESM9_ESM.r
PMC5119243	r	peerj-04-2692-s005.r
PMC5119769	r	pone.0166600.s002.R
PMC5119769	r	pone.0166600.s003.R
PMC5119769	r	pone.0166600.s004.R
PMC5119769	r	pone.0166600.s005.R
PMC5119769	r	pone.0166600.s006.R
PMC5119782	r	pone.0166855.s001.R
PMC5120814	kml	pone.0166744.s001.kml
PMC5120814	kml	pone.0166744.s002.kml
PMC5120814	kml	pone.0166744.s003.kml
PMC5123355	r	12943_2016_560_MOESM4_ESM.r
PMC5125410	tex	ESS2-2-346-s002.tex
PMC5132330	m	pone.0167309.s003.m
PMC5134031	r	rsbl20160402supp2.r
PMC5135137	m	pone.0167546.s004.m
PMC5135789	r	13072_2016_105_MOESM5_ESM.r
PMC5136662	kml	biodiversity_data_journal-4-e10527-s001.kml
PMC5136683	sh	biodiversity_data_journal-4-e9906-s002.sh
PMC5137617	ps	e-72-01819-sup3.ps
PMC5137617	ps	e-72-01819-sup4.ps
PMC5140269	m	elife-19850-code1.m
PMC5140269	m	elife-19850-code2.m
PMC5140269	m	elife-19850-code3.m
PMC5144722	m	peerj-04-2762-s003.m
PMC5145133	r	pcbi.1005210.s003.R
PMC5145133	r	pcbi.1005210.s004.R
PMC5145134	ipynb	pcbi.1005220.s002.ipynb
PMC5147779	f	pcbi.1005230.s005.f
PMC5147849	nlogo	pone.0166655.s009.nlogo
PMC5148598	r	pone.0167570.s002.R
PMC5148601	mat	elife-19295-fig1-data1.mat
PMC5148601	mat	elife-19295-fig2-data1.mat
PMC5148601	mat	elife-19295-fig3-data1.mat
PMC5148601	mat	elife-19295-fig4-data1.mat
PMC5148601	mat	elife-19295-fig5-data1.mat
PMC5148601	mat	elife-19295-fig6-data1.mat
PMC5148601	mat	elife-19295-fig7-data1.mat
PMC5148601	mat	elife-19295-fig8-data1.mat
PMC5148601	mat	elife-19295-fig9-data1.mat
PMC5148608	mat	elife-19089-fig1-data1.mat
PMC5148608	mat	elife-19089-fig3-data1.mat
PMC5148608	mat	elife-19089-fig4-data1.mat
PMC5148608	mat	elife-19089-fig5-data1.mat
PMC5148608	mat	elife-19089-fig7-data1.mat
PMC5148890	pl	12859_2016_1406_MOESM3_ESM.pl
PMC5148890	pl	12859_2016_1406_MOESM4_ESM.pl
PMC5148921	r	12864_2016_3342_MOESM8_ESM.r
PMC5148921	sas	12864_2016_3342_MOESM9_ESM.sas
PMC5151119	ps	40204_2012_7_MOESM1_ESM.ps
PMC5151119	ps	40204_2012_7_MOESM2_ESM.ps
PMC5151119	ps	40204_2012_7_MOESM3_ESM.ps
PMC5151119	ps	40204_2012_7_MOESM4_ESM.ps
PMC5151119	ps	40204_2012_7_MOESM5_ESM.ps
PMC5154525	nc	pone.0167506.s006.nc
PMC5154525	nc	pone.0167506.s007.nc
PMC5154525	nc	pone.0167506.s009.nc
PMC5154525	nc	pone.0167506.s010.nc
PMC5154525	nc	pone.0167506.s011.nc
PMC5154525	nc	pone.0167506.s012.nc
PMC5156526	m	elife-22280-code2.m
PMC5156528	rmd	elife-20148-supp5.rmd
PMC5157207	owl	peerj-04-2682-s009.owl
PMC5158318	r	pone.0167983.s008.R
PMC5161450	r	elife-19571-code1.r
PMC5167035	tex	ECE3-6-8515-s002.tex
PMC5173323	m	elife-14756-code10.m
PMC5173323	m	elife-14756-code3.m
PMC5173323	m	elife-14756-code4.m
PMC5173323	m	elife-14756-code5.m
PMC5173323	m	elife-14756-code6.m
PMC5173323	m	elife-14756-code7.m
PMC5173323	m	elife-14756-code8.m
PMC5173323	m	elife-14756-code9.m
PMC5176168	r	pone.0168354.s002.R
PMC5178994	mat	pone.0168440.s002.mat
PMC5178994	mat	pone.0168440.s003.mat
PMC5179009	svg	pone.0168456.s001.svg
PMC5179009	svg	pone.0168456.s002.svg
PMC5179009	svg	pone.0168456.s003.svg
PMC5179009	svg	pone.0168456.s004.svg
PMC5179117	sas	pone.0168227.s006.sas
PMC5180121	r	rsos160431supp1.R
PMC5180142	cpp	rsos160553supp1.cpp
PMC5180142	py	rsos160553supp2.py
PMC5180147	r	rsos160581supp3.R
PMC5180157	r	rsos160690supp2.R
PMC5180583	m	peerj-04-2779-s001.m
PMC5180583	m	peerj-04-2779-s002.m
PMC5180583	m	peerj-04-2779-s003.m
PMC5182993	nlogo	peerj-04-2814-s002.nlogo
PMC5183088	r	peerj-04-2816-s001.r
PMC5193442	r	pone.0168967.s001.r
PMC5193442	r	pone.0168967.s002.r
PMC5193442	r	pone.0168967.s003.R
PMC5193460	tex	pone.0168984.s016.tex
PMC5199041	mat	pbio.2000330.s016.mat
PMC5199077	r	pone.0169200.s006.r
PMC5199077	r	pone.0169200.s007.r
PMC5201307	r	pone.0169166.s004.R
PMC5206609	m	rsfs20160092supp2.m
PMC5207410	m	pone.0168996.s004.m
PMC5207771	m	elife-21238-code1.m
PMC5209873	sh	12911_2016_389_MOESM2_ESM.sh
PMC5214703	r	ECE3-7-38-s002.R
PMC5215767	m	pntd.0005162.s002.m
PMC5215891	mat	pcbi.1005261.s004.mat
PMC5217199	do	12882_2016_432_MOESM1_ESM.do
PMC5217980	nlogo	pone.0168198.s009.nlogo
PMC5219651	kml	12864_2016_3418_MOESM4_ESM.kml
PMC5219722	py	12866_2016_920_MOESM1_ESM.py
PMC5219722	py	12866_2016_920_MOESM2_ESM.py
PMC5219722	py	12866_2016_920_MOESM3_ESM.py
PMC5219722	py	12866_2016_920_MOESM4_ESM.py
PMC5219798	r	13104_2016_2340_MOESM1_ESM.r
PMC5219798	r	13104_2016_2340_MOESM2_ESM.r
PMC5222395	r	pone.0169096.s004.r
PMC5225626	r	12874_2016_284_MOESM2_ESM.r
PMC5228518	m	peerj-05-2817-s005.m
PMC5228518	m	peerj-05-2817-s006.m
PMC5228518	m	peerj-05-2817-s007.m
PMC5228518	m	peerj-05-2817-s008.m
PMC5228518	m	peerj-05-2817-s009.m
PMC5228518	m	peerj-05-2817-s010.m
PMC5234436	r	peerj-05-2867-s002.r
PMC5234838	mat	pone.0169803.s003.mat
PMC5235378	py	pone.0169320.s001.py
PMC5238731	ps	supp_30.24.2724_Supplemental_Fig_S1.ps
PMC5238731	ps	supp_30.24.2724_Supplemental_Fig_S10.ps
PMC5238731	ps	supp_30.24.2724_Supplemental_Fig_S11.ps
PMC5238731	ps	supp_30.24.2724_Supplemental_Fig_S2.ps
PMC5238731	ps	supp_30.24.2724_Supplemental_Fig_S3.ps
PMC5238731	ps	supp_30.24.2724_Supplemental_Fig_S4.ps
PMC5238731	ps	supp_30.24.2724_Supplemental_Fig_S5.ps
PMC5238731	ps	supp_30.24.2724_Supplemental_Fig_S6.ps
PMC5238731	ps	supp_30.24.2724_Supplemental_Fig_S7A.ps
PMC5238731	ps	supp_30.24.2724_Supplemental_Fig_S7B.ps
PMC5238731	ps	supp_30.24.2724_Supplemental_Fig_S7C.ps
PMC5238731	ps	supp_30.24.2724_Supplemental_Fig_S7D.ps
PMC5238731	ps	supp_30.24.2724_Supplemental_Fig_S7E.ps
PMC5238731	ps	supp_30.24.2724_Supplemental_Fig_S8.ps
PMC5238731	ps	supp_30.24.2724_Supplemental_Fig_S9.ps
PMC5238788	ps	supp_057786.116_Heinrich_Supplemental_Figure_S1.ps
PMC5238788	ps	supp_057786.116_Heinrich_Supplemental_Figure_S2.ps
PMC5238788	ps	supp_057786.116_Heinrich_Supplemental_Figure_S3.ps
PMC5239983	dot	2502691.f1.dot
PMC5240346	do	12913_2016_1952_MOESM2_ESM.do
PMC5240924	tex	pcbi.1005291.s001.tex
PMC5240924	tex	pcbi.1005291.s002.tex
PMC5240924	tex	pcbi.1005291.s003.tex
PMC5240924	tex	pcbi.1005291.s004.tex
PMC5241143	sh	pone.0170009.s007.sh
PMC5244712	m	12918_2016_383_MOESM4_ESM.m
PMC5247528	py	rspa20160640supp2.py
PMC5263197	csh	894_2016_3179_MOESM1_ESM.csh
PMC5267527	json	biodiversity_data_journal-4-e10197-s003.json
PMC5267628	tex	peerj-05-2884-s001.tex
PMC5268424	do	pone.0170231.s002.do
PMC5268785	mat	pone.0168982.s003.mat
PMC5271325	mat	pone.0170466.s003.mat
PMC5289110	tex	peerj-05-2951-s003.tex
PMC5289110	tex	peerj-05-2951-s004.tex
PMC5289828	py	pone.0171015.s001.py
PMC5291262	py	supp_gkw436_nar-00427-met-k-2016-File009.py
PMC5292797	r	13071_2016_1964_MOESM2_ESM.r
PMC5293196	r	pone.0169634.s003.R
PMC5293260	pot	pone.0171584.s005.pot
PMC5293552	cs	pone.0171240.s001.cs
PMC5294900	r	12859_2017_1498_MOESM18_ESM.r
PMC5294908	owl	13326_2017_114_MOESM1_ESM.owl
PMC5297145	mat	13029_2017_62_MOESM1_ESM.mat
PMC5297145	m	13029_2017_62_MOESM3_ESM.m
PMC5297145	m	13029_2017_62_MOESM4_ESM.m
PMC5297145	m	13029_2017_62_MOESM5_ESM.m
PMC5297145	m	13029_2017_62_MOESM6_ESM.m
PMC5297145	m	13029_2017_62_MOESM7_ESM.m
PMC5297145	m	13029_2017_62_MOESM8_ESM.m
PMC5297207	nb	12862_2017_876_MOESM1_ESM.nb
PMC5298277	mat	pone.0171455.s002.mat
PMC5298277	mat	pone.0171455.s003.mat
PMC5298277	mat	pone.0171455.s004.mat
PMC5298277	mat	pone.0171455.s005.mat
PMC5299993	r	peerj-05-2940-s003.r
PMC5299993	r	peerj-05-2940-s004.r
PMC5302017	tex	JGRD-121-12,401-s001.tex
PMC5303296	owl	13040_2017_123_MOESM4_ESM.owl
PMC5305220	java	pone.0172033.s001.java
PMC5307731	r	12859_2017_1511_MOESM2_ESM.r
PMC5308407	do	mf-terr.do.do
PMC5308895	java	elife-21907-supp2.java
PMC5311846	r	13104_2017_2421_MOESM1_ESM.r
PMC5312133	mat	rspa20160730supp1.mat
PMC5312133	mat	rspa20160730supp2.mat
PMC5312133	mat	rspa20160730supp3.mat
PMC5312133	mat	rspa20160730supp4.mat
PMC5312133	mat	rspa20160730supp5.mat
PMC5312133	mat	rspa20160730supp6.mat
PMC5312133	mat	rspa20160730supp7.mat
PMC5312134	mat	rspa20160738supp1.mat
PMC5312134	mat	rspa20160738supp2.mat
PMC5312134	mat	rspa20160738supp3.mat
PMC5319174	r	12859_2017_1547_MOESM3_ESM.r
PMC5319174	r	12859_2017_1547_MOESM4_ESM.r
PMC5319174	r	12859_2017_1547_MOESM5_ESM.r
PMC5319672	r	pone.0171983.s013.R
PMC5319672	r	pone.0171983.s014.R
PMC5319672	r	pone.0171983.s015.R
PMC5319672	r	pone.0171983.s016.R
PMC5319838	m	elife-22028-code1.m
PMC5319838	m	elife-22028-code2.m
PMC5319838	m	elife-22028-code3.m
PMC5321690	tex	396_2017_4023_MOESM2_ESM.tex
PMC5321690	aux	396_2017_4023_MOESM3_ESM.aux
PMC5322923	sps	pone.0172617.s001.sps
PMC5322923	sps	pone.0172617.s002.sps
PMC5322923	sps	pone.0172617.s003.sps
PMC5322955	do	pone.0171252.s002.do
PMC5324207	r	12983_2017_196_MOESM3_ESM.r
PMC5324268	sce	12918_2016_382_MOESM10_ESM.sce
PMC5324268	sce	12918_2016_382_MOESM11_ESM.sce
PMC5324268	sce	12918_2016_382_MOESM12_ESM.sce
PMC5324268	sce	12918_2016_382_MOESM13_ESM.sce
PMC5324268	sce	12918_2016_382_MOESM14_ESM.sce
PMC5324268	sce	12918_2016_382_MOESM15_ESM.sce
PMC5324775	r	peerj-05-3014-s002.r
PMC5325194	m	pone.0171530.s001.m
PMC5325194	m	pone.0171530.s002.m
PMC5326533	nb	rspb20162699supp2.nb
PMC5326545	r	peerj-05-3043-s006.r
PMC5330508	m	pone.0172323.s001.m
PMC5330508	m	pone.0172323.s002.m
PMC5330508	m	pone.0172323.s003.m
PMC5331947	r	pbio.2000689.s012.R
PMC5331947	r	pbio.2000689.s013.R
PMC5332026	r	pone.0172194.s006.R
PMC5332026	r	pone.0172194.s007.R
PMC5333416	r	12859_2017_1552_MOESM1_ESM.r
PMC5333795	c	pcbi.1005270.s004.c
PMC5333800	mat	pbio.2000797.s005.mat
PMC5333800	m	pbio.2000797.s006.m
PMC5334537	r	ACEL-16-312-s004.R
PMC5334537	r	ACEL-16-312-s005.R
PMC5335496	r	40168_2017_237_MOESM10_ESM.r
PMC5335496	r	40168_2017_237_MOESM9_ESM.r
PMC5335838	r	40168_2017_245_MOESM2_ESM.r
PMC5336226	svg	pbio.2000633.s001.svg
PMC5336226	svg	pbio.2000633.s002.svg
PMC5336226	svg	pbio.2000633.s003.svg
PMC5336226	svg	pbio.2000633.s004.svg
PMC5336226	svg	pbio.2000633.s005.svg
PMC5336226	svg	pbio.2000633.s006.svg
PMC5336226	svg	pbio.2000633.s007.svg
PMC5336226	svg	pbio.2000633.s008.svg
PMC5339970	r	12915_2017_356_MOESM2_ESM.r
PMC5340843	r	mmc2.r
PMC5340843	r	mmc3.r
PMC5340843	r	mmc5.r
PMC5342224	r	pone.0173184.s012.r
PMC5344883	py	13321_2017_198_MOESM2_ESM.py
PMC5345104	kml	bdj-05-e11509-s001.kml
PMC5345794	r	pone.0171810.s007.R
PMC5346287	nb	peerj-05-3081-s017.nb
PMC5347858	py	EVO-71-526-s002.py
PMC5351841	r	pone.0172970.s001.r
PMC5351841	r	pone.0172970.s002.r
PMC5352011	py	pone.0173936.s001.py
PMC5352011	py	pone.0173936.s002.py
PMC5352816	nb	rstb20160089supp5.nb
PMC5352817	r	rstb20160090supp1.r
PMC5354307	sh	pone.0173404.s017.sh
PMC5354518	ipf	elife-21069-code4.ipf
PMC5354518	ipf	elife-21069-code5.ipf
PMC5354518	ipf	elife-21069-code6.ipf
PMC5356280	json	12859_2017_1580_MOESM4_ESM.json
PMC5356280	json	12859_2017_1580_MOESM5_ESM.json
PMC5357006	m	pone.0172758.s001.m
PMC5357344	r	peerj-05-2998-s004.r
PMC5357344	r	peerj-05-2998-s006.r
PMC5358726	ps	supp_gad.295501.116_Supplemental_FigS1.ps
PMC5358726	ps	supp_gad.295501.116_Supplemental_FigS3.ps
PMC5358726	ps	supp_gad.295501.116_Supplemental_FigS4.ps
PMC5358726	ps	supp_gad.295501.116_Supplemental_FigS5.ps
PMC5358726	ps	supp_gad.295501.116_Supplemental_FigS6.ps
PMC5358752	mat	pone.0173448.s001.mat
PMC5358752	mat	pone.0173448.s002.mat
PMC5358752	mat	pone.0173448.s003.mat
PMC5358752	mat	pone.0173448.s004.mat
PMC5358752	mat	pone.0173448.s005.mat
PMC5358752	mat	pone.0173448.s006.mat
PMC5358752	mat	pone.0173448.s007.mat
PMC5358752	mat	pone.0173448.s008.mat
PMC5358752	mat	pone.0173448.s009.mat
PMC5358752	mat	pone.0173448.s010.mat
PMC5358752	mat	pone.0173448.s011.mat
PMC5358752	mat	pone.0173448.s012.mat
PMC5360347	nb	pone.0174304.s001.nb
PMC5367706	sps	pone.0174455.s004.sps
PMC5367807	js	pone.0174610.s001.js
PMC5367807	r	pone.0174610.s002.R
PMC5367837	m	pcbi.1005437.s001.m
PMC5367837	m	pcbi.1005437.s002.m
PMC5370129	mat	pone.0174462.s001.mat
PMC5370129	mat	pone.0174462.s002.mat
PMC5370129	mat	pone.0174462.s003.mat
PMC5370129	mat	pone.0174462.s006.mat
PMC5370129	mat	pone.0174462.s008.mat
PMC5370129	mat	pone.0174462.s009.mat
PMC5370129	mat	pone.0174462.s010.mat
PMC5370129	mat	pone.0174462.s011.mat
PMC5370129	mat	pone.0174462.s012.mat
PMC5370129	mat	pone.0174462.s013.mat
PMC5371312	py	pone.0172933.s001.py
PMC5371312	py	pone.0172933.s002.py
PMC5371644	r	13524_2017_562_MOESM1_ESM.r
PMC5380217	r	mmc1.r
PMC5380321	cu	pone.0174946.s001.cu
PMC5380321	cu	pone.0174946.s002.cu
PMC5380436	py	elife-22689-code1.py
PMC5381872	mat	pone.0174341.s001.mat
PMC5383008	nc	pone.0172839.s001.nc
PMC5383497	rmd	ECE3-7-2273-s005.Rmd
PMC5383817	m	rsos160721supp1.m
PMC5383828	nb	rsos160830supp1.nb
PMC5389620	r	pone.0175186.s012.R
PMC5390974	tex	pone.0174683.s001.tex
PMC5390974	tex	pone.0174683.s002.tex
PMC5390974	tex	pone.0174683.s003.tex
PMC5391006	mat	pone.0175202.s001.mat
PMC5391006	mat	pone.0175202.s002.mat
PMC5391006	mat	pone.0175202.s003.mat
PMC5391006	mat	pone.0175202.s004.mat
PMC5391132	sps	pone.0175896.s002.sps
PMC5391588	m	13007_2017_174_MOESM10_ESM.m
PMC5391588	java	13007_2017_174_MOESM1_ESM.java
PMC5391588	java	13007_2017_174_MOESM3_ESM.java
PMC5391790	r	peerj-05-3152-s003.r
PMC5392250	r	peerj-05-3200-s005.r
PMC5393187	ps	supp_060897.117_Supplemental_FigureS1.ps
PMC5393547	r	pone.0174904.s007.R
PMC5393547	r	pone.0174904.s008.R
PMC5393579	sas	pone.0175387.s004.sas
PMC5393579	sas	pone.0175387.s005.sas
PMC5395144	r	pone.0175411.s003.R
PMC5395447	r	ECE3-7-2685-s002.R
PMC5395447	r	ECE3-7-2685-s003.R
PMC5395447	r	ECE3-7-2685-s004.R
PMC5395464	r	ECE3-7-2791-s001.R
PMC5396852	mat	pbio.1002602.s030.mat
PMC5396852	mat	pbio.1002602.s032.mat
PMC5396852	mat	pbio.1002602.s034.mat
PMC5396852	mat	pbio.1002602.s035.mat
PMC5396852	mat	pbio.1002602.s036.mat
PMC5396852	mat	pbio.1002602.s037.mat
PMC5396852	mat	pbio.1002602.s038.mat
PMC5396852	mat	pbio.1002602.s039.mat
PMC5396852	mat	pbio.1002602.s040.mat
PMC5396852	mat	pbio.1002602.s041.mat
PMC5396852	mat	pbio.1002602.s042.mat
PMC5396852	mat	pbio.1002602.s043.mat
PMC5396852	mat	pbio.1002602.s044.mat
PMC5396852	mat	pbio.1002602.s045.mat
PMC5396852	mat	pbio.1002602.s046.mat
PMC5396852	mat	pbio.1002602.s047.mat
PMC5396852	mat	pbio.1002602.s048.mat
PMC5396852	mat	pbio.1002602.s049.mat
PMC5396852	mat	pbio.1002602.s050.mat
PMC5397069	nb	pcbi.1005461.s010.nb
PMC5397069	nb	pcbi.1005461.s011.nb
PMC5397092	mat	pcbi.1005436.s001.mat
PMC5398703	do	pone.0176274.s001.do
PMC5402632	com	pone.0175829.s002.com
PMC5404926	pl	elife-23249-code1.pl
PMC5404926	pl	elife-23249-code2.pl
PMC5405929	r	pone.0174426.s001.R
PMC5405987	svg	pone.0176310.s005.svg
PMC5407282	mat	peerj-05-3143-s003.mat
PMC5407282	m	peerj-05-3143-s006.m
PMC5408407	r	40168_2017_264_MOESM9_ESM.r
PMC5409054	r	pone.0176124.s002.R
PMC5409456	tex	pcbi.1005232.s001.tex
PMC5409456	tex	pcbi.1005232.s002.tex
PMC5409456	tex	pcbi.1005232.s003.tex
PMC5409829	pl	elife-23084-code1.pl
PMC5409829	pl	elife-23084-code2.pl
PMC5409829	pl	elife-23084-code3.pl
PMC5410136	r	peerj-05-3213-s002.r
PMC5410151	r	peerj-05-3265-s001.r
PMC5411036	r	pone.0176185.s009.R
PMC5417524	mat	pone.0176909.s005.mat
PMC5417524	mat	pone.0176909.s006.mat
PMC5417524	mat	pone.0176909.s007.mat
PMC5417524	mat	pone.0176909.s008.mat
PMC5417524	mat	pone.0176909.s009.mat
PMC5417524	mat	pone.0176909.s010.mat
PMC5423137	sml	MOL2-10-1595-s001.sml
PMC5423137	sml	MOL2-10-1595-s002.sml
PMC5423584	r	pone.0176627.s007.R
PMC5426356	m	peerj-05-3298-s001.m
PMC5426701	mat	pone.0177437.s011.mat
PMC5427582	r	40168_2017_266_MOESM1_ESM.r
PMC5427582	r	40168_2017_266_MOESM2_ESM.r
PMC5427582	r	40168_2017_266_MOESM3_ESM.r
PMC5427582	r	40168_2017_266_MOESM4_ESM.r
PMC5427674	r	EVA-10-444-s002.R
PMC5427674	r	EVA-10-444-s003.R
PMC5427995	r	categorical-journs-analysis.R
PMC5427995	r	categorical-journs-graph.R
PMC5427995	r	count-journ-analysis.R
PMC5427995	r	descriptive-graphs.R
PMC5427995	r	maps.R
PMC5427995	r	prediction.R
PMC5427995	r	rank-probability-scores.R
PMC5428327	pl	peerj-05-3193-s005.pl
PMC5432173	r	pone.0177724.s001.R
PMC5433695	r	pone.0176341.s001.R
PMC5433695	r	pone.0176341.s002.R
PMC5433980	sty	ECE3-7-3623-s005.sty
PMC5433980	bib	ECE3-7-3623-s007.bib
PMC5434808	r	SIM-36-1715-s002.R
PMC5434808	r	SIM-36-1715-s003.R
PMC5434808	r	SIM-36-1715-s004.R
PMC5435225	mat	pone.0177669.s001.mat
PMC5435225	mat	pone.0177669.s002.mat
PMC5435462	r	elife-17137-code1.r
PMC5435462	r	elife-17137-code2.r
PMC5435462	r	elife-17137-code3.r
PMC5435893	ps	supp_gad.297663.117_Supplemental_FigureS1.ps
PMC5435893	ps	supp_gad.297663.117_Supplemental_FigureS2.ps
PMC5435893	ps	supp_gad.297663.117_Supplemental_FigureS3.ps
PMC5435893	ps	supp_gad.297663.117_Supplemental_FigureS4.ps
PMC5435893	ps	supp_gad.297663.117_Supplemental_FigureS5.ps
PMC5435893	ps	supp_gad.297663.117_Supplemental_FigureS6.ps
PMC5435893	ps	supp_gad.297663.117_Supplemental_FigureS7.ps
PMC5436554	r	peerj-05-3332-s003.r
PMC5438148	pub	pone.0178159.s002.pub
PMC5443363	sas	12887_2017_885_MOESM1_ESM.sas
PMC5443363	sas	12887_2017_885_MOESM2_ESM.sas
PMC5443363	sas	12887_2017_885_MOESM3_ESM.sas
PMC5443363	r	12887_2017_885_MOESM6_ESM.r
PMC5443562	tab	pone.0178258.s001.tab
PMC5443562	tab	pone.0178258.s002.tab
PMC5443562	tab	pone.0178258.s003.tab
PMC5444375	r	peerj-05-3334-s006.r
PMC5444375	r	peerj-05-3334-s007.r
PMC5446698	json	12859_2017_1663_MOESM1_ESM.json
PMC5446740	py	13073_2017_435_MOESM3_ESM.py
PMC5448810	json	pcbi.1005541.s001.json
PMC5450227	cpp	12911_2017_461_MOESM2_ESM.cpp
PMC5451014	do	pone.0177725.s002.do
PMC5451795	r	rsos161025supp5.r
PMC5452391	r	40462_2017_104_MOESM2_ESM.r
PMC5453327	ps	supp_gr.213983.116_Supplemental_Fig_S1.ps
PMC5453327	ps	supp_gr.213983.116_Supplemental_Fig_S2.ps
PMC5453327	ps	supp_gr.213983.116_Supplemental_Fig_S3.ps
PMC5453327	ps	supp_gr.213983.116_Supplemental_Fig_S4.ps
PMC5453327	ps	supp_gr.213983.116_Supplemental_Fig_S5.ps
PMC5453327	ps	supp_gr.213983.116_Supplemental_Fig_S6.ps
PMC5453438	mat	pone.0178257.s001.mat
PMC5453438	mat	pone.0178257.s002.mat
PMC5453442	r	pone.0177671.s009.R
PMC5453535	tcl	pone.0178519.s003.tcl
PMC5453535	py	pone.0178519.s004.py
PMC5453535	py	pone.0178519.s005.py
PMC5453696	mat	elife-25648-supp3.mat
PMC5460873	r	pcbi.1005544.s005.R
PMC5460873	r	pcbi.1005544.s007.R
PMC5460917	nlogo	pone.0178348.s005.nlogo
PMC5462345	m	pone.0176590.s004.m
PMC5462358	r	pone.0178124.s003.R
PMC5462370	m	pone.0178244.s002.m
PMC5462370	m	pone.0178244.s003.m
PMC5462370	m	pone.0178244.s004.m
PMC5462370	m	pone.0178244.s005.m
PMC5462370	m	pone.0178244.s006.m
PMC5462382	tex	pone.0178235.s001.tex
PMC5462382	tex	pone.0178235.s002.tex
PMC5462382	tex	pone.0178235.s003.tex
PMC5462382	tex	pone.0178235.s004.tex
PMC5462382	tex	pone.0178235.s005.tex
PMC5462382	tex	pone.0178235.s006.tex
PMC5462382	tex	pone.0178235.s007.tex
PMC5462382	tex	pone.0178235.s008.tex
PMC5462382	tex	pone.0178235.s009.tex
PMC5462541	pl	elife-19893-code1.pl
PMC5462542	r	elife-23699-code1.r
PMC5463988	r	peerj-05-3421-s002.r
PMC5466419	svg	elife-25492-supp1.svg
PMC5466419	svg	elife-25492-supp2.svg
PMC5466419	svg	elife-25492-supp3.svg
PMC5466422	m	elife-23570-code1.m
PMC5466422	m	elife-23570-code2.m
PMC5466423	r	elife-24414-code1.r
PMC5466423	r	elife-24414-code2.r
PMC5468151	svg	ECE3-7-3672-s001.svg
PMC5468151	svg	ECE3-7-3672-s002.svg
PMC5468151	svg	ECE3-7-3672-s003.svg
PMC5469488	tex	pcbi.1005430.s001.tex
PMC5469488	tex	pcbi.1005430.s002.tex
PMC5469488	tex	pcbi.1005430.s003.tex
PMC5469619	m	elife-25051-code1.m
PMC5469619	m	elife-25051-code10.m
PMC5469619	m	elife-25051-code11.m
PMC5469619	m	elife-25051-code12.m
PMC5469619	m	elife-25051-code13.m
PMC5469619	m	elife-25051-code14.m
PMC5469619	m	elife-25051-code15.m
PMC5469619	m	elife-25051-code16.m
PMC5469619	m	elife-25051-code2.m
PMC5469619	m	elife-25051-code3.m
PMC5469619	m	elife-25051-code4.m
PMC5469619	m	elife-25051-code5.m
PMC5469619	m	elife-25051-code6.m
PMC5469619	m	elife-25051-code7.m
PMC5469619	m	elife-25051-code8.m
PMC5469619	m	elife-25051-code9.m
PMC5470718	svg	pone.0179581.s002.svg
PMC5470737	r	pone.0179495.s003.r
PMC5473752	r	1721FileS4.R
PMC5473757	pl	1775FileS2.pl
PMC5473757	pl	1775FileS3.pl
PMC5473757	pl	1775FileS4.pl
PMC5473757	pl	1775FileS5.pl
PMC5473757	pl	1775FileS6.pl
PMC5474090	r	peerj-05-3411-s003.r
PMC5474090	rmd	peerj-05-3411-s005.rmd
PMC5474096	r	peerj-05-3428-s015.r
PMC5474096	py	peerj-05-3428-s016.py
PMC5477162	ps	13045_2017_484_MOESM1_ESM.ps
PMC5477162	ps	13045_2017_484_MOESM2_ESM.ps
PMC5477162	ps	13045_2017_484_MOESM3_ESM.ps
PMC5477162	ps	13045_2017_484_MOESM4_ESM.ps
PMC5478076	r	ECE3-7-4299-s011.R
PMC5478088	bib	ECE3-7-4419-s002.bib
PMC5478088	tex	ECE3-7-4419-s003.tex
PMC5478281	m	elife-19907-fig12-data1.m
PMC5478281	m	elife-19907-fig14-data2.m
PMC5478281	m	elife-19907-fig8-figsupp2-data2.m
PMC5480257	r	12862_2017_984_MOESM4_ESM.r
PMC5481185	tex	elife-25192-table1-data1.tex
PMC5482475	r	pone.0179891.s001.R
PMC5483041	r	peerj-05-3446-s002.r
PMC5485016	cfg	EVO-71-1285-s003.cfg
PMC5485078	r	EVO-71-1164-s013.R
PMC5485573	r	13104_2017_2540_MOESM1_ESM.r
PMC5485580	owl	13326_2017_127_MOESM2_ESM.owl
PMC5485580	owl	13326_2017_127_MOESM3_ESM.owl
PMC5485580	owl	13326_2017_127_MOESM4_ESM.owl
PMC5485580	owl	13326_2017_127_MOESM5_ESM.owl
PMC5486974	r	pbio.2001333.s012.R
PMC5487031	r	pone.0179261.s002.r
PMC5487215	py	elife-23203-code1.py
PMC5490210	java	12938_2016_234_MOESM2_ESM.java
PMC5490210	java	12938_2016_234_MOESM3_ESM.java
PMC5490210	m	12938_2016_234_MOESM4_ESM.m
PMC5491329	m	pone.0180011.s001.m
PMC5491329	m	pone.0180011.s002.m
PMC5493908	m	rsos170062supp1.m
PMC5493908	m	rsos170062supp2.m
PMC5493908	m	rsos170062supp3.m
PMC5493908	m	rsos170062supp4.m
PMC5493940	mat	rspa20160759supp2.mat
PMC5493948	mat	rspa20170056supp1.mat
PMC5493948	mat	rspa20170056supp2.mat
PMC5494171	r	peerj-05-3462-s001.r
PMC5495218	c	pone.0179734.s004.c
PMC5495343	ml	pone.0180179.s002.ml
PMC5495343	ml	pone.0180179.s003.ml
PMC5495433	r	pone.0180537.s001.R
PMC5495433	r	pone.0180537.s002.R
PMC5495433	r	pone.0180537.s003.R
PMC5495433	r	pone.0180537.s004.R
PMC5495433	r	pone.0180537.s005.R
PMC5495433	r	pone.0180537.s006.R
PMC5495433	r	pone.0180537.s007.R
PMC5495433	r	pone.0180537.s008.R
PMC5495435	mat	pone.0180491.s001.mat
PMC5495435	mat	pone.0180491.s002.mat
PMC5495435	mat	pone.0180491.s003.mat
PMC5495571	m	elife-25217-code1.m
PMC5496254	r	12859_2017_1731_MOESM1_ESM.r
PMC5496534	r	ECE3-7-4991-s002.R
PMC5496536	r	ECE3-7-4907-s003.r
PMC5497959	rmd	pone.0179954.s002.Rmd
PMC5499176	r	621Supplemental_File_S4_cape_do_analysis.R
PMC5500014	mat	pcbi.1005504.s001.mat
PMC5500014	m	pcbi.1005504.s002.m
PMC5503266	sage	pone.0180549.s003.sage
PMC5503509	m	elife-24958-code1.m
PMC5503510	m	elife-28029-code1.m
PMC5504616	py	12896_2017_379_MOESM2_ESM.py
PMC5507486	kml	pone.0179197.s002.kml
PMC5507487	ino	pone.0179766.s018.ino
PMC5509131	tex	pone.0178118.s001.tex
PMC5509131	tex	pone.0178118.s002.tex
PMC5509131	tex	pone.0178118.s003.tex
PMC5509131	tex	pone.0178118.s004.tex
PMC5509131	tex	pone.0178118.s005.tex
PMC5509131	tex	pone.0178118.s006.tex
PMC5509131	tex	pone.0178118.s007.tex
PMC5509131	tex	pone.0178118.s008.tex
PMC5509131	tex	pone.0178118.s015.tex
PMC5509131	tex	pone.0178118.s016.tex
PMC5509131	tex	pone.0178118.s017.tex
PMC5509131	tex	pone.0178118.s018.tex
PMC5509154	mat	pone.0180893.s001.mat
PMC5509154	mat	pone.0180893.s002.mat
PMC5510799	json	pone.0179130.s002.json
PMC5511702	rmd	peerj-05-3563-s001.rmd
PMC5513197	r	12940_2017_277_MOESM2_ESM.r
PMC5513232	bib	ECE3-6-7047-s008.bib
PMC5513232	tex	ECE3-6-7047-s010.tex
PMC5513232	sty	ECE3-6-7047-s012.sty
PMC5513339	r	12874_2017_375_MOESM1_ESM.r
PMC5516768	r	peerj-05-3584-s002.r
PMC5517051	r	pone.0181477.s002.R
PMC5519329	pl	elife-24133-supp4.pl
PMC5519329	pl	elife-24133-supp5.pl
PMC5520301	r	12874_2017_379_MOESM1_ESM.r
PMC5520301	r	12874_2017_379_MOESM2_ESM.r
PMC5520836	sv	12284_2012_13_MOESM3_ESM.sv
PMC5521738	mat	pcbi.1005627.s008.mat
PMC5521738	m	pcbi.1005627.s009.m
PMC5521738	r	pcbi.1005627.s011.R
PMC5521783	py	pone.0180971.s003.py
PMC5521783	py	pone.0180971.s004.py
PMC5521783	py	pone.0180971.s005.py
PMC5521783	r	pone.0180971.s006.R
PMC5522501	svg	359_2017_1184_MOESM1_ESM.svg
PMC5522501	svg	359_2017_1184_MOESM2_ESM.svg
PMC5522501	svg	359_2017_1184_MOESM3_ESM.svg
PMC5524419	mat	pcbi.1005546.s010.mat
PMC5524419	mat	pcbi.1005546.s011.mat
PMC5526550	sps	pone.0179413.s002.sps
PMC5526556	do	pone.0181408.s001.do
PMC5528901	r	pone.0181689.s002.r
PMC5531923	r	elife-27652-fig3-data2.r
PMC5533152	r	peerj-05-3622-s001.r
PMC5533451	nlogo	pone.0182188.s003.nlogo
PMC5534036	pl	13100_2017_92_MOESM10_ESM.pl
PMC5534036	sh	13100_2017_92_MOESM7_ESM.sh
PMC5534036	pl	13100_2017_92_MOESM8_ESM.pl
PMC5534036	pl	13100_2017_92_MOESM9_ESM.pl
PMC5535010	mat	MRM-78-429-s002.mat
PMC5535293	tab	12915_2017_402_MOESM11_ESM.tab
PMC5536394	ipynb	pgen.1006916.s014.ipynb
PMC5542385	r	pmed.1002368.s006.R
PMC5542401	r	pgen.1006911.s003.R
PMC5542401	r	pgen.1006911.s004.R
PMC5542401	r	pgen.1006911.s005.R
PMC5543028	m	13321_2017_230_MOESM2_ESM.m
PMC5543553	r	12862_2017_1019_MOESM6_ESM.r
PMC5544899	r	rehab_v4i2e6_app6.R
PMC5547673	md	40168_2017_284_MOESM4_ESM.md
PMC5549763	m	pntd.0005792.s002.m
PMC5549924	r	pone.0181987.s001.R
PMC5549924	r	pone.0181987.s002.R
PMC5549924	r	pone.0181987.s003.R
PMC5550004	m	pcbi.1005604.s011.m
PMC5552088	r	pone.0182931.s001.R
PMC5552088	r	pone.0182931.s002.R
PMC5552088	r	pone.0182931.s004.R
PMC5552275	r	elife-28533-code1.r
PMC5552925	r	ECE3-7-5930-s003.r
PMC5552925	r	ECE3-7-5930-s004.r
PMC5553986	ipynb	pcbi.1005639.s006.ipynb
PMC5555291	r	peerj-05-3663-s002.r
PMC5555291	r	peerj-05-3663-s003.r
PMC5555707	do	pone.0182827.s002.do
PMC5556679	m	12918_2017_447_MOESM2_ESM.m
PMC5557359	r	pone.0183075.s009.R
PMC5557512	py	12862_2017_1035_MOESM7_ESM.py
PMC5557527	rmd	40168_2017_314_MOESM3_ESM.rmd
PMC5557529	do	13063_2017_2113_MOESM1_ESM.do
PMC5557529	do	13063_2017_2113_MOESM2_ESM.do
PMC5557589	r	pone.0183352.s003.R
PMC5558918	do	pone.0181664.s003.do
PMC5560812	nb	2149FileS6.nb
PMC5562314	rmd	pone.0182651.s002.Rmd
PMC5562314	rmd	pone.0182651.s003.Rmd
PMC5563027	sql	12911_2017_515_MOESM1_ESM.sql
PMC5563027	java	12911_2017_515_MOESM2_ESM.java
PMC5563027	xquery	12911_2017_515_MOESM3_ESM.xquery
PMC5563442	r	peerj-05-3675-s004.r
PMC5567266	f	41114_2016_3_MOESM6_ESM.f
PMC5568752	c	pcbi.1005699.s005.c
PMC5569512	do	12982_2017_62_MOESM1_ESM.do
PMC5570273	r	pbio.2002731.s018.R
PMC5571629	r	40168_2017_316_MOESM13_ESM.r
PMC5571629	r	40168_2017_316_MOESM14_ESM.r
PMC5571629	r	40168_2017_316_MOESM15_ESM.r
PMC5571934	m	pone.0183362.s003.m
PMC5571934	m	pone.0183362.s005.m
PMC5572052	tex	41598_2017_9824_MOESM2_ESM.tex
PMC5572351	mod	PSP4-6-560-s001.mod
PMC5572374	r	PSP4-6-499-s001.R
PMC5572374	r	PSP4-6-499-s002.R
PMC5572374	py	PSP4-6-499-s008.py
PMC5572374	md	PSP4-6-499-s009.md
PMC5572374	cfg	PSP4-6-499-s013.cfg
PMC5573216	c	pone.0183654.s003.c
PMC5574461	mat	12934_2015_396_MOESM3_ESM.mat
PMC5574582	r	pone.0184101.s001.R
PMC5574582	r	pone.0184101.s002.R
PMC5574582	r	pone.0184101.s003.R
PMC5575519	r	SIM-36-3361-s001.R
PMC5576133	mat	12984_2017_292_MOESM1_ESM.mat
PMC5576133	mat	12984_2017_292_MOESM2_ESM.mat
PMC5576133	mat	12984_2017_292_MOESM3_ESM.mat
PMC5576133	mat	12984_2017_292_MOESM4_ESM.mat
PMC5578369	pl	peerj-05-3497-s003.pl
PMC5578370	r	peerj-05-3730-s010.r
PMC5578741	m	elife-26607-code.m
PMC5578741	nb	elife-26607-code.nb
PMC5579113	r	rsos170489supp3.r
PMC5580390	r	peerj-05-3736-s001.r
PMC5580390	r	peerj-05-3736-s003.r
PMC5580390	r	peerj-05-3736-s006.r
PMC5580710	ps	supp_gr.219386.116_Supplemental_Fig_S1.ps
PMC5580710	ps	supp_gr.219386.116_Supplemental_Fig_S2.ps
PMC5580710	ps	supp_gr.219386.116_Supplemental_Fig_S3.ps
PMC5580710	ps	supp_gr.219386.116_Supplemental_Fig_S4.ps
PMC5580710	ps	supp_gr.219386.116_Supplemental_Fig_S5.ps
PMC5581456	r	13071_2017_2342_MOESM1_ESM.r
PMC5581932	r	12859_2017_1810_MOESM2_ESM.r
PMC5581932	r	12859_2017_1810_MOESM4_ESM.r
PMC5586009	r	40462_2017_110_MOESM1_ESM.r
PMC5587243	tex	pone.0179989.s001.tex
PMC5587461	r	ECE3-7-7034-s013.R
PMC5589227	sps	pone.0184436.s003.sps
PMC5589265	mat	pcbi.1005723.s010.mat
PMC5589933	tex	41598_2017_11072_MOESM2_ESM.tex
PMC5589933	tex	41598_2017_11072_MOESM3_ESM.tex
PMC5589933	tex	41598_2017_11072_MOESM4_ESM.tex
PMC5589933	tex	41598_2017_11072_MOESM5_ESM.tex
PMC5591013	py	pcbi.1005712.s003.py
PMC5591013	py	pcbi.1005712.s004.py
PMC5591013	py	pcbi.1005712.s005.py
PMC5591013	r	pcbi.1005712.s006.R
PMC5593198	r	ppat.1006540.s001.R
PMC5593505	m	elife-29178-code1.m
PMC5593505	m	elife-29178-code2.m
PMC5593505	m	elife-29178-code3.m
PMC5593505	m	elife-29178-code4.m
PMC5593505	m	elife-29178-code5.m
PMC5593505	m	elife-29178-code6.m
PMC5593512	r	elife-26424-code4.r
PMC5593512	m	elife-26424-code5.m
PMC5593512	m	elife-26424-code6.m
PMC5593512	m	elife-26424-fig1-code1.m
PMC5594614	cdf	12915_2017_420_MOESM2_ESM.cdf
PMC5594614	cdf	12915_2017_420_MOESM3_ESM.cdf
PMC5595264	m	mmc1.m
PMC5597208	bash	pone.0184119.s014.bash
PMC5597208	bash	pone.0184119.s015.bash
PMC5597334	m	elife-28081-code1.m
PMC5597334	m	elife-28081-code2.m
PMC5599232	py	elife-25301-code1.py
PMC5600176	r	peerj-05-3785-s003.r
PMC5600378	mat	pone.0184682.s003.mat
PMC5600378	r	pone.0184682.s006.R
PMC5602685	owl	peerj-05-3811-s001.owl
PMC5602685	owl	peerj-05-3811-s002.owl
PMC5602700	r	peerj-05-3761-s001.r
PMC5602700	r	peerj-05-3761-s004.r
PMC5603635	mat	11517_2017_1631_MOESM1_ESM.mat
PMC5604503	r	12874_2017_377_MOESM3_ESM.r
PMC5606031	json	13326_2017_148_MOESM1_ESM.json
PMC5606903	r	ECE3-7-7304-s001.R
PMC5606903	r	ECE3-7-7304-s002.R
PMC5606903	r	ECE3-7-7304-s003.R
PMC5606903	r	ECE3-7-7304-s004.R
PMC5607910	r	peerj-05-3806-s001.r
PMC5608512	r	elife-28620-fig1-code1.r
PMC5608512	r	elife-28620-fig1-code2.r
PMC5608512	r	elife-28620-fig2-code1.r
PMC5608512	r	elife-28620-fig3-code1.r
PMC5608512	r	elife-28620-fig4-code1.r
PMC5608512	r	elife-28620-fig4-code2.r
PMC5608512	r	elife-28620-fig5-code1.r
PMC5608512	r	elife-28620-fig5-code2.r
PMC5608512	r	elife-28620-fig6-code1.r
PMC5608512	r	elife-28620-fig6-code2.r
PMC5609058	r	40462_2017_111_MOESM1_ESM.r
PMC5613178	tex	PSP4-6-589-s003.tex
PMC5614558	pl	elife-28802-code.pl
PMC5615083	do	13550_2017_328_MOESM2_ESM.do
PMC5617167	tex	pone.0184632.s001.tex
PMC5617167	tex	pone.0184632.s004.tex
PMC5617167	tex	pone.0184632.s005.tex
PMC5617167	tex	pone.0184632.s006.tex
PMC5617173	pl	pone.0185207.s003.pl
PMC5619791	r	pone.0185528.s001.R
PMC5624292	r	peerj-05-3842-s006.r
PMC5624368	nb	CIE.nb
PMC5624368	nb	Imaging.nb
PMC5624368	nb	Sand.nb
PMC5624368	nb	SpectralCorrelation.nb
PMC5626481	m	elife-29639-code1.m
PMC5626481	m	elife-29639-code2.m
PMC5626481	m	elife-29639-code3.m
PMC5626481	m	elife-29639-code4.m
PMC5626505	py	pone.0185849.s005.py
PMC5627099	nb	rsos170536supp3.nb
PMC5627118	r	rsos170760supp2.R
PMC5627908	m	pone.0185261.s002.m
PMC5629611	kml	12920_2017_287_MOESM4_ESM.kml
PMC5629611	kml	12920_2017_287_MOESM5_ESM.kml
PMC5630023	ps	supp_gad.300988.117_Supplemental_Fig_S1.ps
PMC5630023	ps	supp_gad.300988.117_Supplemental_Fig_S10.ps
PMC5630023	ps	supp_gad.300988.117_Supplemental_Fig_S11.ps
PMC5630023	ps	supp_gad.300988.117_Supplemental_Fig_S12.ps
PMC5630023	ps	supp_gad.300988.117_Supplemental_Fig_S13.ps
PMC5630023	ps	supp_gad.300988.117_Supplemental_Fig_S14.ps
PMC5630023	ps	supp_gad.300988.117_Supplemental_Fig_S15.ps
PMC5630023	ps	supp_gad.300988.117_Supplemental_Fig_S16.ps
PMC5630023	ps	supp_gad.300988.117_Supplemental_Fig_S2.ps
PMC5630023	ps	supp_gad.300988.117_Supplemental_Fig_S3.ps
PMC5630023	ps	supp_gad.300988.117_Supplemental_Fig_S4.ps
PMC5630023	ps	supp_gad.300988.117_Supplemental_Fig_S5.ps
PMC5630023	ps	supp_gad.300988.117_Supplemental_Fig_S6.ps
PMC5630023	ps	supp_gad.300988.117_Supplemental_Fig_S7.ps
PMC5630023	ps	supp_gad.300988.117_Supplemental_Fig_S8.ps
PMC5630023	ps	supp_gad.300988.117_Supplemental_Fig_S9.ps
PMC5630024	ps	supp_gad.301499.117_Supplemental_FigS1.ps
PMC5630024	ps	supp_gad.301499.117_Supplemental_FigS2.ps
PMC5630024	ps	supp_gad.301499.117_Supplemental_FigS3.ps
PMC5630024	ps	supp_gad.301499.117_Supplemental_FigS4.ps
PMC5630024	ps	supp_gad.301499.117_Supplemental_FigS5.ps
PMC5630024	ps	supp_gad.301499.117_Supplemental_FigS6.ps
PMC5630024	ps	supp_gad.301499.117_Supplemental_FigS7.ps
PMC5630024	ps	supp_gad.301499.117_Supplemental_FigS8.ps
PMC5630158	tab	pcbi.1005734.s013.tab
PMC5632613	r	ECE3-7-7884-s005.R
PMC5632625	nb	ECE3-7-8008-s003.nb
PMC5632956	do	replication_manuscript.do
PMC5632956	do	replication_online_appendix.do
PMC5633203	py	pbio.2002439.s010.py
PMC5633203	py	pbio.2002439.s011.py
PMC5634631	svg	pcbi.1005758.s013.svg
PMC5634658	py	pntd.0005962.s008.py
PMC5634659	sas	pone.0185957.s002.sas
PMC5635776	m	medsci-05-00001-s001.m
PMC5636089	r	pone.0185577.s003.R
PMC5638210	json	pcbi.1005134.s004.json
PMC5638442	sas	pone.0186144.s005.sas
PMC5640977	r	peerj-05-3899-s003.r
PMC5641425	rmd	peerj-05-3903-s004.rmd
PMC5644975	do	pone.0185739.s004.do
PMC5644975	do	pone.0185739.s005.do
PMC5644975	do	pone.0185739.s006.do
PMC5646755	mat	pbio.2000841.s002.mat
PMC5646755	mat	pbio.2000841.s012.mat
PMC5646755	mat	pbio.2000841.s013.mat
PMC5646755	mat	pbio.2000841.s014.mat
PMC5646755	mat	pbio.2000841.s015.mat
PMC5646755	mat	pbio.2000841.s016.mat
PMC5646755	mat	pbio.2000841.s017.mat
PMC5646755	mat	pbio.2000841.s018.mat
PMC5646755	mat	pbio.2000841.s019.mat
PMC5646755	mat	pbio.2000841.s020.mat
PMC5646755	mat	pbio.2000841.s024.mat
PMC5646792	r	pone.0185701.s002.R
PMC5647454	tex	NIHMS798298-supplement-Suppl.tex
PMC5648032	ps	supp_062687.117_Supplemental_Figure_S1.ps
PMC5648032	ps	supp_062687.117_Supplemental_Figure_S2.ps
PMC5648032	ps	supp_062687.117_Supplemental_Figure_S3.ps
PMC5648032	ps	supp_062687.117_SuppLemental_Figure_S4.ps
PMC5648032	ps	supp_062687.117_Supplemental_Figure_S5.ps
PMC5648032	ps	supp_062687.117_Supplemental_Figure_S6.ps
PMC5648032	ps	supp_062687.117_Supplemental_Figure_S7.ps
PMC5648257	cdf	pgen.1007039.s005.cdf
PMC5648667	r	ECE3-7-8388-s006.R
PMC5648667	r	ECE3-7-8388-s007.R
PMC5648667	r	ECE3-7-8388-s008.R
PMC5648669	tex	ECE3-7-8338-s002.tex
PMC5649605	r	peerj-05-3859-s001.r
PMC5649605	r	peerj-05-3859-s003.r
PMC5651168	r	peerj-05-3911-s002.r
PMC5653206	r	pone.0185812.s002.r
PMC5653206	tab	pone.0185812.s003.tab
PMC5653206	tab	pone.0185812.s004.tab
PMC5653206	tab	pone.0185812.s005.tab
PMC5655155	m	elife-29515-code4.m
PMC5655752	r	SIM-36-3858-s001.R
PMC5655752	r	SIM-36-3858-s002.R
PMC5656817	r	EVO-71-2522-s006.R
PMC5658065	m	elife-25197-code1.m
PMC5658065	m	elife-25197-code2.m
PMC5658171	r	ppat.1006678.s030.R
PMC5658192	py	pgen.1007041.s015.py
PMC5660143	py	109_2017_1582_MOESM1_ESM.py
PMC5660604	do	peerj-05-3871-s001.do
PMC5660604	do	peerj-05-3871-s003.do
PMC5660877	r	peerj-05-3958-s001.r
PMC5661431	r	peerj-05-3795-s007.r
PMC5661431	r	peerj-05-3795-s008.r
PMC5661431	r	peerj-05-3795-s009.r
PMC5663434	rmd	pone.0187037.s001.Rmd
PMC5665003	kml	bdj-05-e14790-s001.kml
PMC5665005	kml	bdj-05-e20810-s001.kml
PMC5665005	kml	bdj-05-e20810-s002.kml
PMC5665005	kml	bdj-05-e20810-s003.kml
PMC5665005	kml	bdj-05-e20810-s004.kml
PMC5665005	kml	bdj-05-e20810-s005.kml
PMC5665005	kml	bdj-05-e20810-s006.kml
PMC5665005	kml	bdj-05-e20810-s007.kml
PMC5665005	kml	bdj-05-e20810-s008.kml
PMC5665005	kml	bdj-05-e20810-s009.kml
PMC5665005	kml	bdj-05-e20810-s010.kml
PMC5665005	kml	bdj-05-e20810-s011.kml
PMC5665005	kml	bdj-05-e20810-s012.kml
PMC5665005	kml	bdj-05-e20810-s013.kml
PMC5665005	kml	bdj-05-e20810-s014.kml
PMC5665005	kml	bdj-05-e20810-s015.kml
PMC5665005	kml	bdj-05-e20810-s016.kml
PMC5665005	kml	bdj-05-e20810-s017.kml
PMC5665005	kml	bdj-05-e20810-s018.kml
PMC5665005	kml	bdj-05-e20810-s019.kml
PMC5665005	kml	bdj-05-e20810-s020.kml
PMC5665005	kml	bdj-05-e20810-s021.kml
PMC5665005	kml	bdj-05-e20810-s022.kml
PMC5665005	kml	bdj-05-e20810-s023.kml
PMC5665005	kml	bdj-05-e20810-s024.kml
PMC5665005	kml	bdj-05-e20810-s025.kml
PMC5665005	kml	bdj-05-e20810-s026.kml
PMC5665005	kml	bdj-05-e20810-s027.kml
PMC5665005	kml	bdj-05-e20810-s028.kml
PMC5665005	kml	bdj-05-e20810-s029.kml
PMC5665005	kml	bdj-05-e20810-s030.kml
PMC5665005	kml	bdj-05-e20810-s031.kml
PMC5665005	kml	bdj-05-e20810-s032.kml
PMC5665005	kml	bdj-05-e20810-s033.kml
PMC5665005	kml	bdj-05-e20810-s034.kml
PMC5665005	kml	bdj-05-e20810-s035.kml
PMC5665005	kml	bdj-05-e20810-s036.kml
PMC5665005	kml	bdj-05-e20810-s037.kml
PMC5665005	kml	bdj-05-e20810-s038.kml
PMC5665005	kml	bdj-05-e20810-s039.kml
PMC5665005	kml	bdj-05-e20810-s040.kml
PMC5665005	kml	bdj-05-e20810-s041.kml
PMC5665005	kml	bdj-05-e20810-s042.kml
PMC5665005	kml	bdj-05-e20810-s043.kml
PMC5665005	kml	bdj-05-e20810-s044.kml
PMC5665005	kml	bdj-05-e20810-s045.kml
PMC5665005	kml	bdj-05-e20810-s046.kml
PMC5665005	kml	bdj-05-e20810-s047.kml
PMC5665005	kml	bdj-05-e20810-s048.kml
PMC5665005	kml	bdj-05-e20810-s049.kml
PMC5665005	kml	bdj-05-e20810-s050.kml
PMC5665005	kml	bdj-05-e20810-s051.kml
PMC5665005	kml	bdj-05-e20810-s052.kml
PMC5665005	kml	bdj-05-e20810-s053.kml
PMC5665005	kml	bdj-05-e20810-s054.kml
PMC5665005	kml	bdj-05-e20810-s055.kml
PMC5665773	do	rsbl20170464supp2.do
PMC5666243	m	rsos170360supp3.m
PMC5667932	py	elife-27356-code1.py
PMC5669422	tex	pgen.1007028.s004.tex
PMC5669422	tex	pgen.1007028.s005.tex
PMC5669422	tex	pgen.1007028.s006.tex
PMC5669422	tex	pgen.1007028.s007.tex
PMC5669422	tex	pgen.1007028.s008.tex
PMC5669422	tex	pgen.1007028.s009.tex
PMC5669422	tex	pgen.1007028.s010.tex
PMC5669422	tex	pgen.1007028.s011.tex
PMC5669422	tex	pgen.1007028.s012.tex
PMC5669498	r	pcbi.1005812.s006.R
PMC5673185	tex	pone.0187301.s001.tex
PMC5673192	tex	pone.0187097.s001.tex
PMC5673192	tex	pone.0187097.s002.tex
PMC5673192	tex	pone.0187097.s003.tex
PMC5673192	tex	pone.0187097.s004.tex
PMC5673192	tex	pone.0187097.s005.tex
PMC5675459	m	pbio.2002518.s009.m
PMC5679535	svg	pone.0187934.s001.svg
PMC5679535	svg	pone.0187934.s002.svg
PMC5679535	svg	pone.0187934.s003.svg
PMC5680669	nb	bdj-05-e21139-s001.nb
PMC5680669	nb	bdj-05-e21139-s003.nb
PMC5682100	r	peerj-05-3940-s001.r
PMC5683210	tex	HTL.SI.2017.0064.SUP1.tex
PMC5685581	py	pone.0187938.s002.py
PMC5685607	m	pone.0188107.s003.m
PMC5685607	m	pone.0188107.s004.m
PMC5685607	m	pone.0188107.s005.m
PMC5685607	m	pone.0188107.s006.m
PMC5686275	rmd	10928_2017_9550_MOESM12_ESM.rmd
PMC5687765	m	pone.0188073.s001.m
PMC5687860	r	elife-28683-code.r
PMC5688710	r	12859_2017_1870_MOESM31_ESM.r
PMC5688710	r	12859_2017_1870_MOESM32_ESM.r
PMC5688710	r	12859_2017_1870_MOESM33_ESM.r
PMC5689021	r	peerj-05-3917-s002.r
PMC5689487	r	ECE3-7-8989-s008.R
PMC5690993	m	ACM2-16-501-s001.m
PMC5690993	m	ACM2-16-501-s002.m
PMC5693115	r	elife-29144-code1.r
PMC5693115	stan	elife-29144-code2.stan
PMC5693115	nlogo	elife-29144-code3.nlogo
PMC5693418	m	pone.0188266.s001.m
PMC5693418	mat	pone.0188266.s002.mat
PMC5693421	m	pone.0188256.s002.m
PMC5693421	m	pone.0188256.s003.m
PMC5693421	m	pone.0188256.s004.m
PMC5693421	m	pone.0188256.s005.m
PMC5693421	m	pone.0188256.s006.m
PMC5693421	m	pone.0188256.s007.m
PMC5693421	m	pone.0188256.s008.m
PMC5693451	c	pcbi.1005847.s010.c
PMC5693592	m	13068_2017_967_MOESM8_ESM.m
PMC5695613	r	pone.0187568.s007.R
PMC5695909	m	elife-28975-code1.m
PMC5697563	do	eup-16-1245-File005.do
PMC5697930	nb	elife-30688-supp1.nb
PMC5699130	r	12982_2017_67_MOESM1_ESM.r
PMC5699812	r	pone.0188447.s002.r
PMC5701433	owl	13326_2017_165_MOESM3_ESM.owl
PMC5701548	pl	peerj-05-3998-s002.pl
PMC5701796	m	elife-25950-code1.m
PMC5702135	m	13104_2017_2945_MOESM1_ESM.m
PMC5702135	m	13104_2017_2945_MOESM3_ESM.m
PMC5703451	mat	pone.0188329.s004.mat
PMC5703451	mat	pone.0188329.s005.mat
PMC5703645	pl	elife-27860-code1.pl
PMC5704640	r	12864_2017_4280_MOESM2_ESM.r
PMC5705070	do	pmed.1002463.s002.do
PMC5705216	py	elife-28306-code1.py
PMC5705216	py	elife-28306-code2.py
PMC5705216	py	elife-28306-code3.py
PMC5705216	py	elife-28306-code4.py
PMC5705216	py	elife-28306-code5.py
PMC5706310	sas	12889_2017_4904_MOESM1_ESM.sas
PMC5706346	tex	PSP4-6-469-s007.tex
PMC5707916	r	12983_2017_241_MOESM5_ESM.r
PMC5708727	mat	pone.0188834.s004.mat
PMC5708727	mat	pone.0188834.s005.mat
PMC5708727	mat	pone.0188834.s006.mat
PMC5708727	mat	pone.0188834.s007.mat
PMC5708727	mat	pone.0188834.s008.mat
PMC5708727	mat	pone.0188834.s009.mat
PMC5708727	mat	pone.0188834.s010.mat
PMC5708838	m	pone.0189088.s001.m
PMC5708838	m	pone.0189088.s002.m
PMC5709917	r	40168_2017_371_MOESM7_ESM.r
PMC5710091	r	12859_2017_1951_MOESM8_ESM.r
PMC5711119	m	ACM2-15-013-s001.m
PMC5711119	m	ACM2-15-013-s002.m
PMC5712128	cpp	12918_2017_483_MOESM7_ESM.cpp
PMC5712201	py	12918_2017_499_MOESM2_ESM.py
PMC5712470	r	peerj-05-4078-s002.r
PMC5717655	py	rsos170885supp2.py
PMC5717655	cpp	rsos170885supp4.cpp
PMC5718136	owl	12911_2017_568_MOESM2_ESM.owl
PMC5719527	sh	12859_2017_1952_MOESM3_ESM.sh
PMC5719591	r	12863_2017_571_MOESM1_ESM.r
PMC5719591	pl	12863_2017_571_MOESM8_ESM.pl
PMC5720690	r	pone.0189124.s034.r
PMC5720690	r	pone.0189124.s035.r
PMC5720690	r	pone.0189124.s036.r
PMC5720690	r	pone.0189124.s037.r
PMC5720690	r	pone.0189124.s038.r
PMC5720693	tab	pone.0189064.s005.tab
PMC5720693	tab	pone.0189064.s006.tab
PMC5720693	tab	pone.0189064.s007.tab
PMC5720693	tab	pone.0189064.s008.tab
PMC5720693	tab	pone.0189064.s009.tab
PMC5720693	tab	pone.0189064.s010.tab
PMC5720723	py	pone.0189181.s015.py
PMC5720723	r	pone.0189181.s016.R
PMC5721607	r	12886_2017_597_MOESM2_ESM.r
PMC5721906	rmd	peerj-05-4116-s002.rmd
PMC5722377	mat	pone.0189189.s001.mat
PMC5723459	dot	ACM2-6-050-s001.dot
PMC5723611	tex	ECE3-7-10066-s003.tex
PMC5724680	tex	JRSM-8-451-s001.tex
PMC5725844	nlogo	12918_2017_516_MOESM1_ESM.nlogo
PMC5726661	frm	pone.0188774.s015.frm
PMC5726733	py	pone.0188616.s001.py
PMC5728485	mat	pone.0187441.s003.mat
PMC5728568	mat	pone.0188579.s002.mat
PMC5728573	java	pone.0189660.s011.java
PMC5728573	java	pone.0189660.s012.java
PMC5728573	java	pone.0189660.s013.java
PMC5728579	m	pone.0189529.s001.m
PMC5728579	m	pone.0189529.s002.m
PMC5728579	m	pone.0189529.s003.m
PMC5728719	rmd	elife-28415-supp1.rmd
PMC5730120	nlogo	pone.0189578.s005.nlogo
PMC5730165	tex	pone.0188252.s002.tex
PMC5731747	r	pone.0189173.s006.R
PMC5731765	tex	pone.0188606.s001.tex
PMC5733368	json	peerj-05-4165-s001.json
PMC5733898	mat	peerj-05-4164-s001.mat
PMC5734876	m	elife-30809-code1.m
PMC5734877	r	elife-30201-fig2-figsupp2-data1.r
PMC5735504	r	13040_2017_158_MOESM1_ESM.r
PMC5735545	r	12862_2017_1092_MOESM18_ESM.r
PMC5736231	mat	pone.0189963.s001.mat
PMC5737981	r	pone.0188380.s003.R
PMC5738058	mat	pone.0189143.s001.mat
PMC5738069	r	pone.0189349.s018.R
PMC5739447	r	pone.0189922.s002.r
PMC5740937	tab	12859_2017_1989_MOESM4_ESM.tab
PMC5740937	tab	12859_2017_1989_MOESM5_ESM.tab
PMC5741052	ps	supp_gr.224964.117_Supplemental_Fig_S1.ps
PMC5741052	ps	supp_gr.224964.117_Supplemental_Fig_S10.ps
PMC5741052	ps	supp_gr.224964.117_Supplemental_Fig_S11.ps
PMC5741052	ps	supp_gr.224964.117_Supplemental_Fig_S2.ps
PMC5741052	ps	supp_gr.224964.117_Supplemental_Fig_S3.ps
PMC5741052	ps	supp_gr.224964.117_Supplemental_Fig_S4.ps
PMC5741052	ps	supp_gr.224964.117_Supplemental_Fig_S6.ps
PMC5741052	ps	supp_gr.224964.117_Supplemental_Fig_S7.ps
PMC5741052	ps	supp_gr.224964.117_Supplemental_Fig_S8.ps
PMC5741052	ps	supp_gr.224964.117_Supplemental_Fig_S9.ps
PMC5741056	ps	supp_gr.223735.117_Supplemental_Fig_S1.ps
PMC5741056	ps	supp_gr.223735.117_Supplemental_Fig_S10.ps
PMC5741056	ps	supp_gr.223735.117_Supplemental_Fig_S11.ps
PMC5741056	ps	supp_gr.223735.117_Supplemental_Fig_S2.ps
PMC5741056	ps	supp_gr.223735.117_Supplemental_Fig_S3.ps
PMC5741056	ps	supp_gr.223735.117_Supplemental_Fig_S4.ps
PMC5741056	ps	supp_gr.223735.117_Supplemental_Fig_S5.ps
PMC5741056	ps	supp_gr.223735.117_Supplemental_Fig_S6.ps
PMC5741056	ps	supp_gr.223735.117_Supplemental_Fig_S7.ps
PMC5741056	ps	supp_gr.223735.117_Supplemental_Fig_S8.ps
PMC5741056	ps	supp_gr.223735.117_Supplemental_Fig_S9.ps
PMC5741056	ps	supp_gr.223735.117_Supplemental_Table_S1.ps
PMC5741056	ps	supp_gr.223735.117_Supplemental_Table_S2.ps
PMC5741056	ps	supp_gr.223735.117_Supplemental_Table_S3.ps
PMC5741926	r	12879_2017_2867_MOESM3_ESM.r
PMC5743483	r	ECE3-7-11227-s002.R
PMC5743807	m	MBT2-11-224-s004.m
PMC5744467	r	1701387_TextS5.R
PMC5744467	r	1701387_TextS7.R
PMC5745080	m	elife-28635-fig3-code1.m
PMC5745080	m	elife-28635-fig3-code2.m
PMC5745080	m	elife-28635-fig3-code3.m
PMC5745085	m	elife-28183-code1.m
PMC5745085	m	elife-28183-code2.m
PMC5745085	m	elife-28183-code3.m
PMC5745747	r	12920_2017_317_MOESM3_ESM.r
PMC5746257	r	pone.0190259.s008.r
PMC5748029	1	10856_2017_6018_MOESM1_ESM.1
PMC5748965	r	12918_2017_484_MOESM1_ESM.r
PMC5749677	tex	pone.0189419.s001.tex
PMC5749765	rmd	pone.0190195.s001.Rmd
PMC5749765	r	pone.0190195.s004.R
PMC5749765	bib	pone.0190195.s007.bib
PMC5755285	rmd	12889_2017_4998_MOESM2_ESM.rmd
PMC5755285	rmd	12889_2017_4998_MOESM3_ESM.rmd
PMC5755285	rmd	12889_2017_4998_MOESM4_ESM.rmd
PMC5755285	rmd	12889_2017_4998_MOESM5_ESM.rmd
PMC5755285	rmd	12889_2017_4998_MOESM6_ESM.rmd
PMC5755783	r	pone.0190422.s003.r
PMC5755783	r	pone.0190422.s004.r
PMC5755852	r	pone.0190612.s002.R
PMC5756090	m	pone.0188996.s003.m
PMC5756438	r	13148_2017_433_MOESM2_ESM.r
PMC5756840	r	ECE3-8-732-s006.R
PMC5756886	nb	ECE3-8-584-s001.nb
PMC5760204	mat	elife-28132-data1.mat
PMC5760205	rmd	elife-30274-code1.rmd
PMC5761830	r	pone.0189969.s002.R
PMC5761846	tex	pone.0189860.s009.tex
PMC5764572	m	elife-32418-code1.m
PMC5764572	m	elife-32418-code2.m
PMC5764572	m	elife-32418-code3.m
PMC5766989	r	13104_2018_3126_MOESM2_ESM.r
PMC5767085	r	peerj-06-4223-s005.r
PMC5767085	r	peerj-06-4223-s007.r
PMC5768168	r	peerj-06-4249-s003.r
PMC5769743	ps	supp_063776.117_Supplemental_Figure_1_proteins.ps
PMC5769743	ps	supp_063776.117_Supplemental_Figure_2_other_mutations_in_Ssx.ps
PMC5769743	ps	supp_063776.117_Supplemental_Figure_3_mSxl.ps
PMC5770155	py	10827_2017_667_MOESM2_ESM.py
PMC5770155	py	10827_2017_667_MOESM3_ESM.py
PMC5771023	r	40168_2017_389_MOESM5_ESM.r
PMC5773213	r	pone.0191530.s002.R
PMC5773319	r	ECE3-8-928-s001.R
PMC5773319	r	ECE3-8-928-s002.R
PMC5774302	r	peerj-06-4242-s009.r
PMC5774753	r	pone.0191055.s001.R
PMC5774753	r	pone.0191055.s002.R
PMC5774753	r	pone.0191055.s003.R
PMC5774753	r	pone.0191055.s004.R
PMC5774753	r	pone.0191055.s005.R
PMC5774780	mat	pone.0191478.s001.mat
PMC5774780	mat	pone.0191478.s002.mat
PMC5774801	do	pone.0191549.s008.do
PMC5774815	r	pone.0191528.s010.R
PMC5774815	r	pone.0191528.s011.R
PMC5774815	r	pone.0191528.s012.R
PMC5774815	r	pone.0191528.s013.R
PMC5775754	r	peerj-06-4292-s003.r
PMC5778843	py	CP-019-C7CP02434G-s001.py
PMC5779667	tex	pone.0190448.s004.tex
PMC5779699	r	pone.0191628.s004.R
PMC5779701	r	pone.0191675.s002.R
PMC5783365	mat	pone.0191480.s002.mat
PMC5783376	r	pone.0191327.s004.R
PMC5783376	r	pone.0191327.s005.R
PMC5783376	r	pone.0191327.s006.R
PMC5783610	py	elife-31157-code1.py
PMC5784970	r	pone.0191770.s006.R
PMC5784970	r	pone.0191770.s007.R
PMC5784992	php	pone.0191838.s004.php
PMC5787228	r	122_2017_2998_MOESM3_ESM.r
PMC5787307	r	12859_2018_2020_MOESM3_ESM.r
PMC5788506	m	elife-31469-supp6.m
PMC5792025	r	pone.0192065.s001.R
PMC5792025	r	pone.0192065.s002.R
PMC5792025	r	pone.0192065.s004.R
PMC5792025	r	pone.0192065.s005.R
PMC5792542	r	ECE3-8-1451-s002.r
PMC5792542	r	ECE3-8-1451-s003.r
PMC5792542	r	ECE3-8-1451-s004.r
PMC5792911	nb	rsos171241supp1.nb
PMC5792911	nb	rsos171241supp2.nb
PMC5792949	m	rsos171783supp1.m
PMC5792949	m	rsos171783supp2.m
PMC5792949	m	rsos171783supp3.m
PMC5793988	bib	41073_2016_8_MOESM6_ESM.bib
PMC5794088	mod	pone.0191718.s001.MOD
PMC5794113	r	pone.0191846.s005.R
PMC5796712	mat	pone.0192407.s005.mat
PMC5796712	mat	pone.0192407.s008.mat
PMC5797450	pl	peerj-06-4322-s010.pl
PMC5797450	pl	peerj-06-4322-s011.pl
PMC5797450	pl	peerj-06-4322-s012.pl
PMC5797450	r	peerj-06-4322-s014.r
PMC5797450	r	peerj-06-4322-s015.r
PMC5798780	py	pone.0192355.s001.py
PMC5800695	mat	pone.0192217.s001.mat
PMC5801747	py	12859_2018_2049_MOESM4_ESM.py
PMC5804289	owl	bdj-06-e22676-s003.owl
PMC5805289	pl	pone.0192446.s001.pl
PMC5805316	r	pone.0192481.s006.R
PMC5806307	r	13071_2018_2674_MOESM2_ESM.r
PMC5806594	r	peerj-06-4280-s003.r
PMC5807894	r	peerj-06-4204-s001.r
PMC5809094	r	pbio.2003563.s031.R
PMC5809143	m	elife-31668-code1.m
PMC5809143	m	elife-31668-code2.m
PMC5809143	m	elife-31668-code3.m
PMC5809143	m	elife-31668-code4.m
PMC5811023	mat	pone.0192874.s003.mat
PMC5811023	mat	pone.0192874.s004.mat
PMC5812561	aspx	pone.0190394.s001.aspx
PMC5812718	h	elife-24656-code2.h
PMC5813942	r	pone.0191557.s004.R
PMC5813942	py	pone.0191557.s005.py
PMC5814058	r	ppat.1006770.s004.R
PMC5814091	mat	pone.0193183.s002.mat
PMC5814147	py	elife-31037-code1.py
PMC5814147	py	elife-31037-code2.py
PMC5814147	py	elife-31037-code3.py
PMC5814147	py	elife-31037-code4.py
PMC5814147	py	elife-31037-code5.py
PMC5815576	do	pone.0190163.s003.do
PMC5815850	r	elife-31515-code1.r
PMC5817937	r	peerj-06-4364-s003.r
PMC5821340	m	pone.0192456.s001.m
PMC5821355	r	pone.0193148.s002.r
PMC5822039	cls	JMI_005_021217_SD002.cls
PMC5822039	bib	JMI_005_021217_SD003.bib
PMC5822849	pl	peerj-06-4417-s004.pl
PMC5823461	nb	pbio.2003693.s003.nb
PMC5825041	r	pone.0193173.s004.R
PMC5825071	r	pone.0192833.s008.r
PMC5825071	r	pone.0192833.s009.r
PMC5825100	r	pone.0193365.s003.R
PMC5828118	r	13071_2018_2711_MOESM1_ESM.r
PMC5828348	r	pbio.2004825.s001.R
PMC5828423	r	40168_2018_420_MOESM8_ESM.r
PMC5828996	py	NIHMS938953-supplement-Script_Used_for_Drops_Segmentation_and_Measurements_of_Concentration_in_Drops.py
PMC5830799	m	rsos172341supp2.m
PMC5830799	m	rsos172341supp3.m
PMC5830799	m	rsos172341supp4.m
PMC5830799	m	rsos172341supp5.m
PMC5831033	m	pone.0192835.s001.m
PMC5831102	sps	pone.0193478.s003.sps
PMC5831220	r	12575_2018_67_MOESM9_ESM.r
PMC5831642	nb	pcbi.1005967.s002.nb
PMC5831701	jl	12711_2018_373_MOESM1_ESM.jl
PMC5831701	jl	12711_2018_373_MOESM2_ESM.jl
PMC5831944	ps	4898365.f1.ps
PMC5831944	ps	4898365.f2.ps
PMC5832735	m	rsif20170931supp1.m
PMC5832735	m	rsif20170931supp10.m
PMC5832735	m	rsif20170931supp2.m
PMC5832735	m	rsif20170931supp3.m
PMC5832735	m	rsif20170931supp4.m
PMC5832735	m	rsif20170931supp5.m
PMC5832735	m	rsif20170931supp6.m
PMC5832735	m	rsif20170931supp7.m
PMC5832735	m	rsif20170931supp8.m
PMC5832735	m	rsif20170931supp9.m
PMC5832829	m	rspa20170500supp2.m
PMC5832829	m	rspa20170500supp3.m
PMC5834215	m	pbio.2003933.s006.m
PMC5834215	m	pbio.2003933.s007.m
PMC5834245	m	elife-33220-code1.m
PMC5834245	m	elife-33220-code2.m
PMC5834245	m	elife-33220-code3.m
PMC5834885	json	12918_2018_557_MOESM2_ESM.json
PMC5834885	ipynb	12918_2018_557_MOESM6_ESM.ipynb
PMC5835237	ps	6067096.f2.ps
PMC5835237	ps	6067096.f3.ps
PMC5835237	ps	6067096.f4.ps
PMC5835237	ps	6067096.f5.ps
PMC5835237	ps	6067096.f6.ps
PMC5835237	ps	6067096.f7.ps
PMC5838539	py	MINF-37-na-s014.py
PMC5839816	r	medi-97-e9905-s002.r
PMC5841743	r	pone.0193243.s003.R
PMC5841743	r	pone.0193243.s004.R
PMC5841824	r	pone.0194085.s002.R
PMC5847000	r	213_2017_4790_MOESM1_ESM.r
PMC5847147	do	11135_2017_488_MOESM1_ESM.do
PMC5847147	do	11135_2017_488_MOESM2_ESM.do
PMC5847147	do	11135_2017_488_MOESM3_ESM.do
PMC5847147	do	11135_2017_488_MOESM4_ESM.do
PMC5847147	do	11135_2017_488_MOESM5_ESM.do
PMC5851585	r	pone.0193305.s002.R
PMC5851634	r	pone.0194126.s009.R
PMC5854255	pub	pone.0192307.s001.pub
PMC5854442	m	pcbi.1006031.s002.m
PMC5856411	mat	pbio.2004103.s011.mat
PMC5856411	mat	pbio.2004103.s012.mat
PMC5856411	mat	pbio.2004103.s015.mat
PMC5856792	tex	41467_2018_3344_MOESM2_ESM.tex
PMC5858582	r	peerj-06-4511-s001.r
PMC5858824	r	pone.0194608.s001.r
PMC5859555	sh	13059_2018_1404_MOESM2_ESM.sh
PMC5860869	mat	elife-32992-fig1-data1.mat
PMC5860869	mat	elife-32992-fig4-data1.mat
PMC5862431	r	pone.0193620.s004.R
PMC5862526	m	elife-31220-code1.m
PMC5862526	m	elife-31220-code10.m
PMC5862526	m	elife-31220-code11.m
PMC5862526	m	elife-31220-code3.m
PMC5862526	m	elife-31220-code5.m
PMC5862526	m	elife-31220-code6.m
PMC5862526	m	elife-31220-code7.m
PMC5862526	r	elife-31220-code8.r
PMC5862526	m	elife-31220-code9.m
PMC5862870	m	41598_2018_23071_MOESM4_ESM.m
PMC5864095	tex	pcbi.1006025.s001.tex
PMC5864297	r	elife-30756-code1.r
PMC5864297	cc	elife-30756-code2.cc
PMC5866714	r	peerj-06-4527-s009.r
PMC5866714	r	peerj-06-4527-s010.r
PMC5866714	r	peerj-06-4527-s011.r
PMC5866714	r	peerj-06-4527-s012.r
PMC5866916	r	peerj-06-4519-s002.r
PMC5868776	r	pone.0193822.s004.R
PMC5868856	ipynb	pbio.2004248.s025.ipynb
PMC5869015	m	elife-26016-code1.m
PMC5869015	m	elife-26016-code2.m
PMC5869225	r	ECE3-8-3468-s007.r
PMC5869225	r	ECE3-8-3468-s008.r
PMC5869492	nb	viruses-10-00099-s001.nb
PMC5870695	m	12938_2018_463_MOESM1_ESM.m
PMC5873903	r	1119FileS4.R
PMC5873904	r	1129FileS1.r
PMC5875396	r	peerj-06-4524-s001.r
PMC5875396	r	peerj-06-4524-s002.r
PMC5875396	r	peerj-06-4524-s003.r
PMC5875396	r	peerj-06-4524-s004.r
PMC5875396	r	peerj-06-4524-s005.r
PMC5875396	r	peerj-06-4524-s006.r
PMC5875396	r	peerj-06-4524-s007.r
PMC5875396	r	peerj-06-4524-s008.r
PMC5875554	m	ACM2-17-112-s001.m
PMC5875554	m	ACM2-17-112-s002.m
PMC5875554	m	ACM2-17-112-s003.m
PMC5875752	r	pone.0194566.s001.R
PMC5875752	r	pone.0194566.s002.R
PMC5875752	r	pone.0194566.s003.R
PMC5876018	m	elife-26947-fig1-code1.m
PMC5876018	mat	elife-26947-fig1-data1.mat
PMC5876018	m	elife-26947-fig1-data2.m
PMC5877879	nb	pone.0195201.s004.nb
PMC5877882	do	pone.0195293.s001.do
PMC5880237	ps	supp_gr.229799.117_Supplemental_Fig_S1_.ps
PMC5880237	ps	supp_gr.229799.117_Supplemental_Fig_S2_.ps
PMC5880237	ps	supp_gr.229799.117_Supplemental_Fig_S3_.ps
PMC5880237	ps	supp_gr.229799.117_Supplemental_Fig_S4_.ps
PMC5880237	ps	supp_gr.229799.117_Supplemental_Fig_S5_.ps
PMC5880237	ps	supp_gr.229799.117_Supplemental_Fig_S6_.ps
PMC5880237	ps	supp_gr.229799.117_Supplemental_Fig_S7_.ps
PMC5880237	ps	supp_gr.229799.117_Supplemental_Fig_S8_.ps
PMC5880364	r	pone.0195184.s004.R
PMC5882735	r	rsos172177supp8.R
PMC5882999	r	rstb20170093supp1.R
PMC5882999	r	rstb20170093supp2.R
PMC5882999	r	rstb20170093supp4.R
PMC5882999	r	rstb20170093supp5.R
PMC5883342	r	12881_2018_563_MOESM1_ESM.r
PMC5884231	m	mmc1.m
PMC5884231	m	mmc2.m
PMC5884530	mat	pone.0195111.s001.mat
PMC5885365	nb	12936_2018_2259_MOESM1_ESM.nb
PMC5885365	nb	12936_2018_2259_MOESM2_ESM.nb
PMC5886392	mat	pbio.2002580.s001.mat
PMC5886392	mat	pbio.2002580.s002.mat
PMC5886392	mat	pbio.2002580.s003.mat
PMC5886392	mat	pbio.2002580.s004.mat
PMC5886392	mat	pbio.2002580.s005.mat
PMC5886392	mat	pbio.2002580.s006.mat
PMC5886392	mat	pbio.2002580.s007.mat
PMC5886392	mat	pbio.2002580.s008.mat
PMC5886392	mat	pbio.2002580.s009.mat
PMC5886392	mat	pbio.2002580.s010.mat
PMC5886392	mat	pbio.2002580.s011.mat
PMC5886392	mat	pbio.2002580.s012.mat
PMC5886392	mat	pbio.2002580.s013.mat
PMC5886392	mat	pbio.2002580.s014.mat
PMC5886392	mat	pbio.2002580.s015.mat
PMC5886392	mat	pbio.2002580.s016.mat
PMC5886392	mat	pbio.2002580.s017.mat
PMC5886392	mat	pbio.2002580.s018.mat
PMC5889215	py	elife-35190-code1.py
PMC5889701	r	peerj-06-4574-s003.r
PMC5889704	r	peerj-06-4562-s002.r
PMC5889704	r	peerj-06-4562-s003.r
PMC5890990	r	pone.0194148.s001.R
PMC5890996	r	pone.0195475.s007.R
PMC5890996	r	pone.0195475.s008.R
PMC5892930	r	pone.0195766.s004.R
PMC5894984	do	pone.0194037.s002.do
PMC5895185	r	APS3-6-e1033-s001.R
PMC5895185	r	APS3-6-e1033-s002.R
PMC5895440	m	aaq1438_DatafileS1.m
PMC5895845	r	41598_2018_24034_MOESM2_ESM.r
PMC5896883	m	elife-30134-code1.m
PMC5896883	m	elife-30134-code2.m
PMC5896883	m	elife-30134-code3.m
PMC5896883	m	elife-30134-code4.m
PMC5896883	m	elife-30134-code5.m
PMC5896883	m	elife-30134-code6.m
PMC5896883	m	elife-30134-code7.m
PMC5896883	m	elife-30134-code8.m
PMC5896920	r	pone.0195149.s001.R
PMC5896920	r	pone.0195149.s002.R
PMC5896939	mat	pone.0195274.s001.mat
PMC5896939	m	pone.0195274.s002.m
PMC5896939	mat	pone.0195274.s003.mat
PMC5897001	m	pone.0195727.s001.m
PMC5897949	yaml	12859_2018_2139_MOESM1_ESM.yaml
PMC5898753	nb	pone.0195763.s003.nb
PMC5898753	py	pone.0195763.s004.py
PMC5898910	r	elife-34042-code1.r
PMC5899322	r	13073_2018_534_MOESM2_ESM.r
PMC5900869	nb	MEC-27-1214-s002.nb
PMC5901926	r	pone.0195311.s001.R
PMC5902161	r	elife-34282-code1.r
PMC5902163	py	elife-33417-code1.py
PMC5902163	py	elife-33417-code2.py
PMC5902981	r	12711_2018_389_MOESM1_ESM.r
PMC5905134	rdf	13326_2018_182_MOESM2_ESM.rdf
PMC5905134	rdf	13326_2018_182_MOESM3_ESM.rdf
PMC5905134	rdf	13326_2018_182_MOESM4_ESM.rdf
PMC5905134	rdf	13326_2018_182_MOESM5_ESM.rdf
PMC5905974	mat	pone.0195936.s002.mat
PMC5905974	mat	pone.0195936.s003.mat
PMC5906018	mat	pone.0195125.s001.mat
PMC5907781	r	peerj-06-4662-s001.r
PMC5908206	m	pcbi.1006084.s003.m
PMC5908206	m	pcbi.1006084.s004.m
PMC5908206	m	pcbi.1006084.s005.m
PMC5908206	m	pcbi.1006084.s006.m
PMC5909911	do	pone.0195663.s004.do
PMC5910021	m	elife-35264-code1.m
PMC5910021	m	elife-35264-code2.m
PMC5911387	py	peerj-06-4681-s001.py
PMC5911387	ipynb	peerj-06-4681-s002.ipynb
PMC5912744	pub	pone.0194358.s001.pub
PMC5916276	m	ECE3-8-4019-s010.m
PMC5916276	m	ECE3-8-4019-s011.m
PMC5916276	m	ECE3-8-4019-s012.m
PMC5917032	rmd	41467_2018_3833_MOESM5_ESM.rmd
PMC5918994	r	pone.0196058.s003.R
PMC5919631	tex	pcbi.1006073.s001.tex
PMC5919631	tex	pcbi.1006073.s002.tex
PMC5919631	tex	pcbi.1006073.s006.tex
PMC5919657	r	pone.0196653.s004.R
PMC5919687	json	pcbi.1006101.s014.json
PMC5919759	m	elife-33670-code2.m
PMC5921268	kml	12862_2018_1175_MOESM2_ESM.kml
PMC5922231	r	peerj-06-4664-s001.r
PMC5922231	r	peerj-06-4664-s002.r
PMC5927430	py	pone.0196013.s003.py
PMC5929909	m	elife-35657-code1.m
PMC5932090	kml	bdj-06-e23555-s001.kml
PMC5932090	kml	bdj-06-e23555-s002.kml
PMC5932090	kml	bdj-06-e23555-s003.kml
PMC5932090	kml	bdj-06-e23555-s004.kml
PMC5932090	kml	bdj-06-e23555-s005.kml
PMC5932090	kml	bdj-06-e23555-s006.kml
PMC5932090	kml	bdj-06-e23555-s007.kml
PMC5932090	kml	bdj-06-e23555-s008.kml
PMC5932090	kml	bdj-06-e23555-s009.kml
PMC5932090	kml	bdj-06-e23555-s010.kml
PMC5932090	kml	bdj-06-e23555-s011.kml
PMC5932090	kml	bdj-06-e23555-s012.kml
PMC5932090	kml	bdj-06-e23555-s013.kml
PMC5932090	kml	bdj-06-e23555-s014.kml
PMC5932090	kml	bdj-06-e23555-s015.kml
PMC5932090	kml	bdj-06-e23555-s016.kml
PMC5932090	kml	bdj-06-e23555-s017.kml
PMC5932090	kml	bdj-06-e23555-s018.kml
PMC5932090	kml	bdj-06-e23555-s019.kml
PMC5932090	kml	bdj-06-e23555-s020.kml
PMC5932090	kml	bdj-06-e23555-s021.kml
PMC5932090	kml	bdj-06-e23555-s022.kml
PMC5932090	kml	bdj-06-e23555-s023.kml
PMC5932090	kml	bdj-06-e23555-s024.kml
PMC5932090	kml	bdj-06-e23555-s025.kml
PMC5932090	kml	bdj-06-e23555-s026.kml
PMC5932090	kml	bdj-06-e23555-s027.kml
PMC5932090	kml	bdj-06-e23555-s028.kml
PMC5932090	kml	bdj-06-e23555-s029.kml
PMC5932090	kml	bdj-06-e23555-s030.kml
PMC5932090	kml	bdj-06-e23555-s031.kml
PMC5932090	kml	bdj-06-e23555-s032.kml
PMC5932090	kml	bdj-06-e23555-s033.kml
PMC5932090	kml	bdj-06-e23555-s034.kml
PMC5932090	kml	bdj-06-e23555-s035.kml
PMC5932090	kml	bdj-06-e23555-s036.kml
PMC5932090	kml	bdj-06-e23555-s037.kml
PMC5932090	kml	bdj-06-e23555-s038.kml
PMC5932090	kml	bdj-06-e23555-s039.kml
PMC5932090	kml	bdj-06-e23555-s040.kml
PMC5932090	kml	bdj-06-e23555-s041.kml
PMC5932090	kml	bdj-06-e23555-s042.kml
PMC5932090	kml	bdj-06-e23555-s043.kml
PMC5932090	kml	bdj-06-e23555-s044.kml
PMC5932090	kml	bdj-06-e23555-s045.kml
PMC5932090	kml	bdj-06-e23555-s046.kml
PMC5932612	ps	supp_gr.227975.117_Supplemental_Fig_S2.ps
PMC5932612	ps	supp_gr.227975.117_Supplemental_Fig_S6.ps
PMC5932612	ps	supp_gr.227975.117_Supplemental_Fig_S7.ps
PMC5933374	tex	HTL.2017.0039.R1.SUP1.tex
PMC5933745	r	pone.0196889.s001.R
PMC5935481	m	elife-35796-code1.m
PMC5935925	py	40168_2018_463_MOESM3_ESM.py
PMC5936935	r	rsos172159supp3.r
PMC5936935	r	rsos172159supp4.r
PMC5937479	m	peerj-06-4732-s063.m
PMC5937479	m	peerj-06-4732-s064.m
PMC5937479	m	peerj-06-4732-s065.m
PMC5937479	m	peerj-06-4732-s066.m
PMC5937479	m	peerj-06-4732-s067.m
PMC5938459	r	ECE3-8-4484-s001.R
PMC5938459	r	ECE3-8-4484-s003.r
PMC5938459	r	ECE3-8-4484-s004.R
PMC5938459	r	ECE3-8-4484-s005.r
PMC5938459	r	ECE3-8-4484-s006.R
PMC5938459	r	ECE3-8-4484-s007.R
PMC5938459	r	ECE3-8-4484-s008.R
PMC5942836	r	pone.0196834.s001.R
PMC5945036	cpp	pone.0196978.s002.cpp
PMC5947912	mat	pone.0197134.s005.mat
PMC5947989	m	elife-34238-code1.m
PMC5947989	m	elife-34238-code2.m
PMC5947989	m	elife-34238-code3.m
PMC5947989	m	elife-34238-code4.m
PMC5947989	m	elife-34238-code5.m
PMC5947989	m	elife-34238-fig1-code1.m
PMC5947989	m	elife-34238-fig2-code1.m
PMC5947989	m	elife-34238-fig2-code2.m
PMC5947989	m	elife-34238-fig2-code3.m
PMC5947989	m	elife-34238-fig3-code1.m
PMC5947989	m	elife-34238-fig3-code2.m
PMC5947989	m	elife-34238-fig4-code1.m
PMC5947989	m	elife-34238-fig5-code1.m
PMC5947989	m	elife-34238-fig5-code2.m
PMC5947989	m	elife-34238-fig6-code1.m
PMC5947989	m	elife-34238-fig6-code2.m
PMC5947989	m	elife-34238-fig7-code1.m
PMC5947991	m	elife-33456-code1.m
PMC5947991	m	elife-33456-code2.m
PMC5947991	m	elife-33456-code3.m
PMC5952299	r	EpskampSupplementary1_Rcodes.R
PMC5952862	r	example_oneway_between_1.R
PMC5952862	r	example_oneway_between_2.R
PMC5952862	r	example_oneway_within.R
PMC5952862	r	example_twoway_between_1_see_Table1.R
PMC5952862	r	example_twoway_between_2.R
PMC5952862	r	example_twoway_within.R
PMC5952862	r	functions_contrasts.R
PMC5954450	java	40851_2018_93_MOESM2_ESM.java
PMC5955501	r	pone.0196708.s006.R
PMC5955532	r	pone.0196777.s005.R
PMC5957357	r	pone.0197170.s002.R
PMC5957375	m	pone.0197420.s003.m
PMC5958880	r	peerj-06-4767-s003.r
PMC5959834	py	10278_2018_81_MOESM1_ESM.py
PMC5959834	py	10278_2018_81_MOESM2_ESM.py
PMC5959834	py	10278_2018_81_MOESM3_ESM.py
PMC5959834	py	10278_2018_81_MOESM4_ESM.py
PMC5959834	py	10278_2018_81_MOESM5_ESM.py
PMC5959834	py	10278_2018_81_MOESM6_ESM.py
PMC5959834	py	10278_2018_81_MOESM7_ESM.py
PMC5959834	py	10278_2018_81_MOESM8_ESM.py
PMC5962341	py	elife-33843-code1.py
PMC5963920	nb	elife-32451-code1.nb
PMC5969046	sps	peerj-06-4614-s002.sps
PMC5970561	py	peerj-06-4806-s004.py
PMC5970561	py	peerj-06-4806-s005.py
PMC5973831	m	elife-32740-code2.m
PMC5975458	r	12874_2018_500_MOESM2_ESM.r
PMC5976170	r	pone.0197222.s001.R
PMC5976198	r	pone.0197386.s001.R
PMC5978888	m	pone.0198245.s002.m
PMC5979754	r	EVA-11-739-s004.R
PMC5980329	r	ECE3-8-4949-s001.r
PMC5980338	c	ECE3-8-5101-s001.c
PMC5983518	mat	pone.0198048.s001.mat
PMC5985148	r	peerj-06-4899-s001.r
PMC5985715	r	mmc2.r
PMC5989430	r	12942_2018_140_MOESM2_ESM.r
PMC5989479	kml	mmc1.kml
PMC5990785	r	rsos172066supp2.r
PMC5990785	r	rsos172066supp3.r
PMC5991300	r	peerj-06-4883-s006.r
PMC5991380	svg	pbio.2005747.s008.svg
PMC5991388	m	pone.0197678.s001.m
PMC5991388	m	pone.0197678.s002.m
PMC5991388	m	pone.0197678.s003.m
PMC5991388	m	pone.0197678.s004.m
PMC5991388	m	pone.0197678.s005.m
PMC5991388	m	pone.0197678.s006.m
PMC5991388	m	pone.0197678.s007.m
PMC5991388	m	pone.0197678.s008.m
PMC5991388	m	pone.0197678.s009.m
PMC5991388	m	pone.0197678.s010.m
PMC5991388	m	pone.0197678.s011.m
PMC5991388	m	pone.0197678.s012.m
PMC5991388	mat	pone.0197678.s013.mat
PMC5991388	mat	pone.0197678.s014.mat
PMC5991388	mat	pone.0197678.s015.mat
PMC5991388	mat	pone.0197678.s016.mat
PMC5991388	mat	pone.0197678.s017.mat
PMC5991388	mat	pone.0197678.s018.mat
PMC5991388	mat	pone.0197678.s019.mat
PMC5991418	py	pone.0197462.s005.py
PMC5994020	r	13071_2018_2922_MOESM2_ESM.r
PMC5994057	r	13059_2018_1455_MOESM2_ESM.r
PMC5998913	mat	12859_2018_2131_MOESM2_ESM.mat
PMC5999118	r	pone.0198620.s008.R
PMC5999118	stan	pone.0198620.s009.stan
PMC5999118	r	pone.0198620.s010.R
PMC5999118	stan	pone.0198620.s011.stan
PMC5999118	stan	pone.0198620.s012.stan
PMC5999118	r	pone.0198620.s013.R
PMC5999118	stan	pone.0198620.s014.stan
PMC5999118	r	pone.0198620.s015.R
PMC5999118	r	pone.0198620.s020.R
PMC5999118	r	pone.0198620.s021.R
PMC5999118	stan	pone.0198620.s022.stan
PMC5999118	r	pone.0198620.s023.R
PMC5999118	r	pone.0198620.s024.R
PMC5999118	r	pone.0198620.s025.R
PMC6000169	py	rsif20180157supp2.py
PMC6002104	m	pone.0198550.s001.m
PMC6002126	mat	pcbi.1006205.s001.mat
PMC6003394	r	peerj-06-4951-s004.r
PMC6003394	r	peerj-06-4951-s013.r
PMC6004069	ps	supp_gad.311514.118_Supplemental_Figure_S1.ps
PMC6004069	ps	supp_gad.311514.118_Supplemental_Figure_S2.ps
PMC6004069	ps	supp_gad.311514.118_Supplemental_Figure_S3.ps
PMC6004069	ps	supp_gad.311514.118_Supplemental_Figure_S4.ps
PMC6004069	ps	supp_gad.311514.118_Supplemental_Figure_S5.ps
PMC6004069	ps	supp_gad.311514.118_Supplemental_Figure_S6.ps
PMC6004069	ps	supp_gad.311514.118_Supplemental_Figure_S7.ps
PMC6004069	ps	supp_gad.311514.118_Supplemental_Figure_S8.ps
PMC6005560	for	pone.0199099.s002.for
PMC6005560	for	pone.0199099.s003.for
PMC6005642	tex	pcbi.1006195.s001.tex
PMC6010226	pl	pone.0198356.s035.pl
PMC6010489	for	265_2018_2527_MOESM5_ESM.for
PMC6013104	r	pone.0199428.s005.R
PMC6013104	r	pone.0199428.s006.R
PMC6013148	p	pone.0197503.s003.p
PMC6013148	m	pone.0197503.s004.m
PMC6013185	r	pone.0197910.s002.R
PMC6015859	r	rspb20180882supp3.r
PMC6015859	r	rspb20180882supp4.r
PMC6016897	m	pone.0199390.s001.m
PMC6016951	py	pcbi.1006240.s001.py
PMC6016951	py	pcbi.1006240.s002.py
PMC6016951	py	pcbi.1006240.s003.py
PMC6016951	py	pcbi.1006240.s004.py
PMC6016951	py	pcbi.1006240.s005.py
PMC6020085	kml	mmc1.kml
PMC6020319	r	12874_2018_522_MOESM2_ESM.r
PMC6020319	stan	12874_2018_522_MOESM5_ESM.stan
PMC6022723	r	peerj-06-5104-s001.r
PMC6022723	r	peerj-06-5104-s003.r
PMC6022723	r	peerj-06-5104-s005.r
PMC6023208	m	pone.0199585.s006.m
PMC6023610	py	elife-36144-code1.py
PMC6023610	py	elife-36144-code2.py
PMC6024131	nb	ECE3-8-6317-s002.nb
PMC6024133	r	ECE3-8-6280-s006.R
PMC6025839	pl	13104_2018_3507_MOESM1_ESM.pl
PMC6026459	r	peerj-06-5071-s002.r
PMC6029032	c	12871_2018_542_MOESM2_ESM.c
PMC6030285	r	rsos172483supp2.r
PMC6030642	nb	rsif20180040supp3.nb
PMC6033379	tex	pone.0198854.s001.tex
PMC6033396	svg	pone.0199148.s005.svg
PMC6037135	r	peerj-06-5141-s008.r
PMC6037135	rmd	peerj-06-5141-s016.rmd
PMC6037135	rmd	peerj-06-5141-s018.rmd
PMC6039011	m	pone.0199744.s001.m
PMC6039054	json	pcbi.1006232.s001.json
PMC6039054	json	pcbi.1006232.s002.json
PMC6039054	json	pcbi.1006232.s003.json
PMC6039054	json	pcbi.1006232.s004.json
PMC6039054	json	pcbi.1006232.s005.json
PMC6040708	r	pone.0199980.s009.R
PMC6042211	r	40462_2018_128_MOESM1_ESM.r
PMC6042694	r	pone.0197985.s002.R
PMC6042799	nb	pbio.2005609.s001.nb
PMC6042799	cdf	pbio.2005609.s002.cdf
PMC6046200	rmd	peerj-06-5166-s004.rmd
PMC6046200	r	peerj-06-5166-s005.r
PMC6046200	r	peerj-06-5166-s006.r
PMC6046200	r	peerj-06-5166-s007.r
PMC6046200	r	peerj-06-5166-s008.r
PMC6047505	do	peerj-06-5251-s002.do
PMC6047831	tab	pgen.1007473.s006.tab
PMC6049943	rmd	pbio.2005710.s020.Rmd
PMC6050672	tex	12876_2018_832_MOESM1_ESM.tex
PMC6051309	r	mmc3.r
PMC6051602	m	pone.0200561.s001.m
PMC6052674	r	40462_2018_130_MOESM1_ESM.r
PMC6053221	m	pone.0200937.s001.m
PMC6054083	do	peerj-06-5185-s004.do
PMC6054633	r	41467_2018_5314_MOESM5_ESM.r
PMC6054788	r	peerj-06-5235-s002.r
PMC6055590	r	peerj-06-5059-s001.r
PMC6055672	tab	EJP-22-1268-s006.tab
PMC6055693	r	peerj-06-5276-s001.r
PMC6056041	r	pone.0200963.s003.R
PMC6056046	cpp	pone.0200611.s001.cpp
PMC6056046	cpp	pone.0200611.s002.cpp
PMC6056046	cpp	pone.0200611.s003.cpp
PMC6056046	cpp	pone.0200611.s004.cpp
PMC6056046	cpp	pone.0200611.s005.cpp
PMC6056236	r	elife-36123-code1.r
PMC6056236	m	elife-36123-code2.m
PMC6056236	m	elife-36123-code3.m
PMC6056236	m	elife-36123-code4.m
PMC6056266	r	peerj-06-5147-s007.r
PMC6056266	r	peerj-06-5147-s009.r
PMC6056266	r	peerj-06-5147-s011.r
PMC6056266	r	peerj-06-5147-s012.r
PMC6056266	r	peerj-06-5147-s013.r
PMC6057634	do	pmed.1002615.s015.do
PMC6059400	sh	pone.0197333.s022.sh
PMC6059410	m	pone.0200126.s003.m
PMC6059410	r	pone.0200126.s004.R
PMC6059410	r	pone.0200126.s005.R
PMC6059487	svg	pone.0201268.s001.svg
PMC6059494	rmd	ppat.1007187.s009.Rmd
PMC6060829	r	265_2018_2538_MOESM4_ESM.r
PMC6060829	r	265_2018_2538_MOESM5_ESM.r
PMC6060829	r	265_2018_2538_MOESM6_ESM.r
PMC6060829	r	265_2018_2538_MOESM7_ESM.r
PMC6061032	cls	13361_2018_1986_MOESM4_ESM.cls
PMC6061068	nb	285_2018_1205_MOESM1_ESM.nb
PMC6061068	nb	285_2018_1205_MOESM2_ESM.nb
PMC6061068	nb	285_2018_1205_MOESM3_ESM.nb
PMC6061068	psc	285_2018_1205_MOESM4_ESM.psc
PMC6061068	nb	285_2018_1205_MOESM5_ESM.nb
PMC6061068	nb	285_2018_1205_MOESM6_ESM.nb
PMC6061068	nb	285_2018_1205_MOESM7_ESM.nb
PMC6062106	r	pone.0201410.s012.R
PMC6062776	bib	NPh_005_035003_SD001.bib
PMC6063725	m	pbio.2005536.s010.m
PMC6063729	m	elife-33854-code1.m
PMC6064207	m	peerj-06-5247-s001.m
PMC6064207	m	peerj-06-5247-s002.m
PMC6064207	m	peerj-06-5247-s003.m
PMC6064207	m	peerj-06-5247-s004.m
PMC6064207	m	peerj-06-5247-s005.m
PMC6064207	m	peerj-06-5247-s006.m
PMC6064207	m	peerj-06-5247-s007.m
PMC6064640	r	peerj-06-5269-s015.r
PMC6065607	kml	bdj-06-e26203-s001.kml
PMC6065607	kml	bdj-06-e26203-s002.kml
PMC6065607	kml	bdj-06-e26203-s003.kml
PMC6065607	kml	bdj-06-e26203-s004.kml
PMC6065607	kml	bdj-06-e26203-s005.kml
PMC6065607	kml	bdj-06-e26203-s006.kml
PMC6065607	kml	bdj-06-e26203-s007.kml
PMC6065607	kml	bdj-06-e26203-s008.kml
PMC6065607	kml	bdj-06-e26203-s009.kml
PMC6065607	kml	bdj-06-e26203-s010.kml
PMC6065607	kml	bdj-06-e26203-s011.kml
PMC6065607	kml	bdj-06-e26203-s012.kml
PMC6065607	kml	bdj-06-e26203-s013.kml
PMC6065607	kml	bdj-06-e26203-s014.kml
PMC6065607	kml	bdj-06-e26203-s015.kml
PMC6065607	kml	bdj-06-e26203-s016.kml
PMC6065607	kml	bdj-06-e26203-s017.kml
PMC6065607	kml	bdj-06-e26203-s018.kml
PMC6065607	kml	bdj-06-e26203-s019.kml
PMC6065607	kml	bdj-06-e26203-s020.kml
PMC6065607	kml	bdj-06-e26203-s021.kml
PMC6065607	kml	bdj-06-e26203-s022.kml
PMC6065607	kml	bdj-06-e26203-s023.kml
PMC6065607	kml	bdj-06-e26203-s024.kml
PMC6065607	kml	bdj-06-e26203-s025.kml
PMC6065607	kml	bdj-06-e26203-s026.kml
PMC6065607	kml	bdj-06-e26203-s027.kml
PMC6065607	kml	bdj-06-e26203-s028.kml
PMC6065607	kml	bdj-06-e26203-s029.kml
PMC6065607	kml	bdj-06-e26203-s030.kml
PMC6065607	kml	bdj-06-e26203-s031.kml
PMC6065607	kml	bdj-06-e26203-s032.kml
PMC6065607	kml	bdj-06-e26203-s033.kml
PMC6065607	kml	bdj-06-e26203-s034.kml
PMC6065607	kml	bdj-06-e26203-s035.kml
PMC6065607	kml	bdj-06-e26203-s036.kml
PMC6065607	kml	bdj-06-e26203-s037.kml
PMC6065607	kml	bdj-06-e26203-s038.kml
PMC6065607	kml	bdj-06-e26203-s039.kml
PMC6065607	kml	bdj-06-e26203-s040.kml
PMC6065607	kml	bdj-06-e26203-s041.kml
PMC6065607	kml	bdj-06-e26203-s042.kml
PMC6065607	kml	bdj-06-e26203-s043.kml
PMC6065607	kml	bdj-06-e26203-s044.kml
PMC6065607	kml	bdj-06-e26203-s045.kml
PMC6070185	tex	pone.0199661.s001.tex
PMC6070251	sas	pone.0201590.s003.sas
PMC6070255	cpp	pone.0201129.s001.cpp
PMC6073642	r	rsif20180174supp5.r
PMC6074753	sh	peerj-06-5299-s001.sh
PMC6075033	ps	supp_gad.313932.118_Supplemental_Fig_S1.ps
PMC6075033	ps	supp_gad.313932.118_Supplemental_Fig_S2.ps
PMC6075033	ps	supp_gad.313932.118_Supplemental_Fig_S4.ps
PMC6075033	ps	supp_gad.313932.118_Supplemental_Fig_S5.ps
PMC6075033	ps	supp_gad.313932.118_Supplemental_Fig_S6.ps
PMC6075149	ps	supp_gad.315192.118_Supplemental_Fig_S1.ps
PMC6075149	ps	supp_gad.315192.118_Supplemental_Fig_S2.ps
PMC6075149	ps	supp_gad.315192.118_Supplemental_Fig_S3.ps
PMC6075149	ps	supp_gad.315192.118_Supplemental_Fig_S4.ps
PMC6075149	ps	supp_gad.315192.118_Supplemental_Fig_S5.ps
PMC6078903	r	mmc1.r
PMC6078903	r	mmc2.r
PMC6078903	r	mmc3.r
PMC6078903	r	mmc4.r
PMC6082547	do	pone.0201795.s001.do
PMC6083670	m	rsos180319supp3.m
PMC6086925	kml	bdj-06-e27004-s001.kml
PMC6086925	kml	bdj-06-e27004-s002.kml
PMC6086925	kml	bdj-06-e27004-s003.kml
PMC6086925	kml	bdj-06-e27004-s004.kml
PMC6086925	kml	bdj-06-e27004-s005.kml
PMC6086925	kml	bdj-06-e27004-s006.kml
PMC6086925	kml	bdj-06-e27004-s007.kml
PMC6086925	kml	bdj-06-e27004-s008.kml
PMC6086925	kml	bdj-06-e27004-s009.kml
PMC6086925	kml	bdj-06-e27004-s010.kml
PMC6086925	kml	bdj-06-e27004-s011.kml
PMC6086925	kml	bdj-06-e27004-s012.kml
PMC6086925	kml	bdj-06-e27004-s013.kml
PMC6086925	kml	bdj-06-e27004-s014.kml
PMC6086925	kml	bdj-06-e27004-s015.kml
PMC6086925	kml	bdj-06-e27004-s016.kml
PMC6086925	kml	bdj-06-e27004-s017.kml
PMC6086925	kml	bdj-06-e27004-s018.kml
PMC6086925	kml	bdj-06-e27004-s019.kml
PMC6086925	kml	bdj-06-e27004-s020.kml
PMC6086925	kml	bdj-06-e27004-s021.kml
PMC6086925	kml	bdj-06-e27004-s022.kml
PMC6086925	kml	bdj-06-e27004-s023.kml
PMC6086925	kml	bdj-06-e27004-s024.kml
PMC6086925	kml	bdj-06-e27004-s025.kml
PMC6086925	kml	bdj-06-e27004-s026.kml
PMC6086925	kml	bdj-06-e27004-s027.kml
PMC6086925	kml	bdj-06-e27004-s028.kml
PMC6086925	kml	bdj-06-e27004-s029.kml
PMC6086925	kml	bdj-06-e27004-s030.kml
PMC6086925	kml	bdj-06-e27004-s031.kml
PMC6086925	kml	bdj-06-e27004-s032.kml
PMC6086925	kml	bdj-06-e27004-s033.kml
PMC6086925	kml	bdj-06-e27004-s034.kml
PMC6086925	kml	bdj-06-e27004-s035.kml
PMC6086925	kml	bdj-06-e27004-s036.kml
PMC6086925	kml	bdj-06-e27004-s037.kml
PMC6086925	kml	bdj-06-e27004-s038.kml
PMC6086925	kml	bdj-06-e27004-s039.kml
PMC6086925	kml	bdj-06-e27004-s040.kml
PMC6086925	kml	bdj-06-e27004-s041.kml
PMC6086925	kml	bdj-06-e27004-s042.kml
PMC6086925	kml	bdj-06-e27004-s043.kml
PMC6086925	kml	bdj-06-e27004-s044.kml
PMC6086925	kml	bdj-06-e27004-s045.kml
PMC6086925	kml	bdj-06-e27004-s046.kml
PMC6086925	kml	bdj-06-e27004-s047.kml
PMC6086925	kml	bdj-06-e27004-s048.kml
PMC6086925	kml	bdj-06-e27004-s049.kml
PMC6086925	kml	bdj-06-e27004-s050.kml
PMC6086925	kml	bdj-06-e27004-s051.kml
PMC6086925	kml	bdj-06-e27004-s052.kml
PMC6086925	kml	bdj-06-e27004-s053.kml
PMC6086925	kml	bdj-06-e27004-s054.kml
PMC6086925	kml	bdj-06-e27004-s055.kml
PMC6086925	kml	bdj-06-e27004-s056.kml
PMC6086925	kml	bdj-06-e27004-s057.kml
PMC6086925	kml	bdj-06-e27004-s058.kml
PMC6087417	rmd	peerj-06-5306-s003.rmd
PMC6087420	rmd	peerj-06-5332-s002.rmd
PMC6087422	nlogo	peerj-06-5342-s003.nlogo
PMC6087422	r	peerj-06-5342-s004.r
PMC6089449	kml	pone.0202174.s004.kml
PMC6092125	r	elife-36482-code.r
PMC6097688	do	pone.0201663.s004.do
PMC6097723	r	10519_2018_9912_MOESM2_ESM.r
PMC6097787	r	41118_2018_35_MOESM1_ESM.r
PMC6098832	r	40168_2018_534_MOESM3_ESM.r
PMC6101392	py	pone.0202167.s001.py
PMC6101392	py	pone.0202167.s002.py
PMC6101392	py	pone.0202167.s003.py
PMC6101392	py	pone.0202167.s004.py
PMC6101392	py	pone.0202167.s005.py
PMC6101392	py	pone.0202167.s006.py
PMC6101392	py	pone.0202167.s007.py
PMC6101392	py	pone.0202167.s008.py
PMC6101392	py	pone.0202167.s009.py
PMC6101392	py	pone.0202167.s010.py
PMC6101392	mat	pone.0202167.s013.mat
PMC6102556	rmd	ECE3-5-5177-s004.Rmd
PMC6102556	r	ECE3-5-5177-s005.r
PMC6103384	svg	peerj-06-5174-s002.svg
PMC6103510	json	pone.0202139.s007.json
PMC6104998	kml	pone.0202573.s002.kml
PMC6106838	tex	12859_2018_2309_MOESM1_ESM.tex
PMC6107130	r	pone.0200241.s001.R
PMC6107146	r	pone.0201950.s003.R
PMC6107335	m	elife-37443-code1.m
PMC6108315	r	peerj-06-5438-s003.r
PMC6108315	r	peerj-06-5438-s004.r
PMC6108315	r	peerj-06-5438-s005.r
PMC6108315	r	peerj-06-5438-s006.r
PMC6108315	r	peerj-06-5438-s007.r
PMC6108385	m	JGRB-123-4942-s002.m
PMC6108385	m	JGRB-123-4942-s003.m
PMC6108385	m	JGRB-123-4942-s004.m
PMC6108385	m	JGRB-123-4942-s005.m
PMC6108534	do	AGEC-49-409-s003.do
PMC6110486	ipynb	pone.0202077.s002.ipynb
PMC6114522	tex	pone.0201732.s001.tex
PMC6114828	r	13071_2018_3058_MOESM3_ESM.r
PMC6114834	r	40462_2018_135_MOESM2_ESM.r
PMC6114916	svg	pone.0203090.s001.svg
PMC6114916	svg	pone.0203090.s002.svg
PMC6114916	svg	pone.0203090.s003.svg
PMC6116942	do	pone.0202442.s011.do
PMC6116942	do	pone.0202442.s012.do
PMC6117156	mat	elife-34300-supp1.mat
PMC6118207	py	peerj-06-5498-s001.py
PMC6119269	r	12874_2018_547_MOESM4_ESM.r
PMC6119269	r	12874_2018_547_MOESM5_ESM.r
PMC6121809	mat	pone.0202184.s001.mat
PMC6121809	mat	pone.0202184.s002.mat
PMC6121809	mat	pone.0202184.s003.mat
PMC6121844	r	EVL3-2-417-s006.R
PMC6122811	py	pcbi.1006380.s007.py
PMC6122811	py	pcbi.1006380.s008.py
PMC6122811	py	pcbi.1006380.s009.py
PMC6122811	nb	pcbi.1006380.s010.nb
PMC6123973	m	13008_2018_39_MOESM2_ESM.m
PMC6124038	r	rsos180993supp2.r
PMC6124038	r	rsos180993supp3.r
PMC6124038	r	rsos180993supp4.r
PMC6124038	r	rsos180993supp5.r
PMC6124089	r	rsos180241supp4.R
PMC6124115	r	rsos172208supp3.R
PMC6124600	svg	EVL3-1-184-s006.svg
PMC6124918	r	aat5528_R_code_S1.R
PMC6124918	r	aat5528_R_code_S2.R
PMC6124918	r	aat5528_R_code_S3.R
PMC6126471	ipynb	peerj-06-5578-s001.ipynb
PMC6126471	ipynb	peerj-06-5578-s003.ipynb
PMC6126867	r	pone.0203164.s003.R
PMC6126909	m	NIHMS953590-supplement-Code_1.m
PMC6126909	ipynb	NIHMS953590-supplement-Code_2.ipynb
PMC6126909	m	NIHMS953590-supplement-Code_3.m
PMC6128693	r	elife-37892-fig2-code1.r
PMC6128693	r	elife-37892-fig2-code2.r
PMC6130235	sas	peerj-06-5526-s001.sas
PMC6131356	r	MILQ-96-530-s002.r
PMC6131725	r	ECE3-8-7103-s003.R
PMC6132544	r	227_2018_3408_MOESM3_ESM.r
PMC6132544	r	227_2018_3408_MOESM4_ESM.r
PMC6132544	r	227_2018_3408_MOESM5_ESM.r
PMC6133559	r	elife-37272-supp3.r
PMC6133559	m	elife-37272-supp5.m
PMC6135363	r	pone.0202762.s004.R
PMC6135363	r	pone.0202762.s005.R
PMC6135363	r	pone.0202762.s006.R
PMC6135363	r	pone.0202762.s007.R
PMC6135363	m	pone.0202762.s009.m
PMC6135497	r	pone.0202976.s001.R
PMC6135609	nb	elife-37818-code3.nb
PMC6136395	r	peerj-06-5510-s003.r
PMC6136806	py	pcbi.1006437.s006.py
PMC6136806	py	pcbi.1006437.s007.py
PMC6138422	aux	pcbi.1006378.s001.aux
PMC6138714	r	41598_2018_30680_MOESM4_ESM.r
PMC6138714	r	41598_2018_30680_MOESM5_ESM.r
PMC6139390	m	mmc4.m
PMC6143491	m	41747_2018_55_MOESM1_ESM.m
PMC6144974	r	ECE3-8-7936-s001.r
PMC6144980	r	ECE3-8-8159-s003.R
PMC6144980	r	ECE3-8-8159-s004.R
PMC6144980	r	ECE3-8-8159-s005.R
PMC6144980	r	ECE3-8-8159-s006.R
PMC6145530	mat	pone.0198503.s001.mat
PMC6145530	mat	pone.0198503.s002.mat
PMC6145530	mat	pone.0198503.s003.mat
PMC6145530	mat	pone.0198503.s004.mat
PMC6145530	mat	pone.0198503.s005.mat
PMC6146321	do	Supplemental_Material_3.do
PMC6147118	r	peerj-06-5618-s002.r
PMC6148420	r	peerj-06-5582-s011.r
PMC6148420	r	peerj-06-5582-s012.r
PMC6148420	r	peerj-06-5582-s013.r
PMC6148420	m	peerj-06-5582-s015.m
PMC6148420	m	peerj-06-5582-s016.m
PMC6148420	m	peerj-06-5582-s017.m
PMC6149511	r	peerj-06-5596-s004.r
PMC6150489	m	pone.0204057.s017.m
PMC6150503	do	pone.0203942.s006.do
PMC6150514	dot	pone.0204488.s008.dot
PMC6155486	tex	pone.0202788.s001.tex
PMC6155486	tex	pone.0202788.s002.tex
PMC6155486	tex	pone.0202788.s003.tex
PMC6155486	tex	pone.0202788.s004.tex
PMC6155486	tex	pone.0202788.s005.tex
PMC6155511	r	pone.0204394.s007.R
PMC6155511	r	pone.0204394.s008.R
PMC6155511	r	pone.0204394.s009.R
PMC6156772	r	11095_2018_2487_MOESM3_ESM.r
PMC6156772	r	11095_2018_2487_MOESM4_ESM.r
PMC6158907	json	12918_2018_607_MOESM1_ESM.json
PMC6158907	json	12918_2018_607_MOESM2_ESM.json
PMC6158907	json	12918_2018_607_MOESM3_ESM.json
PMC6160448	nlogo	41598_2018_31568_MOESM2_ESM.nlogo
PMC6160448	nlogo	41598_2018_31568_MOESM3_ESM.nlogo
PMC6160819	r	peerj-06-5664-s001.r
PMC6160819	rmd	peerj-06-5664-s002.rmd
PMC6161700	r	peerj-06-5661-s003.r
PMC6161700	r	peerj-06-5661-s004.r
PMC6161914	py	pgen.1007641.s009.py
PMC6166618	r	peerj-06-5629-s002.r
PMC6166949	r	pone.0204897.s002.R
PMC6166949	r	pone.0204897.s003.R
PMC6167853	py	12859_2018_2367_MOESM2_ESM.py
PMC6167853	py	12859_2018_2367_MOESM4_ESM.py
PMC6167853	py	12859_2018_2367_MOESM5_ESM.py
PMC6170546	nb	rsos180476supp3.nb
PMC6170563	r	rsos180706supp3.r
PMC6171157	r	12918_2018_605_MOESM3_ESM.r
PMC6171157	m	12918_2018_605_MOESM4_ESM.m
PMC6171235	r	12874_2018_564_MOESM1_ESM.r
PMC6173388	r	pone.0203002.s004.R
PMC6173774	tex	41598_2018_33286_MOESM4_ESM.tex
PMC6173876	r	12936_2018_2500_MOESM1_ESM.r
PMC6173948	m	peerj-06-5416-s002.m
PMC6175326	tab	EJP-22-1577-s004.tab
PMC6175404	tex	BIMJ-60-1003-s002.tex
PMC6176344	r	AnalysisSimulation.r
PMC6176344	r	Cov_Adj_Model.r
PMC6176344	r	Cov_Adj_Model_simstudy.r
PMC6176344	r	Functions_freq.r
PMC6176344	r	Functions_MPP.r
PMC6176344	r	Function_Create_Our_Model.r
PMC6176344	r	Function_Create_Our_Model_no_covariates.r
PMC6176344	r	SimulationOneDataSet.r
PMC6177167	sas	pone.0205310.s002.sas
PMC6177205	m	pcbi.1006431.s001.m
PMC6177205	m	pcbi.1006431.s002.m
PMC6177205	m	pcbi.1006431.s003.m
PMC6177205	m	pcbi.1006431.s004.m
PMC6177205	m	pcbi.1006431.s005.m
PMC6177205	m	pcbi.1006431.s006.m
PMC6177205	m	pcbi.1006431.s007.m
PMC6177205	mat	pcbi.1006431.s011.mat
PMC6178424	r	rstb20170315supp2.r
PMC6178424	r	rstb20170315supp3.r
PMC6179217	r	pone.0204300.s009.R
PMC6179217	r	pone.0204300.s010.R
PMC6179278	nlogo	pone.0205418.s003.nlogo
PMC6180486	r	12859_2018_2401_MOESM4_ESM.r
PMC6182835	r	12859_2018_2371_MOESM2_ESM.r
PMC6185113	m	elife-38841-code1.m
PMC6185113	mat	elife-38841-fig2-data1.mat
PMC6185113	mat	elife-38841-fig3-data1.mat
PMC6185113	mat	elife-38841-fig3-data2.mat
PMC6185113	mat	elife-38841-fig3-data3.mat
PMC6185113	mat	elife-38841-fig4-data1.mat
PMC6185113	mat	elife-38841-fig7-data1.mat
PMC6187993	r	peerj-06-5699-s001.r
PMC6187994	r	peerj-06-5717-s008.r
PMC6187994	r	peerj-06-5717-s009.r
PMC6191074	nb	supp_arw018_Supplementary_Material_Stern_and_Dickinson.nb
PMC6191133	py	pone.0205816.s006.py
PMC6192646	ipynb	pone.0205844.s001.ipynb
PMC6193208	rmd	TechnicalAppendix.Rmd
PMC6193630	m	pone.0204741.s006.m
PMC6195298	mat	pone.0205911.s003.mat
PMC6195795	rmd	peerj-06-5746-s004.rmd
PMC6195795	rmd	peerj-06-5746-s005.rmd
PMC6195795	rmd	peerj-06-5746-s006.rmd
PMC6195795	rmd	peerj-06-5746-s007.rmd
PMC6196626	r	Supplement_material_-_R_Code.R
PMC6201913	las	pone.0206079.s013.LAS
PMC6201913	las	pone.0206079.s014.LAS
PMC6201913	las	pone.0206079.s015.LAS
PMC6202973	r	peerj-06-5753-s010.r
PMC6203433	mat	elife-36493-fig1-data1.mat
PMC6203433	mat	elife-36493-fig2-data1.mat
PMC6203433	mat	elife-36493-fig3-data1.mat
PMC6203433	mat	elife-36493-fig4-data1.mat
PMC6205644	r	pone.0206153.s005.R
PMC6206198	r	ECE3-8-10298-s002.R
PMC6206219	r	ECE3-8-10206-s002.R
PMC6207335	json	pone.0206369.s009.json
PMC6207430	m	elife-34878-code1.m
PMC6208118	m	12989_2018_278_MOESM1_ESM.m
PMC6208118	m	12989_2018_278_MOESM2_ESM.m
PMC6208118	m	12989_2018_278_MOESM3_ESM.m
PMC6208118	m	12989_2018_278_MOESM5_ESM.m
PMC6208118	m	12989_2018_278_MOESM6_ESM.m
PMC6211262	sas	peerj-06-5868-s002.sas
PMC6211691	m	pone.0206501.s003.m
PMC6214282	py	41109_2018_59_MOESM2_ESM.py
PMC6215441	r	peerj-06-5853-s010.r
PMC6215441	toml	peerj-06-5853-s013.toml
PMC6215441	toml	peerj-06-5853-s014.toml
PMC6218188	mat	elife-38281-fig2-data2.mat
PMC6218188	mat	elife-38281-fig2-data3.mat
PMC6220459	r	12911_2018_684_MOESM2_ESM.r
PMC6221040	nlogo	JPE-55-2790-s001.nlogo
PMC6221040	nlogo	JPE-55-2790-s007.nlogo
PMC6221103	r	SIM-37-3709-s002.R
PMC6221541	py	aau5484_Python_script_for_RD_simulations.py
PMC6225833	r	peerj-06-5898-s002.r
PMC6227974	r	rsos181070supp4.r
PMC6228546	r	peerj-06-5682-s006.r
PMC6231653	r	pone.0207187.s005.R
PMC6237287	r	pntd.0006865.s018.R
PMC6237439	py	elife-37090-code1.py
PMC6237505	mat	rspa20180451supp1.mat
PMC6237505	mat	rspa20180451supp2.mat
PMC6237505	mat	rspa20180451supp3.mat
PMC6237505	mat	rspa20180451supp4.mat
PMC6237507	nb	rspa20180323supp1.nb
PMC6237507	nb	rspa20180323supp10.nb
PMC6237507	m	rspa20180323supp15.m
PMC6237507	m	rspa20180323supp16.m
PMC6237507	m	rspa20180323supp17.m
PMC6237507	nb	rspa20180323supp2.nb
PMC6237507	m	rspa20180323supp6.m
PMC6237507	m	rspa20180323supp7.m
PMC6237507	m	rspa20180323supp8.m
PMC6237507	m	rspa20180323supp9.m
PMC6238135	r	ECE3-8-10409-s003.R
PMC6238767	r	peerj-06-5928-s009.r
PMC6238767	r	peerj-06-5928-s010.r
PMC6240436	r	peerj-06-5829-s003.r
PMC6241392	r	peerj-06-5794-s001.r
PMC6241394	r	peerj-06-5983-s002.r
PMC6241397	r	peerj-06-5883-s007.r
PMC6244970	py	10661_2018_7085_MOESM1_ESM.py
PMC6245238	tex	41109_2018_98_MOESM1_ESM.tex
PMC6245505	java	pbio.2006962.s002.java
PMC6248965	py	pone.0207029.s012.py
PMC6249004	mat	elife-38983-fig1-data1.mat
PMC6249004	mat	elife-38983-fig1-figsupp1-data1.mat
PMC6249004	mat	elife-38983-fig1-figsupp2-data1.mat
PMC6249004	mat	elife-38983-fig2-data1.mat
PMC6249004	mat	elife-38983-fig3-data1.mat
PMC6249004	mat	elife-38983-fig4-data1.mat
PMC6249004	mat	elife-38983-fig5-data1.mat
PMC6249004	mat	elife-38983-fig6-data1.mat
PMC6249004	mat	elife-38983-fig7-figsupp1-data1.mat
PMC6249004	mat	elife-38983-fig8-data1.mat
PMC6249333	r	bdj-06-e27722-s011.r
PMC6249877	do	12874_2018_589_MOESM3_ESM.do
PMC6249891	sql	12911_2018_665_MOESM1_ESM.sql
PMC6249891	sql	12911_2018_665_MOESM2_ESM.sql
PMC6251106	rmd	40168_2018_593_MOESM2_ESM.rmd
PMC6251106	rmd	40168_2018_593_MOESM3_ESM.rmd
PMC6257917	r	pone.0207790.s008.r
PMC6257917	r	pone.0207790.s009.r
PMC6258509	rmd	pmed.1002699.s002.Rmd
PMC6261026	py	pone.0207605.s042.py
PMC6261058	r	pone.0205076.s003.r
PMC6262907	r	ECE3-8-11169-s003.R
PMC6262907	r	ECE3-8-11169-s004.R
PMC6262911	r	ECE3-8-10794-s002.R
PMC6262911	r	ECE3-8-10794-s003.R
PMC6262911	r	ECE3-8-10794-s004.R
PMC6263047	r	13104_2018_3945_MOESM2_ESM.r
PMC6264158	mat	pone.0207482.s001.mat
PMC6264158	m	pone.0207482.s002.m
PMC6264481	m	pone.0207764.s007.m
PMC6264481	m	pone.0207764.s008.m
PMC6264481	m	pone.0207764.s009.m
PMC6264481	m	pone.0207764.s010.m
PMC6264481	m	pone.0207764.s011.m
PMC6264481	m	pone.0207764.s012.m
PMC6264481	m	pone.0207764.s013.m
PMC6264860	mat	pone.0207667.s004.mat
PMC6264876	mat	pone.0207665.s012.mat
PMC6266953	mat	12859_2018_2422_MOESM7_ESM.mat
PMC6267524	r	13428_2017_997_MOESM1_ESM.r
PMC6267524	c	13428_2017_997_MOESM2_ESM.c
PMC6267524	r	13428_2017_997_MOESM3_ESM.r
PMC6267524	r	13428_2017_997_MOESM4_ESM.r
PMC6267841	r	12874_2018_602_MOESM2_ESM.r
PMC6267841	r	12874_2018_602_MOESM3_ESM.r
PMC6267841	r	12874_2018_602_MOESM4_ESM.r
PMC6267841	r	12874_2018_602_MOESM5_ESM.r
PMC6267841	r	12874_2018_602_MOESM6_ESM.r
PMC6267841	r	12874_2018_602_MOESM7_ESM.r
PMC6267841	r	12874_2018_602_MOESM8_ESM.r
PMC6267992	do	pone.0208129.s003.do
PMC6277102	rmd	pone.0208241.s005.Rmd
PMC6277102	rmd	pone.0208241.s006.Rmd
PMC6277102	rmd	pone.0208241.s007.Rmd
PMC6277102	rmd	pone.0208241.s008.Rmd
PMC6278083	pub	12969_2018_293_MOESM2_ESM.pub
PMC6278138	r	12942_2018_162_MOESM4_ESM.r
PMC6280343	m	12859_2018_2472_MOESM2_ESM.m
PMC6280411	mat	12862_2018_1287_MOESM2_ESM.mat
PMC6281319	m	elife-40392-fig6-code1.m
PMC6281934	r	rsos180892supp2.r
PMC6281934	r	rsos180892supp3.r
PMC6282810	py	GRL-45-10619-s013.py
PMC6282810	py	GRL-45-10619-s014.py
PMC6282940	nb	peerj-06-6020-s004.nb
PMC6282940	nb	peerj-06-6020-s005.nb
PMC6282940	nb	peerj-06-6020-s006.nb
PMC6282945	r	peerj-06-6006-s004.r
PMC6282945	r	peerj-06-6006-s005.r
PMC6282945	r	peerj-06-6006-s006.r
PMC6282945	r	peerj-06-6006-s007.r
PMC6282945	r	peerj-06-6006-s008.r
PMC6282946	r	peerj-06-6026-s004.r
PMC6283037	rmd	peerj-06-6018-s004.rmd
PMC6283249	sas	PST-17-854-s001.sas
PMC6283249	sas	PST-17-854-s002.sas
PMC6283631	mat	pone.0208423.s001.mat
PMC6283631	mat	pone.0208423.s002.mat
PMC6283631	mat	pone.0208423.s003.mat
PMC6283631	mat	pone.0208423.s004.mat
PMC6283631	mat	pone.0208423.s005.mat
PMC6283631	mat	pone.0208423.s006.mat
PMC6283925	r	rsbl20180480supp5.r
PMC6284519	r	peerj-06-6062-s003.r
PMC6287946	rmd	elife-40854-code1.rmd
PMC6289424	do	pone.0208795.s007.do
PMC6289569	sh	elife-43022-code1.sh
PMC6289569	py	elife-43022-code2.py
PMC6289569	sh	elife-43022-code3.sh
PMC6289569	sh	elife-43022-code4.sh
PMC6289569	py	elife-43022-code5.py
PMC6290506	rmd	13059_2018_1589_MOESM4_ESM.rmd
PMC6290506	rmd	13059_2018_1589_MOESM6_ESM.rmd
PMC6291094	r	pone.0207783.s002.R
PMC6292611	r	pone.0209000.s002.R
PMC6292630	r	pone.0209192.s001.R
PMC6293664	py	12915_2018_612_MOESM2_ESM.py
PMC6293664	py	12915_2018_612_MOESM3_ESM.py
PMC6293664	py	12915_2018_612_MOESM4_ESM.py
PMC6293664	py	12915_2018_612_MOESM5_ESM.py
PMC6293664	py	12915_2018_612_MOESM7_ESM.py
PMC6293664	py	12915_2018_612_MOESM8_ESM.py
PMC6293664	py	12915_2018_612_MOESM9_ESM.py
PMC6294148	py	41467_2018_7520_MOESM3_ESM.py
PMC6294148	py	41467_2018_7520_MOESM4_ESM.py
PMC6294148	py	41467_2018_7520_MOESM5_ESM.py
PMC6294148	py	41467_2018_7520_MOESM6_ESM.py
PMC6294397	mat	pcbi.1006585.s007.mat
PMC6296097	sh	12864_2018_5228_MOESM1_ESM.sh
PMC6296097	pl	12864_2018_5228_MOESM2_ESM.pl
PMC6296097	sh	12864_2018_5228_MOESM3_ESM.sh
PMC6296097	awk	12864_2018_5228_MOESM4_ESM.awk
PMC6296097	tab	12864_2018_5228_MOESM5_ESM.tab
PMC6296097	sh	12864_2018_5228_MOESM8_ESM.sh
PMC6296501	mat	pone.0208607.s002.mat
PMC6298570	ps	supp_067561.118_Supplemental_Figure_S1.ps
PMC6298570	ps	supp_067561.118_Supplemental_Figure_S2.ps
PMC6298570	ps	supp_067561.118_Supplemental_Figure_S3.ps
PMC6298570	ps	supp_067561.118_Supplemental_Figure_S4.ps
PMC6298570	ps	supp_067561.118_Supplemental_Figure_S5.ps
PMC6298570	ps	supp_067561.118_Supplemental_Figure_S6.ps
PMC6298570	ps	supp_067561.118_Supplemental_Figure_S7.ps
PMC6298570	ps	supp_067561.118_Supplemental_Figure_S8.ps
PMC6298660	r	pone.0208894.s003.R
PMC6298779	mat	elife-40868-fig2-data1.mat
PMC6298779	mat	elife-40868-fig2-figsupp1-data1.mat
PMC6298779	mat	elife-40868-fig2-figsupp2-data1.mat
PMC6298779	mat	elife-40868-fig3-data1.mat
PMC6298779	mat	elife-40868-fig4-figsupp1-data1.mat
PMC6298779	mat	elife-40868-fig5-figsupp1-data1.mat
PMC6299935	r	12859_2018_2486_MOESM5_ESM.r
PMC6299935	rmd	12859_2018_2486_MOESM6_ESM.rmd
PMC6299935	r	12859_2018_2486_MOESM7_ESM.r
PMC6299999	sh	12920_2018_446_MOESM1_ESM.sh
PMC6299999	py	12920_2018_446_MOESM4_ESM.py
PMC6299999	sh	12920_2018_446_MOESM5_ESM.sh
PMC6299999	py	12920_2018_446_MOESM6_ESM.py
PMC6299999	py	12920_2018_446_MOESM7_ESM.py
PMC6299999	py	12920_2018_446_MOESM8_ESM.py
PMC6300274	r	pone.0209285.s004.R
PMC6301282	mat	peerj-06-6046-s002.mat
PMC6301282	m	peerj-06-6046-s003.m
PMC6301282	m	peerj-06-6046-s004.m
PMC6301557	r	pbio.2006776.s001.R
PMC6301669	tex	pone.0208820.s001.tex
PMC6301669	tex	pone.0208820.s002.tex
PMC6301669	tex	pone.0208820.s003.tex
PMC6301669	tex	pone.0208820.s004.tex
PMC6301669	tex	pone.0208820.s005.tex
PMC6301669	tex	pone.0208820.s006.tex
PMC6301669	tex	pone.0208820.s007.tex
PMC6301669	tex	pone.0208820.s008.tex
PMC6301682	r	pone.0208726.s001.R
PMC6301779	tex	pone.0208561.s001.tex
PMC6302305	nlogo	12888_2018_1969_MOESM2_ESM.nlogo
PMC6302305	nlogo	12888_2018_1969_MOESM6_ESM.nlogo
PMC6302489	sas	12864_2018_5236_MOESM1_ESM.sas
PMC6302489	sas	12864_2018_5236_MOESM2_ESM.sas
PMC6303047	tex	pone.0206551.s001.tex
PMC6303155	r	APS3-6-e01201-s004.R
PMC6303285	kml	bdj-06-e30842-s001.kml
PMC6303285	kml	bdj-06-e30842-s002.kml
PMC6303285	kml	bdj-06-e30842-s003.kml
PMC6303285	kml	bdj-06-e30842-s004.kml
PMC6303285	kml	bdj-06-e30842-s005.kml
PMC6303285	kml	bdj-06-e30842-s006.kml
PMC6303285	kml	bdj-06-e30842-s007.kml
PMC6303285	kml	bdj-06-e30842-s008.kml
PMC6303285	kml	bdj-06-e30842-s009.kml
PMC6303285	kml	bdj-06-e30842-s010.kml
PMC6303285	kml	bdj-06-e30842-s011.kml
PMC6303285	kml	bdj-06-e30842-s012.kml
PMC6303285	kml	bdj-06-e30842-s013.kml
PMC6303285	kml	bdj-06-e30842-s014.kml
PMC6303285	kml	bdj-06-e30842-s015.kml
PMC6303285	kml	bdj-06-e30842-s016.kml
PMC6303285	kml	bdj-06-e30842-s017.kml
PMC6303285	kml	bdj-06-e30842-s018.kml
PMC6303285	kml	bdj-06-e30842-s019.kml
PMC6303285	kml	bdj-06-e30842-s020.kml
PMC6303285	kml	bdj-06-e30842-s021.kml
PMC6303285	kml	bdj-06-e30842-s022.kml
PMC6303285	kml	bdj-06-e30842-s023.kml
PMC6303285	kml	bdj-06-e30842-s024.kml
PMC6303285	kml	bdj-06-e30842-s025.kml
PMC6303285	kml	bdj-06-e30842-s026.kml
PMC6303285	kml	bdj-06-e30842-s027.kml
PMC6303285	kml	bdj-06-e30842-s028.kml
PMC6303285	kml	bdj-06-e30842-s029.kml
PMC6303285	kml	bdj-06-e30842-s030.kml
PMC6303285	kml	bdj-06-e30842-s031.kml
PMC6303285	kml	bdj-06-e30842-s032.kml
PMC6303285	kml	bdj-06-e30842-s033.kml
PMC6303285	kml	bdj-06-e30842-s034.kml
PMC6303285	kml	bdj-06-e30842-s035.kml
PMC6303285	kml	bdj-06-e30842-s036.kml
PMC6303285	kml	bdj-06-e30842-s037.kml
PMC6303285	kml	bdj-06-e30842-s038.kml
PMC6303285	kml	bdj-06-e30842-s039.kml
PMC6303285	kml	bdj-06-e30842-s040.kml
PMC6303285	kml	bdj-06-e30842-s041.kml
PMC6303285	kml	bdj-06-e30842-s042.kml
PMC6303285	kml	bdj-06-e30842-s043.kml
PMC6303285	kml	bdj-06-e30842-s044.kml
PMC6303285	kml	bdj-06-e30842-s045.kml
PMC6303285	kml	bdj-06-e30842-s046.kml
PMC6303285	kml	bdj-06-e30842-s047.kml
PMC6303285	kml	bdj-06-e30842-s048.kml
PMC6303285	kml	bdj-06-e30842-s049.kml
PMC6303285	kml	bdj-06-e30842-s050.kml
PMC6304141	py	rsos180336supp1.py
PMC6304141	py	rsos180336supp2.py
PMC6304141	py	rsos180336supp3.py
PMC6308863	r	ECE3-8-12991-s004.R
PMC6312344	r	pcbi.1006554.s018.R
PMC6319732	mat	pone.0210008.s003.mat
PMC6322225	gml	12918_2018_674_MOESM3_ESM.gml
PMC6322225	gml	12918_2018_674_MOESM4_ESM.gml
PMC6322225	gml	12918_2018_674_MOESM5_ESM.gml
PMC6322862	m	elife-40986-app3-fig1-data1.m
PMC6322862	mat	elife-40986-app3-fig1-data2.mat
PMC6322862	mat	elife-40986-app3-fig1-data3.mat
PMC6322862	mat	elife-40986-app3-fig1-data4.mat
PMC6322862	mat	elife-40986-app3-fig1-data5.mat
PMC6322862	m	elife-40986-fig3-data1.m
PMC6322862	m	elife-40986-fig4-data1.m
PMC6322862	mat	elife-40986-fig4-data2.mat
PMC6322862	mat	elife-40986-fig4-data3.mat
PMC6322862	m	elife-40986-fig5-data1.m
PMC6322862	m	elife-40986-fig6-data1.m
PMC6322862	mat	elife-40986-fig6-data2.mat
PMC6322862	mat	elife-40986-fig6-data3.mat
PMC6323102	r	10985_2018_9423_MOESM1_ESM.r
PMC6323778	r	12863_2018_707_MOESM5_ESM.r
PMC6324799	sps	pone.0209900.s002.sps
PMC6324799	sps	pone.0209900.s004.sps
PMC6324799	sps	pone.0209900.s006.sps
PMC6324799	sps	pone.0209900.s008.sps
PMC6324820	m	ppat.1007527.s009.m
PMC6324876	m	elife-42383-fig3-code1.m
PMC6324876	mat	elife-42383-fig3-data1.mat
PMC6324876	m	elife-42383-fig5-code1.m
PMC6324876	mat	elife-42383-fig5-data1.mat
PMC6324876	m	elife-42383-fig6-code1.m
PMC6324876	mat	elife-42383-fig6-data1.mat
PMC6324876	m	elife-42383-fig7-code1.m
PMC6324876	mat	elife-42383-fig7-data1.mat
PMC6324884	m	elife-40924-code1.m
PMC6324884	m	elife-40924-code2.m
PMC6324884	m	elife-40924-code3.m
PMC6324884	mat	elife-40924-fig3-data1.mat
PMC6324884	mat	elife-40924-fig5-data1.mat
PMC6326477	mat	pone.0197963.s001.mat
PMC6326477	mat	pone.0197963.s002.mat
PMC6326477	mat	pone.0197963.s003.mat
PMC6326477	mat	pone.0197963.s004.mat
PMC6326480	json	pcbi.1006644.s003.json
PMC6326480	json	pcbi.1006644.s004.json
PMC6326503	py	pone.0210103.s002.py
PMC6327541	nlogo	12905_2018_703_MOESM3_ESM.nlogo
PMC6327886	r	peerj-07-6152-s003.r
PMC6328132	tex	pone.0208737.s007.tex
PMC6328132	tex	pone.0208737.s008.tex
PMC6328132	tex	pone.0208737.s009.tex
PMC6328132	tex	pone.0208737.s010.tex
PMC6328247	rmd	pone.0210409.s007.Rmd
PMC6329337	r	peerj-07-6156-s007.r
PMC6329501	nb	pone.0208443.s002.nb
PMC6329516	mat	pone.0210410.s001.mat
PMC6329516	mat	pone.0210410.s002.mat
PMC6329516	mat	pone.0210410.s003.mat
PMC6329516	mat	pone.0210410.s004.mat
PMC6329516	mat	pone.0210410.s005.mat
PMC6330205	r	peerj-07-6119-s003.r
PMC6330205	r	peerj-07-6119-s004.r
PMC6330205	r	peerj-07-6119-s009.r
PMC6330205	r	peerj-07-6119-s010.r
PMC6330205	r	peerj-07-6119-s011.r
PMC6330205	r	peerj-07-6119-s012.r
PMC6330405	r	12874_2018_618_MOESM1_ESM.r
PMC6330451	tex	13014_2018_1186_MOESM1_ESM.tex
PMC6330951	r	peerj-07-6172-s005.r
PMC6330999	py	peerj-07-6231-s003.py
PMC6331124	mat	pcbi.1006616.s002.mat
PMC6333357	r	pone.0210821.s002.R
PMC6333359	r	pone.0210423.s004.R
PMC6334928	r	pone.0210164.s007.R
PMC6335689	m	12918_2019_678_MOESM10_ESM.m
PMC6335689	m	12918_2019_678_MOESM11_ESM.m
PMC6335689	m	12918_2019_678_MOESM13_ESM.m
PMC6335689	m	12918_2019_678_MOESM8_ESM.m
PMC6335848	tex	SC-010-C8SC04228D-s001.tex
PMC6338378	dot	pone.0210779.s001.dot
PMC6341577	py	12862_2018_1308_MOESM2_ESM.py
PMC6342520	m	elife-38536-code1.m
PMC6342520	m	elife-38536-code10.m
PMC6342520	m	elife-38536-code11.m
PMC6342520	m	elife-38536-code2.m
PMC6342520	m	elife-38536-code3.m
PMC6342520	m	elife-38536-code4.m
PMC6342520	m	elife-38536-code5.m
PMC6342520	m	elife-38536-code6.m
PMC6342520	m	elife-38536-code7.m
PMC6342520	m	elife-38536-code9.m
PMC6345491	r	pone.0210878.s007.R
PMC6346146	m	mmc1.m
PMC6346146	m	mmc2.m
PMC6346146	m	mmc3.m
PMC6346532	json	12864_2018_5396_MOESM4_ESM.json
PMC6346591	m	12898_2019_221_MOESM1_ESM.m
PMC6346662	jl	EVA-12-301-s003.jl
PMC6347132	r	pone.0210101.s003.R
PMC6347965	r	peerj-07-6214-s003.r
PMC6348960	rmd	peerj-07-6293-s001.rmd
PMC6348960	r	peerj-07-6293-s011.r
PMC6348960	r	peerj-07-6293-s012.r
PMC6350340	r	12874_2019_659_MOESM3_ESM.r
PMC6350340	jl	12874_2019_659_MOESM4_ESM.jl
PMC6350966	r	pone.0208605.s009.R
PMC6353077	r	pone.0209423.s002.R
PMC6353184	r	pone.0211445.s001.R
PMC6354662	m	peerj-07-6246-s003.m
PMC6357450	r	12918_2019_684_MOESM2_ESM.r
PMC6357745	r	aat4313_Data_S5.R
PMC6357871	r	peerj-07-6308-s002.r
PMC6358618	mat	41467_2019_8491_MOESM4_ESM.mat
PMC6360953	tex	JGRA-123-8131-s001.tex
PMC6361466	r	pcbi.1006646.s007.R
PMC6361466	nb	pcbi.1006646.s008.nb
PMC6361466	nb	pcbi.1006646.s009.nb
PMC6362442	r	ECE3-9-744-s002.R
PMC6362442	r	ECE3-9-744-s003.R
PMC6362809	ps	supp_gad.319723.118_Supplemental_Fig_S1.ps
PMC6362809	ps	supp_gad.319723.118_Supplemental_Fig_S2.ps
PMC6362809	ps	supp_gad.319723.118_Supplemental_Fig_S3.ps
PMC6362809	ps	supp_gad.319723.118_Supplemental_Fig_S4.ps
PMC6362809	ps	supp_gad.319723.118_Supplemental_Fig_S5.ps
PMC6362809	ps	supp_gad.319723.118_Supplemental_Fig_S6.ps
PMC6363379	r	elife-41156-code1.r
PMC6364646	c	rsif20180670supp2.c
PMC6364646	r	rsif20180670supp3.r
PMC6364703	json	pcbi.1006692.s009.json
PMC6364895	sas	pone.0211033.s002.sas
PMC6365512	ipynb	41598_2018_37345_MOESM2_ESM.ipynb
PMC6366900	m	elife-41415-code.m
PMC6368838	r	peerj-07-6343-s001.r
PMC6368838	r	peerj-07-6343-s002.r
PMC6369965	tex	EVL3-3-15-s002.tex
PMC6370340	m	elife-42001-supp2.m
PMC6371512	r	12955_2019_1100_MOESM1_ESM.r
PMC6373152	py	13059_2019_1647_MOESM8_ESM.py
PMC6373306	mat	11095_2019_2582_MOESM1_ESM.mat
PMC6373306	mat	11095_2019_2582_MOESM2_ESM.mat
PMC6373306	mat	11095_2019_2582_MOESM3_ESM.mat
PMC6373306	mat	11095_2019_2582_MOESM4_ESM.mat
PMC6373306	mat	11095_2019_2582_MOESM5_ESM.mat
PMC6373928	do	pone.0210152.s004.do
PMC6374072	cdf	elife-40368-code1.cdf
PMC6374072	cdf	elife-40368-code2.cdf
PMC6374072	ipynb	elife-40368-code3.ipynb
PMC6374678	svg	ECE3-9-1211-s002.svg
PMC6374678	svg	ECE3-9-1211-s003.svg
PMC6374725	r	ECE3-9-1473-s001.R
PMC6374725	r	ECE3-9-1473-s002.R
PMC6374817	ps	3030268.f1.ps
PMC6375366	do	Table2.do
PMC6375366	do	Table3.do
PMC6375366	do	TableB10.do
PMC6375366	do	TableB11.do
PMC6375366	do	TableB11b.do
PMC6375366	do	TableB12.do
PMC6375366	do	TableB13.do
PMC6375366	do	TableB2.do
PMC6375366	do	TableB3.do
PMC6375366	do	TableB4.do
PMC6375366	do	TableB5.do
PMC6375366	do	TableB6.do
PMC6375366	do	TableB7.do
PMC6375366	do	TableB8.do
PMC6375366	do	TableB9.do
PMC6375584	do	pone.0212049.s003.do
PMC6375595	do	pone.0212015.s003.do
PMC6376956	sps	Al-MosaiwiMultilevel_linear_mixed_effects_model_syntax_Supplemental_Material.sps
PMC6377766	rmd	40168_2019_639_MOESM2_ESM.rmd
PMC6378726	rb	40168_2019_632_MOESM2_ESM.rb
PMC6380193	pro	11214_2018_576_MOESM1_ESM.pro
PMC6380193	pro	11214_2018_576_MOESM2_ESM.pro
PMC6380619	sage	pone.0212310.s003.sage
PMC6382127	r	pone.0212208.s002.R
PMC6382252	mat	pcbi.1006595.s003.mat
PMC6382252	mat	pcbi.1006595.s004.mat
PMC6382252	mat	pcbi.1006595.s005.mat
PMC6382252	mat	pcbi.1006595.s006.mat
PMC6383034	m	mmc3.m
PMC6383034	m	mmc4.m
PMC6383646	r	MPR-27-e1742-s001.R
PMC6384027	mat	elife-42974-fig2-data1.mat
PMC6384027	mat	elife-42974-fig3-data3.mat
PMC6384027	mat	elife-42974-fig4-data1.mat
PMC6384027	mat	elife-42974-fig5-data1.mat
PMC6384027	mat	elife-42974-fig6-data1.mat
PMC6384027	mat	elife-42974-fig7-data1.mat
PMC6386284	r	pone.0211633.s002.R
PMC6386314	r	pone.0212545.s002.R
PMC6386524	mat	elife-41690-app1-table1-data1.mat
PMC6386524	mat	elife-41690-app1-table1-data2.mat
PMC6386524	mat	elife-41690-app1-table1-data3.mat
PMC6386524	mat	elife-41690-table1-data1.mat
PMC6386524	mat	elife-41690-table1-data2.mat
PMC6386524	mat	elife-41690-table2-data1.mat
PMC6386524	mat	elife-41690-table2-data2.mat
PMC6386532	r	pone.0212459.s002.R
PMC6386532	r	pone.0212459.s003.R
PMC6387519	json	12864_2019_5516_MOESM6_ESM.json
PMC6387519	py	12864_2019_5516_MOESM7_ESM.py
PMC6387519	py	12864_2019_5516_MOESM8_ESM.py
PMC6388918	rmd	pone.0212167.s003.Rmd
PMC6391066	tex	elife-42101-supp1.tex
PMC6391069	m	elife-39906-code1.m
PMC6392346	nlogo	ECE3-9-2018-s003.nlogo
PMC6392439	las	pone.0211392.s003.las
PMC6392502	py	elife-42282-code1.py
PMC6395061	mat	elife-41535-fig2-data1.mat
PMC6395061	mat	elife-41535-fig3-data1.mat
PMC6395061	mat	elife-41535-fig4-data1.mat
PMC6395061	mat	elife-41535-fig4-data2.mat
PMC6395061	mat	elife-41535-fig4-data3.mat
PMC6395061	mat	elife-41535-fig5-data1.mat
PMC6395061	mat	elife-41535-fig5-data2.mat
PMC6395061	mat	elife-41535-fig5-data3.mat
PMC6395061	mat	elife-41535-fig6-data1.mat
PMC6395061	mat	elife-41535-fig6-data2.mat
PMC6395061	mat	elife-41535-fig6-data3.mat
PMC6395068	r	pone.0212866.s015.R
PMC6395068	r	pone.0212866.s016.R
PMC6396854	r	bdj-07-e31817-s002.r
PMC6396854	r	bdj-07-e31817-s004.r
PMC6396854	py	bdj-07-e31817-s007.py
PMC6396999	m	elife-43366-code1.m
PMC6398975	r	elife-41873-code1.r
PMC6398983	mat	elife-40526-fig6-data2.mat
PMC6399679	py	SC-010-C8SC05020A-s002.py
PMC6399679	py	SC-010-C8SC05020A-s004.py
PMC6399679	py	SC-010-C8SC05020A-s006.py
PMC6399679	py	SC-010-C8SC05020A-s008.py
PMC6399679	py	SC-010-C8SC05020A-s010.py
PMC6399679	py	SC-010-C8SC05020A-s012.py
PMC6401316	tex	41598_2019_40141_MOESM1_ESM.tex
PMC6402141	py	12864_2019_5514_MOESM7_ESM.py
PMC6402658	ipynb	pcbi.1006757.s017.ipynb
PMC6402845	r	aav6420_Data_file_S4.R
PMC6403305	tex	41598_2019_39869_MOESM2_ESM.tex
PMC6404404	m	Beilstein_J_Nanotechnol-10-617-s001.m
PMC6404644	nb	11071_2018_4534_MOESM1_ESM.nb
PMC6404644	nb	11071_2018_4534_MOESM2_ESM.nb
PMC6404644	nb	11071_2018_4534_MOESM3_ESM.nb
PMC6405061	rmd	pone.0212477.s008.Rmd
PMC6407284	py	12859_2019_2704_MOESM5_ESM.py
PMC6407503	r	peerj-07-6596-s003.r
PMC6407503	py	peerj-07-6596-s004.py
PMC6407773	r	pone.0212797.s002.R
PMC6407909	pde	pone.0212902.s001.pde
PMC6407909	nb	pone.0212902.s002.nb
PMC6407909	ps	pone.0212902.s003.ps
PMC6408369	r	rsos181482supp2.r
PMC6408400	cpp	rsos181471supp1.cpp
PMC6408413	r	rsos181942supp2.r
PMC6408420	rmd	rsos181394supp3.Rmd
PMC6408420	rmd	rsos181394supp4.Rmd
PMC6408420	rmd	rsos181394supp5.Rmd
PMC6408862	ps	12864_2019_5578_MOESM5_ESM.ps
PMC6410695	r	peerj-07-6509-s003.r
PMC6413926	r	pone.0213216.s003.R
PMC6414202	r	elife-44471-supp2.r
PMC6414202	r	elife-44471-supp3.r
PMC6416856	sh	12862_2019_1388_MOESM15_ESM.sh
PMC6416856	r	12862_2019_1388_MOESM4_ESM.r
PMC6416856	py	12862_2019_1388_MOESM8_ESM.py
PMC6417072	r	13064_2019_131_MOESM1_ESM.r
PMC6417252	r	12870_2019_1684_MOESM1_ESM.r
PMC6417252	r	12870_2019_1684_MOESM2_ESM.r
PMC6417252	r	12870_2019_1684_MOESM3_ESM.r
PMC6417252	r	12870_2019_1684_MOESM4_ESM.r
PMC6417252	r	12870_2019_1684_MOESM5_ESM.r
PMC6417252	r	12870_2019_1684_MOESM6_ESM.r
PMC6417252	r	12870_2019_1684_MOESM7_ESM.r
PMC6417409	tex	peerj-07-6447-s001.tex
PMC6417409	tex	peerj-07-6447-s003.tex
PMC6417859	nb	elife-44179-code1.nb
PMC6420439	r	13428_2018_1149_MOESM1_ESM.r
PMC6420439	r	13428_2018_1149_MOESM2_ESM.r
PMC6420731	r	12859_2019_2705_MOESM1_ESM.r
PMC6422275	r	pone.0213715.s001.R
PMC6422292	mat	pone.0207997.s001.mat
PMC6424455	do	pone.0213139.s002.do
PMC6425654	r	12859_2019_2703_MOESM3_ESM.r
PMC6425654	r	12859_2019_2703_MOESM4_ESM.r
PMC6426155	r	APS3-7-e01224-s001.R
PMC6426155	r	APS3-7-e01224-s004.R
PMC6426155	r	APS3-7-e01224-s005.R
PMC6428248	mat	pbio.3000026.s023.mat
PMC6428248	mat	pbio.3000026.s025.mat
PMC6430102	r	peerj-07-6549-s003.r
PMC6430413	json	pcbi.1006848.s005.json
PMC6430413	ipynb	pcbi.1006848.s006.ipynb
PMC6431546	m	peerj-07-6373-s006.m
PMC6431546	mat	peerj-07-6373-s007.mat
PMC6431546	rmd	peerj-07-6373-s012.rmd
PMC6433470	cc	elife-41555-code1.cc
PMC6434545	r	ECE3-9-3046-s003.R
PMC6436797	mat	pone.0214403.s001.mat
PMC6438028	ipynb	12859_2019_2726_MOESM1_ESM.ipynb
PMC6438480	mat	pone.0212868.s001.mat
PMC6438611	py	pone.0214441.s003.py
PMC6441558	r	peerj-07-6586-s004.r
PMC6441558	r	peerj-07-6586-s005.r
PMC6443195	nb	pgen.1008035.s005.nb
PMC6443375	ps	CYTO-93-1189-s001.ps
PMC6445432	r	pone.0212942.s004.R
PMC6445492	mat	12080_2017_353_MOESM2_ESM.mat
PMC6445736	tex	SIM-38-1855-s002.tex
PMC6446971	svg	13100_2019_153_MOESM1_ESM.svg
PMC6448843	ipynb	pone.0205943.s006.ipynb
PMC6449090	m	elife-43008-code1.m
PMC6449492	mat	11517_2018_1919_MOESM1_ESM.mat
PMC6449492	m	11517_2018_1919_MOESM2_ESM.m
PMC6451018	tex	41598_2019_42011_MOESM1_ESM.tex
PMC6453450	r	pone.0214878.s002.R
PMC6453565	m	elife-40145-code1.m
PMC6457493	tex	pone.0202720.s004.tex
PMC6458363	r	rsos181693supp17.r
PMC6458392	r	rsos180999supp2.r
PMC6458652	r	12935_2019_817_MOESM13_ESM.r
PMC6459508	r	pone.0215229.s006.R
PMC6459545	ipynb	pone.0215137.s004.ipynb
PMC6459781	r	10329_2018_693_MOESM1_ESM.r
PMC6459781	r	10329_2018_693_MOESM2_ESM.r
PMC6459781	r	10329_2018_693_MOESM3_ESM.r
PMC6459781	r	10329_2018_693_MOESM4_ESM.r
PMC6460789	r	41512_2017_22_MOESM1_ESM.r
PMC6462393	rmd	peerj-07-6686-s002.rmd
PMC6464606	stan	elife-42992-code1.stan
PMC6464606	jl	elife-42992-code2.jl
PMC6466706	py	12864_2019_5653_MOESM1_ESM.py
PMC6467862	r	ECE3-9-4038-s006.R
PMC6468077	nb	ECE3-9-3823-s003.nb
PMC6469765	sps	pone.0214537.s005.sps
PMC6469775	r	pone.0214500.s001.R
PMC6472330	r	WSB-43-167-s002.R
PMC6472573	tex	GRL-46-698-s002.tex
PMC6472573	bib	GRL-46-698-s003.bib
PMC6473666	mat	JGRB-123-7791-s002.mat
PMC6474054	r	13059_2019_1671_MOESM4_ESM.r
PMC6474361	py	peerj-07-6698-s007.py
PMC6474654	r	pone.0215458.s003.R
PMC6476510	ipynb	pone.0215571.s001.ipynb
PMC6476510	ipynb	pone.0215571.s002.ipynb
PMC6476510	ipynb	pone.0215571.s003.ipynb
PMC6478374	py	pone.0205619.s006.py
PMC6478628	r	13428_2018_1122_MOESM2_ESM.r
PMC6481800	do	pone.0215161.s003.do
PMC6483598	m	elife-44558-code1.m
PMC6483598	m	elife-44558-code2.m
PMC6483598	m	elife-44558-code3.m
PMC6486809	mat	peerj-07-6764-s001.mat
PMC6487357	r	mmc4.r
PMC6487962	r	EJPR-58-514-s001.R
PMC6488086	py	pone.0216093.s002.py
PMC6489342	rmd	40462_2019_158_MOESM2_ESM.rmd
PMC6491996	tex	SIM-38-363-s001.tex
PMC6491996	r	SIM-38-363-s002.R
PMC6491996	r	SIM-38-363-s003.R
PMC6491996	tex	SIM-38-363-s005.tex
PMC6492093	r	EVO-72-2749-s003.R
PMC6493719	ipynb	pone.0213924.s005.ipynb
PMC6493719	ipynb	pone.0213924.s007.ipynb
PMC6493759	r	pone.0216129.s004.R
PMC6497039	r	peerj-07-6849-s003.r
PMC6497379	r	pone.0215962.s003.R
PMC6498502	r	13031_2019_199_MOESM1_ESM.r
PMC6499539	py	elife-44753-code1.py
PMC6499539	py	elife-44753-code2.py
PMC6499539	py	elife-44753-code3.py
PMC6499540	m	elife-37102-code1.m
PMC6499540	m	elife-37102-code2.m
PMC6499540	m	elife-37102-code3.m
PMC6499540	m	elife-37102-code4.m
PMC6499540	m	elife-37102-code5.m
PMC6499540	m	elife-37102-code6.m
PMC6499540	m	elife-37102-code8.m
PMC6499540	mat	elife-37102-fig1-data1.mat
PMC6499540	mat	elife-37102-fig1-data2.mat
PMC6499540	mat	elife-37102-fig3-data1.mat
PMC6499540	mat	elife-37102-fig4-data1.mat
PMC6499540	mat	elife-37102-fig5-data1.mat
PMC6502356	m	rsos190381supp2.m
PMC6502358	r	rsos181055supp1.r
PMC6502360	r	rsos190279supp2.r
PMC6502380	r	rsos190021supp3.r
PMC6504107	mat	pone.0215450.s001.mat
PMC6505741	tex	pone.0214863.s004.tex
PMC6505741	tex	pone.0214863.s005.tex
PMC6505741	tex	pone.0214863.s006.tex
PMC6506247	r	aav9038_Data_file_S5.R
PMC6507502	r	10071_2019_1240_MOESM2_ESM.r
PMC6507518	r	11336_2018_9657_MOESM1_ESM.r
PMC6507518	r	11336_2018_9657_MOESM2_ESM.r
PMC6508611	rmd	pcbi.1006933.s014.rmd
PMC6508622	py	pone.0216126.s004.py
PMC6508664	r	pone.0216223.s001.R
PMC6508664	r	pone.0216223.s002.R
PMC6509829	r	12859_2019_2861_MOESM1_ESM.r
PMC6510536	md	elife-45133-code1.md
PMC6511169	r	40462_2019_160_MOESM2_ESM.r
PMC6519238	tex	SIM-38-2413-s001.tex
PMC6519806	r	pone.0216036.s002.R
PMC6519809	r	pone.0216352.s001.R
PMC6519809	r	pone.0216352.s002.R
PMC6521811	rmd	peerj-07-6914-s004.rmd
PMC6521811	rmd	peerj-07-6914-s005.rmd
PMC6521811	rmd	peerj-07-6914-s006.rmd
PMC6522220	tex	elife-43318-supp1.tex
PMC6526653	r	APS3-7-e01247-s001.R
PMC6527211	rmd	pone.0217057.s002.Rmd
PMC6527211	r	pone.0217057.s003.R
PMC6527211	r	pone.0217057.s004.R
PMC6527211	r	pone.0217057.s005.R
PMC6528304	r	12879_2019_4074_MOESM2_ESM.r
PMC6528323	pot	12967_2019_1898_MOESM2_ESM.pot
PMC6530054	nb	12879_2019_4054_MOESM2_ESM.nb
PMC6530054	nb	12879_2019_4054_MOESM3_ESM.nb
PMC6530054	nb	12879_2019_4054_MOESM4_ESM.nb
PMC6530054	nb	12879_2019_4054_MOESM5_ESM.nb
PMC6532944	nb	ppat.1007763.s004.nb
PMC6533313	nc	41467_2019_10208_MOESM3_ESM.nc
PMC6533727	m	13007_2019_437_MOESM12_ESM.m
PMC6533727	m	13007_2019_437_MOESM13_ESM.m
PMC6533727	r	13007_2019_437_MOESM14_ESM.r
PMC6533727	r	13007_2019_437_MOESM15_ESM.r
PMC6533727	m	13007_2019_437_MOESM1_ESM.m
PMC6536425	r	mmc1.r
PMC6536425	m	mmc2.m
PMC6537182	r	13059_2019_1697_MOESM7_ESM.r
PMC6537182	r	13059_2019_1697_MOESM8_ESM.r
PMC6541278	r	pntd.0007332.s003.R
PMC6541375	m	pone.0217305.s001.m
PMC6541375	m	pone.0217305.s002.m
PMC6541375	m	pone.0217305.s003.m
PMC6542514	ps	pone.0217457.s006.ps
PMC6542584	c	elife-45644-fig5-code1.c
PMC6544286	r	pone.0217800.s003.R
PMC6544603	mod	40268_2019_268_MOESM1_ESM.mod
PMC6544603	m	40268_2019_268_MOESM2_ESM.m
PMC6545021	r	12864_2019_5803_MOESM10_ESM.r
PMC6546249	r	pone.0217946.s001.R
PMC6546249	r	pone.0217946.s002.R
PMC6546384	pl	EVL3-3-286-s008.pl
PMC6546384	pl	EVL3-3-286-s009.pl
PMC6548369	r	pone.0217587.s002.R
PMC6550408	asc	pone.0217441.s001.asc
PMC6550408	asc	pone.0217441.s002.asc
PMC6550408	asc	pone.0217441.s003.asc
PMC6550408	asc	pone.0217441.s004.asc
PMC6550408	asc	pone.0217441.s005.asc
PMC6550408	asc	pone.0217441.s006.asc
PMC6550408	asc	pone.0217441.s007.asc
PMC6550408	asc	pone.0217441.s008.asc
PMC6551915	r	13321_2019_359_MOESM3_ESM.r
PMC6553550	r	ede-30-521-s002.r
PMC6553943	r	elife-44310-code1.r
PMC6553943	r	elife-44310-code2.r
PMC6554249	mod	12248_2019_343_MOESM2_ESM.mod
PMC6554249	mod	12248_2019_343_MOESM3_ESM.mod
PMC6555011	r	12955_2019_1148_MOESM1_ESM.r
PMC6555011	r	12955_2019_1148_MOESM2_ESM.r
PMC6555389	r	peerj-07-7046-s002.r
PMC6555394	m	peerj-07-7065-s002.m
PMC6557246	r	peerj-07-6927-s002.r
PMC6558562	r	rstb20180261supp6.R
PMC6558741	c	12984_2019_527_MOESM3_ESM.c
PMC6558815	svg	12862_2019_1436_MOESM3_ESM.svg
PMC6560505	rmd	10928_2019_9632_MOESM1_ESM.rmd
PMC6560505	r	10928_2019_9632_MOESM2_ESM.r
PMC6561664	svg	5980465.f1.svg
PMC6561664	svg	5980465.f2.svg
PMC6561664	svg	5980465.f3.svg
PMC6561702	r	elife-43842-code1.r
PMC6561703	m	elife-43620-fig1-data1.m
PMC6561704	ipynb	elife-43299-code1.ipynb
PMC6567495	m	12874_2019_756_MOESM1_ESM.m
PMC6567495	mat	12874_2019_756_MOESM2_ESM.mat
PMC6567636	r	12859_2019_2869_MOESM2_ESM.r
PMC6567636	r	12859_2019_2869_MOESM3_ESM.r
PMC6567636	r	12859_2019_2869_MOESM4_ESM.r
PMC6567636	r	12859_2019_2869_MOESM5_ESM.r
PMC6567636	r	12859_2019_2869_MOESM6_ESM.r
PMC6568397	py	pone.0218022.s002.py
PMC6580474	r	12864_2019_5823_MOESM3_ESM.r
PMC6582266	do	hofs048712.ww2.do
PMC6583967	r	pone.0218598.s005.R
PMC6583997	r	pone.0217032.s001.R
PMC6583997	r	pone.0217032.s002.R
PMC6583997	r	pone.0217032.s003.R
PMC6584128	c	elife-44993-fig3-code1.c
PMC6584256	cpp	aau6108_Data_file_S2.cpp
PMC6586259	rmd	pcbi.1006907.s001.Rmd
PMC6586313	m	pone.0218293.s002.m
PMC6587741	r	SIM-38-269-s001.R
PMC6588900	svg	12864_2019_5830_MOESM5_ESM.svg
PMC6589334	r	peerj-07-7090-s009.r
PMC6590382	tex	HBM-40-1391-s005.tex
PMC6590785	r	pone.0217283.s002.R
PMC6590785	r	pone.0217283.s003.R
PMC6590984	r	elife-45650-code1.r
PMC6590984	r	elife-45650-code2.r
PMC6590984	r	elife-45650-code3.r
PMC6590984	rmd	elife-45650-code4.rmd
PMC6590984	rmd	elife-45650-code5.rmd
PMC6590984	r	elife-45650-code6.r
PMC6592555	r	pcbi.1007117.s001.R
PMC6592689	m	elife-43732-code1.m
PMC6592689	m	elife-43732-code2.m
PMC6592689	m	elife-43732-code3.m
PMC6592689	m	elife-43732-code4.m
PMC6597046	r	pone.0210928.s014.R
PMC6597046	r	pone.0210928.s015.R
PMC6597767	m	rsif20190083supp2.m
PMC6597767	m	rsif20190083supp3.m
PMC6597767	m	rsif20190083supp4.m
PMC6597767	m	rsif20190083supp5.m
PMC6597767	m	rsif20190083supp6.m
PMC6597767	m	rsif20190083supp7.m
PMC6597767	m	rsif20190083supp8.m
PMC6597779	r	rsif20190080supp10.R
PMC6597779	r	rsif20190080supp2.R
PMC6598766	svg	elife-44889-fig3-data1.svg
PMC6598766	svg	elife-44889-fig3-data2.svg
PMC6598766	svg	elife-44889-fig4-data1.svg
PMC6599201	svg	41598_2019_45379_MOESM2_ESM.svg
PMC6599201	svg	41598_2019_45379_MOESM3_ESM.svg
PMC6599235	r	12889_2019_7201_MOESM2_ESM.r
PMC6599294	r	12859_2019_2961_MOESM2_ESM.r
PMC6599294	r	12859_2019_2961_MOESM4_ESM.r
PMC6599294	r	12859_2019_2961_MOESM5_ESM.r
PMC6602180	py	pone.0204540.s004.py
PMC6605666	scpt	pbio.3000343.s007.scpt
PMC6610541	r	peerj-07-7183-s001.r
PMC6610541	r	peerj-07-7183-s002.r
PMC6610541	r	peerj-07-7183-s003.r
PMC6610541	r	peerj-07-7183-s004.r
PMC6611646	mat	pbio.2005861.s001.mat
PMC6611646	mat	pbio.2005861.s002.mat
PMC6611646	mat	pbio.2005861.s003.mat
PMC6611646	mat	pbio.2005861.s004.mat
PMC6611646	mat	pbio.2005861.s005.mat
PMC6611646	mat	pbio.2005861.s006.mat
PMC6611646	mat	pbio.2005861.s007.mat
PMC6611646	mat	pbio.2005861.s008.mat
PMC6611646	m	pbio.2005861.s009.m
PMC6611646	m	pbio.2005861.s010.m
PMC6611646	m	pbio.2005861.s011.m
PMC6611646	m	pbio.2005861.s012.m
PMC6611646	m	pbio.2005861.s013.m
PMC6611646	m	pbio.2005861.s014.m
PMC6611646	m	pbio.2005861.s015.m
PMC6611646	m	pbio.2005861.s016.m
PMC6612186	sps	12910_2019_379_MOESM2_ESM.sps
PMC6612420	r	peerj-07-7156-s004.r
PMC6613532	r	peerj-07-7097-s004.r
PMC6613532	r	peerj-07-7097-s005.r
PMC6613681	sps	pone.0219098.s001.sps
PMC6613709	mat	pcbi.1007157.s001.mat
PMC6618146	md	EMI-21-2360-s001.md
PMC6619791	rmd	pone.0219514.s003.Rmd
PMC6619988	do	pone.0217608.s010.do
PMC6629374	m	elife-46846-fig8-code1.m
PMC6629374	m	elife-46846-fig8-code2.m
PMC6633201	ps	supp_069484.118_Supplemental_Figure_1.ps
PMC6633201	ps	supp_069484.118_Supplemental_Figure_2.ps
PMC6633201	ps	supp_069484.118_Supplemental_Figure_3.ps
PMC6633201	ps	supp_069484.118_Supplemental_Figure_4.ps
PMC6635919	asc	ECE3-9-7562-s001.asc
PMC6635919	asc	ECE3-9-7562-s002.asc
PMC6635919	asc	ECE3-9-7562-s003.asc
PMC6635935	py	ECE3-9-7378-s002.py
PMC6635935	py	ECE3-9-7378-s003.py
PMC6635935	py	ECE3-9-7378-s004.py
PMC6635935	py	ECE3-9-7378-s006.py
PMC6635935	r	ECE3-9-7378-s007.R
PMC6635935	py	ECE3-9-7378-s008.py
PMC6635935	py	ECE3-9-7378-s009.py
PMC6635935	py	ECE3-9-7378-s010.py
PMC6635935	py	ECE3-9-7378-s011.py
PMC6635935	py	ECE3-9-7378-s012.py
PMC6635935	py	ECE3-9-7378-s013.py
PMC6635935	py	ECE3-9-7378-s014.py
PMC6635935	py	ECE3-9-7378-s015.py
PMC6637900	svg	MPP-20-392-s005.svg
PMC6637900	svg	MPP-20-392-s006.svg
PMC6637900	svg	MPP-20-392-s007.svg
PMC6638962	r	pone.0219825.s012.R
PMC6645485	for	pone.0219854.s004.for
PMC6646942	r	joc-1-1-10-s3.R
PMC6646942	r	joc-1-1-10-s5.R
PMC6656793	m	10928_2019_9644_MOESM10_ESM.m
PMC6656793	m	10928_2019_9644_MOESM11_ESM.m
PMC6656793	m	10928_2019_9644_MOESM12_ESM.m
PMC6656793	m	10928_2019_9644_MOESM13_ESM.m
PMC6656793	m	10928_2019_9644_MOESM14_ESM.m
PMC6656793	m	10928_2019_9644_MOESM15_ESM.m
PMC6656793	m	10928_2019_9644_MOESM16_ESM.m
PMC6656793	m	10928_2019_9644_MOESM17_ESM.m
PMC6656793	m	10928_2019_9644_MOESM18_ESM.m
PMC6656793	m	10928_2019_9644_MOESM19_ESM.m
PMC6656793	m	10928_2019_9644_MOESM20_ESM.m
PMC6656793	m	10928_2019_9644_MOESM21_ESM.m
PMC6656793	m	10928_2019_9644_MOESM22_ESM.m
PMC6656793	m	10928_2019_9644_MOESM3_ESM.m
PMC6656793	m	10928_2019_9644_MOESM4_ESM.m
PMC6656793	m	10928_2019_9644_MOESM5_ESM.m
PMC6656793	m	10928_2019_9644_MOESM6_ESM.m
PMC6656793	m	10928_2019_9644_MOESM7_ESM.m
PMC6656793	m	10928_2019_9644_MOESM8_ESM.m
PMC6656793	m	10928_2019_9644_MOESM9_ESM.m
PMC6657102	py	12911_2019_863_MOESM2_ESM.py
PMC6657843	mat	pone.0219472.s001.mat
PMC6657863	mat	pone.0220147.s001.mat
PMC6657863	m	pone.0220147.s002.m
PMC6660746	m	pnas.1901744116.sd01.m
PMC6663067	r	pone.0220504.s001.R
PMC6668776	rmd	pone.0219625.s002.Rmd
PMC6668776	r	pone.0219625.s003.R
PMC6668849	rmd	pcbi.1006857.s002.Rmd
PMC6668849	nb	pcbi.1006857.s003.nb
PMC6670238	m	40478_2019_767_MOESM7_ESM.m
PMC6675052	tex	pone.0219796.s001.tex
PMC6675145	r	EVL3-3-392-s003.R
PMC6676630	tab	13059_2019_1760_MOESM4_ESM.tab
PMC6676630	tab	13059_2019_1760_MOESM5_ESM.tab
PMC6677382	m	pone.0220281.s005.m
PMC6677536	sh	elife-47999-code1.sh
PMC6677536	r	elife-47999-code2.r
PMC6681939	r	pone.0219753.s008.R
PMC6683196	r	41598_2019_47595_MOESM3_ESM.r
PMC6683572	ini	13007_2019_472_MOESM1_ESM.ini
PMC6684320	m	elife-45853-code1.m
PMC6684320	m	elife-45853-code2.m
PMC6685013	svg	rsif20190293supp1.svg
PMC6685013	svg	rsif20190293supp2.svg
PMC6685724	py	aaw4988_Data_file_S2.py
PMC6686290	r	ECE3-9-8840-s001.R
PMC6687523	tex	GEPI-43-596-s010.tex
PMC6688088	java	IID3-7-105-s002.java
PMC6688088	java	IID3-7-105-s003.java
PMC6688088	java	IID3-7-105-s004.java
PMC6688088	java	IID3-7-105-s005.java
PMC6688798	nb	pone.0220994.s001.nb
PMC6689580	r	rsos190598supp1.r
PMC6689580	r	rsos190598supp10.r
PMC6689580	r	rsos190598supp11.r
PMC6689580	r	rsos190598supp12.r
PMC6689580	r	rsos190598supp13.r
PMC6689580	r	rsos190598supp4.r
PMC6689580	r	rsos190598supp8.r
PMC6689580	r	rsos190598supp9.r
PMC6689609	r	rsos190569supp2.r
PMC6689615	cpp	rsos190012supp1.cpp
PMC6689615	cpp	rsos190012supp2.cpp
PMC6689627	r	rsos182197supp3.r
PMC6689627	r	rsos182197supp4.r
PMC6689627	r	rsos182197supp5.r
PMC6689883	json	13321_2019_335_MOESM2_ESM.json
PMC6689884	py	13321_2019_329_MOESM1_ESM.py
PMC6689884	py	13321_2019_329_MOESM2_ESM.py
PMC6690233	r	genetics-05-04-212-s001.R
PMC6690233	r	genetics-05-04-212-s002.R
PMC6690337	rmd	peerj-07-7191-s002.rmd
PMC6690337	rmd	peerj-07-7191-s004.rmd
PMC6690552	tab	pgen.1008251.s023.tab
PMC6690555	m	pcbi.1007172.s003.m
PMC6690555	m	pcbi.1007172.s006.m
PMC6690555	m	pcbi.1007172.s007.m
PMC6690555	m	pcbi.1007172.s008.m
PMC6692132	r	elife-45952-fig1-code1.r
PMC6692132	r	elife-45952-fig2-code1.r
PMC6692132	r	elife-45952-fig3-code1.r
PMC6692132	r	elife-45952-fig4-code1.r
PMC6693229	r	12859_2019_3017_MOESM1_ESM.r
PMC6693258	py	13227_2019_130_MOESM2_ESM.py
PMC6693403	cpp	Beilstein_J_Org_Chem-15-1890-s003.cpp
PMC6693756	m	pone.0209451.s019.m
PMC6693756	m	pone.0209451.s020.m
PMC6693920	ipynb	elife-46080-fig2-code1.ipynb
PMC6693920	ipynb	elife-46080-fig5-code1.ipynb
PMC6695108	do	pone.0220963.s008.do
PMC6701077	py	13321_2019_382_MOESM3_ESM.py
PMC6701077	py	13321_2019_382_MOESM4_ESM.py
PMC6703166	r	NIHMS1534755-supplement-Supp_1.R
PMC6703166	r	NIHMS1534755-supplement-Supp_2.R
PMC6703166	r	NIHMS1534755-supplement-Supp_3.R
PMC6703871	m	aax3572_Matlab_code.m
PMC6705856	mat	pone.0220952.s001.mat
PMC6708235	r	13148_2019_730_MOESM1_ESM.r
PMC6708578	mat	peerj-07-7526-s006.mat
PMC6709423	mod	PSP4-8-606-s005.mod
PMC6711534	r	pone.0220683.s001.R
PMC6711534	r	pone.0220683.s002.R
PMC6711541	tex	pntd.0007211.s002.tex
PMC6711541	tex	pntd.0007211.s003.tex
PMC6711541	tex	pntd.0007211.s004.tex
PMC6711664	mat	elife-44098-code1.mat
PMC6711664	m	elife-44098-fig1-code1.m
PMC6711664	m	elife-44098-fig4-code1.m
PMC6711664	mat	elife-44098-fig5-code1.mat
PMC6711664	m	elife-44098-fig5-code2.m
PMC6711664	m	elife-44098-fig6-code1.m
PMC6711745	r	elife-43668-fig2-code1.r
PMC6711745	r	elife-43668-fig3-code1.r
PMC6711745	r	elife-43668-fig3-code2.r
PMC6711745	r	elife-43668-fig4-code1.r
PMC6711745	r	elife-43668-fig5-code1.r
PMC6711745	r	elife-43668-fig6-code1.r
PMC6711745	r	elife-43668-fig7-code1.r
PMC6711745	r	elife-43668-fig7-code2.r
PMC6712679	ss	peerj-07-7364-s001.ss
PMC6715166	r	pone.0221490.s014.R
PMC6716874	mat	13578_2019_334_MOESM2_ESM.mat
PMC6718153	r	peerj-07-7604-s005.r
PMC6718279	ps	CEI-198-83-s001.ps
PMC6719614	ps	supp_gad.328690.119_Supplemental_FigureS1.ps
PMC6719614	ps	supp_gad.328690.119_Supplemental_FigureS2.ps
PMC6719614	ps	supp_gad.328690.119_Supplemental_FigureS3.ps
PMC6719614	ps	supp_gad.328690.119_Supplemental_FigureS4.ps
PMC6726217	r	pone.0222122.s003.R
PMC6726226	ipynb	pone.0212898.s001.ipynb
PMC6726226	ipynb	pone.0212898.s003.ipynb
PMC6727838	r	peerj-07-7457-s009.r
PMC6728751	r	SaintHilary-Figures1-3.R
PMC6728751	r	SaintHilary-Simulations_2crit.R
PMC6728751	r	SaintHilary-Simulations_4crit.R
PMC6728751	r	SaintHilary_Telithromycin_ABS.R
PMC6728751	r	SaintHilary_Telithromycin_CAP.R
PMC6728956	svg	12915_2019_689_MOESM15_ESM.svg
PMC6728956	svg	12915_2019_689_MOESM16_ESM.svg
PMC6728956	svg	12915_2019_689_MOESM17_ESM.svg
PMC6729016	r	13063_2019_3577_MOESM1_ESM.r
PMC6731092	m	elife-49995-fig5-code1.m
PMC6731486	r	rsbl20190273supp5.r
PMC6731511	m	rsif20190247supp1.m
PMC6731511	m	rsif20190247supp2.m
PMC6731511	m	rsif20190247supp3.m
PMC6731511	mat	rsif20190247supp4.mat
PMC6731579	r	12859_2019_3035_MOESM2_ESM.r
PMC6731579	r	12859_2019_3035_MOESM6_ESM.r
PMC6733598	m	elife-47246-code1.m
PMC6733598	m	elife-47246-code2.m
PMC6734269	rmd	12859_2019_3059_MOESM2_ESM.rmd
PMC6737613	m	12938_2019_713_MOESM3_ESM.m
PMC6742418	py	pgen.1008344.s003.py
PMC6742443	svg	pgen.1008373.s006.svg
PMC6742939	r	CTS-12-519-s015.R
PMC6743773	nc	pone.0220415.s024.nc
PMC6743773	nc	pone.0220415.s025.nc
PMC6743773	nc	pone.0220415.s026.nc
PMC6745615	r	Supplemental_material2.R
PMC6745667	r	ECE3-9-9644-s001.R
PMC6746216	r	peerj-07-7534-s003.r
PMC6746358	py	pcbi.1007212.s001.py
PMC6746358	py	pcbi.1007212.s002.py
PMC6746358	py	pcbi.1007212.s003.py
PMC6748828	for	elife-47988-code1.for
PMC6750568	sps	pone.0222084.s005.sps
PMC6750614	r	pbio.3000437.s023.R
PMC6750614	r	pbio.3000437.s024.R
PMC6751616	r	12874_2019_826_MOESM10_ESM.r
PMC6752189	r	peerj-07-7719-s002.r
PMC6752190	rmd	peerj-07-7678-s002.rmd
PMC6752190	r	peerj-07-7678-s006.r
PMC6752865	r	pone.0222814.s011.R
PMC6753932	m	peerj-07-7593-s001.m
PMC6753932	m	peerj-07-7593-s006.m
PMC6754359	r	426_2018_1014_MOESM2_ESM.r
PMC6754359	r	426_2018_1014_MOESM4_ESM.r
PMC6754359	r	426_2018_1014_MOESM6_ESM.r
PMC6754725	r	peerj-07-7630-s002.r
PMC6754727	rmd	peerj-07-7701-s002.rmd
PMC6755597	m	13321_2018_308_MOESM5_ESM.m
PMC6759171	r	pone.0222321.s002.R
PMC6759316	r	elife-46202-code1.r
PMC6759357	mat	elife-47667-fig1-data1.mat
PMC6759357	mat	elife-47667-fig3-data1.mat
PMC6759357	mat	elife-47667-fig4-data1.mat
PMC6760806	kml	pone.0222936.s001.kml
PMC6760806	kml	pone.0222936.s002.kml
PMC6760806	kml	pone.0222936.s005.kml
PMC6762212	md	pcbi.1007284.s010.md
PMC6765378	r	peerj-07-7616-s003.r
PMC6766374	r	peerj-07-7647-s010.r
PMC6767151	r	JRSM-10-476-s002.R
PMC6768448	r	pone.0222695.s007.R
PMC6768707	do	ede-30-901-s001.do
PMC6768707	do	ede-30-901-s002.do
PMC6771611	r	SIM-38-3747-s002.R
PMC6771754	tex	HEC-28-1088-s002.tex
PMC6772032	r	pone.0223233.s001.r
PMC6774985	r	rsos190867supp1.r
PMC6776444	c	elife-46687-code1.c
PMC6777482	r	peerj-07-7833-s002.r
PMC6777795	nc	pone.0223412.s003.NC
PMC6778666	r	peerj-07-7783-s005.r
PMC6778666	r	peerj-07-7783-s006.r
PMC6778978	r	12976_2019_112_MOESM1_ESM.r
PMC6779115	r	peerj-07-7800-s003.r
PMC6779234	tex	pone.0223141.s003.tex
PMC6779234	tex	pone.0223141.s004.tex
PMC6779275	m	pcbi.1007374.s007.m
PMC6781132	r	41437_2019_247_MOESM5_ESM.r
PMC6783268	mat	elife-48114-fig1-data1.mat
PMC6783268	mat	elife-48114-fig3-data1.mat
PMC6783268	mat	elife-48114-fig4-data1.mat
PMC6783268	mat	elife-48114-fig5-data1.mat
PMC6783268	mat	elife-48114-fig6-data1.mat
PMC6783268	mat	elife-48114-fig7-data1.mat
PMC6783268	mat	elife-48114-fig8-data1.mat
PMC6784762	r	ede-30-813-s002.r
PMC6784918	rmd	pone.0222996.s027.Rmd
PMC6786253	r	peerj-07-7816-s008.r
PMC6786558	mat	pone.0223682.s002.mat
PMC6787861	r	ECE3-9-10225-s003.R
PMC6787861	r	ECE3-9-10225-s004.R
PMC6788446	r	peerj-07-7873-s001.r
PMC6788446	r	peerj-07-7873-s002.r
PMC6788446	r	peerj-07-7873-s003.r
PMC6788734	do	pone.0223196.s005.do
PMC6788734	do	pone.0223196.s006.do
PMC6791183	r	EVL3-3-462-s001.R
PMC6791183	r	EVL3-3-462-s002.R
PMC6791183	r	EVL3-3-462-s003.R
PMC6791343	r	peerj-07-7844-s002.r
PMC6791398	r	EVL3-3-534-s001.R
PMC6791717	r	elife-48689-code1.r
PMC6791717	rmd	elife-48689-code2.rmd
PMC6793843	do	pmed.1002934.s003.do
PMC6794075	mat	elife-47581-fig2-data1.mat
PMC6794075	mat	elife-47581-fig3-data1.mat
PMC6794075	mat	elife-47581-fig4-data1.mat
PMC6794075	mat	elife-47581-fig4-data2.mat
PMC6794075	mat	elife-47581-fig5-data1.mat
PMC6794075	mat	elife-47581-fig5-data2.mat
PMC6794075	mat	elife-47581-fig5-data3.mat
PMC6794087	r	elife-48429-code1.r
PMC6794087	r	elife-48429-code2.r
PMC6794089	r	elife-49388-code1.r
PMC6794330	kml	bdj-07-e39315-s001.kml
PMC6794330	kml	bdj-07-e39315-s002.kml
PMC6794330	kml	bdj-07-e39315-s003.kml
PMC6794330	kml	bdj-07-e39315-s004.kml
PMC6794330	kml	bdj-07-e39315-s005.kml
PMC6794330	kml	bdj-07-e39315-s006.kml
PMC6794330	kml	bdj-07-e39315-s007.kml
PMC6794330	kml	bdj-07-e39315-s008.kml
PMC6794330	kml	bdj-07-e39315-s009.kml
PMC6794330	kml	bdj-07-e39315-s010.kml
PMC6794330	kml	bdj-07-e39315-s011.kml
PMC6794330	kml	bdj-07-e39315-s012.kml
PMC6794330	kml	bdj-07-e39315-s013.kml
PMC6794330	kml	bdj-07-e39315-s014.kml
PMC6794330	kml	bdj-07-e39315-s015.kml
PMC6794330	kml	bdj-07-e39315-s016.kml
PMC6794330	kml	bdj-07-e39315-s017.kml
PMC6794330	kml	bdj-07-e39315-s018.kml
PMC6794330	kml	bdj-07-e39315-s019.kml
PMC6794330	kml	bdj-07-e39315-s020.kml
PMC6794330	kml	bdj-07-e39315-s021.kml
PMC6794330	kml	bdj-07-e39315-s022.kml
PMC6794330	kml	bdj-07-e39315-s023.kml
PMC6794330	kml	bdj-07-e39315-s024.kml
PMC6794330	kml	bdj-07-e39315-s025.kml
PMC6794330	kml	bdj-07-e39315-s026.kml
PMC6794330	kml	bdj-07-e39315-s027.kml
PMC6794330	kml	bdj-07-e39315-s028.kml
PMC6794330	kml	bdj-07-e39315-s029.kml
PMC6794330	kml	bdj-07-e39315-s030.kml
PMC6794330	kml	bdj-07-e39315-s031.kml
PMC6794330	kml	bdj-07-e39315-s032.kml
PMC6794330	kml	bdj-07-e39315-s033.kml
PMC6794330	kml	bdj-07-e39315-s034.kml
PMC6794330	kml	bdj-07-e39315-s035.kml
PMC6794330	kml	bdj-07-e39315-s036.kml
PMC6794330	kml	bdj-07-e39315-s037.kml
PMC6794330	kml	bdj-07-e39315-s038.kml
PMC6794330	kml	bdj-07-e39315-s039.kml
PMC6794330	kml	bdj-07-e39315-s040.kml
PMC6794330	kml	bdj-07-e39315-s041.kml
PMC6794330	kml	bdj-07-e39315-s042.kml
PMC6794749	do	41256_2019_121_MOESM1_ESM.do
PMC6794914	mat	12870_2019_2038_MOESM10_ESM.mat
PMC6794914	mat	12870_2019_2038_MOESM11_ESM.mat
PMC6794914	m	12870_2019_2038_MOESM12_ESM.m
PMC6794914	m	12870_2019_2038_MOESM13_ESM.m
PMC6794914	m	12870_2019_2038_MOESM14_ESM.m
PMC6795430	r	pone.0224120.s001.R
PMC6798369	mat	12984_2019_601_MOESM2_ESM.mat
PMC6798369	mat	12984_2019_601_MOESM3_ESM.mat
PMC6798869	r	peerj-07-7798-s003.r
PMC6802043	r	ECE3-9-11136-s002.R
PMC6802673	py	peerj-07-7840-s002.py
PMC6802673	py	peerj-07-7840-s003.py
PMC6802673	py	peerj-07-7840-s004.py
PMC6802673	py	peerj-07-7840-s005.py
PMC6802673	py	peerj-07-7840-s006.py
PMC6802673	py	peerj-07-7840-s007.py
PMC6802673	py	peerj-07-7840-s008.py
PMC6802673	py	peerj-07-7840-s009.py
PMC6802673	py	peerj-07-7840-s010.py
PMC6802851	do	pone.0223717.s004.do
PMC6805121	py	elife-44111-code1.py
PMC6805536	r	12874_2019_829_MOESM2_ESM.r
PMC6812336	m	mmc1.m
PMC6812336	m	mmc10.m
PMC6812336	m	mmc11.m
PMC6812336	r	mmc12.r
PMC6812336	r	mmc13.r
PMC6812336	r	mmc14.r
PMC6812336	r	mmc15.r
PMC6812336	r	mmc16.r
PMC6812336	r	mmc17.r
PMC6812336	r	mmc18.r
PMC6812336	r	mmc2.r
PMC6812336	m	mmc3.m
PMC6812336	r	mmc4.r
PMC6812336	m	mmc5.m
PMC6812336	m	mmc6.m
PMC6812336	m	mmc7.m
PMC6812336	m	mmc8.m
PMC6812336	m	mmc9.m
PMC6812689	kml	peerj-07-7886-s002.kml
PMC6812691	r	peerj-07-7863-s002.r
PMC6814234	do	pone.0215493.s018.do
PMC6814242	mat	pbio.3000498.s031.mat
PMC6814242	mat	pbio.3000498.s032.mat
PMC6814242	mat	pbio.3000498.s033.mat
PMC6814242	mat	pbio.3000498.s034.mat
PMC6814242	mat	pbio.3000498.s035.mat
PMC6814242	mat	pbio.3000498.s036.mat
PMC6814242	mat	pbio.3000498.s037.mat
PMC6814242	mat	pbio.3000498.s038.mat
PMC6814242	mat	pbio.3000498.s039.mat
PMC6814242	mat	pbio.3000498.s040.mat
PMC6816163	json	12859_2019_3096_MOESM2_ESM.json
PMC6816163	json	12859_2019_3096_MOESM3_ESM.json
PMC6816163	json	12859_2019_3096_MOESM4_ESM.json
PMC6816163	json	12859_2019_3096_MOESM5_ESM.json
PMC6816163	json	12859_2019_3096_MOESM8_ESM.json
PMC6816399	ipynb	peerj-07-7608-s005.ipynb
PMC6816399	ipynb	peerj-07-7608-s006.ipynb
PMC6816399	ipynb	peerj-07-7608-s007.ipynb
PMC6819550	sh	12864_2019_6182_MOESM5_ESM.sh
PMC6820328	r	11336_2019_9673_MOESM2_ESM.r
PMC6820328	r	11336_2019_9673_MOESM3_ESM.r
PMC6820328	r	11336_2019_9673_MOESM4_ESM.r
PMC6820328	r	11336_2019_9673_MOESM5_ESM.r
PMC6820328	r	11336_2019_9673_MOESM6_ESM.r
PMC6820449	r	11336_2019_9661_MOESM1_ESM.r
PMC6820449	c	11336_2019_9661_MOESM2_ESM.c
PMC6820481	stan	213_2019_5325_MOESM10_ESM.stan
PMC6820481	stan	213_2019_5325_MOESM11_ESM.stan
PMC6820481	stan	213_2019_5325_MOESM12_ESM.stan
PMC6820481	stan	213_2019_5325_MOESM13_ESM.stan
PMC6820481	stan	213_2019_5325_MOESM14_ESM.stan
PMC6820481	stan	213_2019_5325_MOESM15_ESM.stan
PMC6820481	py	213_2019_5325_MOESM16_ESM.py
PMC6820481	py	213_2019_5325_MOESM17_ESM.py
PMC6820481	py	213_2019_5325_MOESM18_ESM.py
PMC6820481	stan	213_2019_5325_MOESM19_ESM.stan
PMC6820481	r	213_2019_5325_MOESM1_ESM.r
PMC6820481	r	213_2019_5325_MOESM20_ESM.r
PMC6820481	r	213_2019_5325_MOESM21_ESM.r
PMC6820481	py	213_2019_5325_MOESM22_ESM.py
PMC6820481	r	213_2019_5325_MOESM23_ESM.r
PMC6820481	r	213_2019_5325_MOESM24_ESM.r
PMC6820481	r	213_2019_5325_MOESM25_ESM.r
PMC6820481	r	213_2019_5325_MOESM26_ESM.r
PMC6820481	r	213_2019_5325_MOESM27_ESM.r
PMC6820481	r	213_2019_5325_MOESM2_ESM.r
PMC6820481	stan	213_2019_5325_MOESM3_ESM.stan
PMC6820481	stan	213_2019_5325_MOESM4_ESM.stan
PMC6820481	py	213_2019_5325_MOESM5_ESM.py
PMC6820481	m	213_2019_5325_MOESM7_ESM.m
PMC6820481	stan	213_2019_5325_MOESM8_ESM.stan
PMC6820481	stan	213_2019_5325_MOESM9_ESM.stan
PMC6822052	r	ECE3-9-11752-s004.R
PMC6823959	ipynb	13059_2019_1836_MOESM2_ESM.ipynb
PMC6824332	nb	peerj-07-7921-s001.nb
PMC6824332	c	peerj-07-7921-s002.c
PMC6824463	ps	supp_gad.328682.119_SUPPLEMENTAL_328682_Fig1.ps
PMC6824463	ps	supp_gad.328682.119_SUPPLEMENTAL_328682_Fig2.ps
PMC6824463	ps	supp_gad.328682.119_SUPPLEMENTAL_328682_Fig3.ps
PMC6824463	ps	supp_gad.328682.119_SUPPLEMENTAL_328682_Fig4.ps
PMC6824463	ps	supp_gad.328682.119_SUPPLEMENTAL_328682_Fig5.ps
PMC6824463	ps	supp_gad.328682.119_SUPPLEMENTAL_328682_Fig6.ps
PMC6824463	ps	supp_gad.328682.119_SUPPLEMENTAL_328682_Fig7.ps
PMC6825409	r	peerj-07-7969-s002.r
PMC6825409	r	peerj-07-7969-s003.r
PMC6825409	r	peerj-07-7969-s004.r
PMC6825409	r	peerj-07-7969-s005.r
PMC6825409	r	peerj-07-7969-s006.r
PMC6825409	r	peerj-07-7969-s007.r
PMC6827457	r	peerj-07-8021-s001.r
PMC6827457	pl	peerj-07-8021-s002.pl
PMC6830742	rmd	pone.0224360.s009.Rmd
PMC6832179	r	rsbl20190485supp4.r
PMC6832189	r	rsbl20190642supp3.r
PMC6837195	m	rsos190769supp10.m
PMC6837195	mat	rsos190769supp11.mat
PMC6837195	m	rsos190769supp12.m
PMC6837195	mat	rsos190769supp14.mat
PMC6837195	m	rsos190769supp15.m
PMC6837195	m	rsos190769supp17.m
PMC6837195	m	rsos190769supp19.m
PMC6837195	mat	rsos190769supp2.mat
PMC6837195	m	rsos190769supp21.m
PMC6837195	m	rsos190769supp22.m
PMC6837195	m	rsos190769supp23.m
PMC6837195	m	rsos190769supp24.m
PMC6837195	m	rsos190769supp3.m
PMC6837195	mat	rsos190769supp6.mat
PMC6837195	m	rsos190769supp8.m
PMC6837195	mat	rsos190769supp9.mat
PMC6837230	m	rsos190570supp4.m
PMC6837230	m	rsos190570supp5.m
PMC6837230	r	rsos190570supp6.r
PMC6837312	tex	pone.0224598.s002.tex
PMC6837442	py	pone.0224365.s001.py
PMC6837491	mat	pone.0218908.s001.mat
PMC6837580	cpp	pntd.0007838.s002.cpp
PMC6838083	r	41598_2019_52217_MOESM2_ESM.r
PMC6842294	r	peerj-07-8011-s001.r
PMC6843612	r	BC_Analysis_online_supp.R
PMC6844646	mat	elife-47021-fig1-data1.mat
PMC6844646	mat	elife-47021-fig1-figsupp1-data1.mat
PMC6844646	mat	elife-47021-fig1-figsupp2-data1.mat
PMC6844646	mat	elife-47021-fig2-data1.mat
PMC6844646	mat	elife-47021-fig2-figsupp1-data1.mat
PMC6844646	mat	elife-47021-fig2-figsupp4-data1.mat
PMC6844646	mat	elife-47021-fig3-data1.mat
PMC6844646	mat	elife-47021-fig3-figsupp1-data1.mat
PMC6844646	mat	elife-47021-fig4-data1.mat
PMC6844646	mat	elife-47021-fig4-figsupp1-data1.mat
PMC6844646	mat	elife-47021-fig5-data1.mat
PMC6844646	mat	elife-47021-fig6-data1.mat
PMC6844646	mat	elife-47021-fig7-data1.mat
PMC6849229	svg	12916_2019_1427_MOESM12_ESM.svg
PMC6849852	r	GCB-23-177-s002.R
PMC6850766	r	elife-43476-code1.r
PMC6855434	r	pone.0225102.s003.R
PMC6855565	tab	pcbi.1007419.s011.tab
PMC6855565	tab	pcbi.1007419.s012.tab
PMC6858399	kml	bdj-07-e39342-s001.kml
PMC6858399	kml	bdj-07-e39342-s002.kml
PMC6858399	kml	bdj-07-e39342-s003.kml
PMC6858399	kml	bdj-07-e39342-s004.kml
PMC6858399	kml	bdj-07-e39342-s005.kml
PMC6858399	kml	bdj-07-e39342-s006.kml
PMC6858399	kml	bdj-07-e39342-s007.kml
PMC6858399	kml	bdj-07-e39342-s008.kml
PMC6858399	kml	bdj-07-e39342-s009.kml
PMC6858399	kml	bdj-07-e39342-s010.kml
PMC6858399	kml	bdj-07-e39342-s011.kml
PMC6858399	kml	bdj-07-e39342-s012.kml
PMC6858399	kml	bdj-07-e39342-s013.kml
PMC6858399	kml	bdj-07-e39342-s014.kml
PMC6858399	kml	bdj-07-e39342-s015.kml
PMC6858399	kml	bdj-07-e39342-s016.kml
PMC6858399	kml	bdj-07-e39342-s017.kml
PMC6858399	kml	bdj-07-e39342-s018.kml
PMC6858399	kml	bdj-07-e39342-s019.kml
PMC6858399	kml	bdj-07-e39342-s020.kml
PMC6858399	kml	bdj-07-e39342-s021.kml
PMC6858814	r	peerj-07-8048-s002.r
PMC6858983	r	peerj-07-7976-s007.r
PMC6859227	kml	mmc3.kml
PMC6859636	cpp	13007_2019_518_MOESM2_ESM.cpp
PMC6861290	rmd	41598_2019_53342_MOESM2_ESM.rmd
PMC6863140	asc	peerj-07-7920-s002.asc
PMC6871885	tex	pone.0224946.s001.tex
PMC6871885	tex	pone.0224946.s002.tex
PMC6871885	tex	pone.0224946.s003.tex
PMC6872141	r	pone.0225376.s001.R
PMC6872172	pl	pcbi.1007426.s001.pl
PMC6872172	r	pcbi.1007426.s002.r
PMC6874416	org	elife-49115-code1.org
PMC6875004	svg	9416262.f1.svg
PMC6878676	py	12891_2019_2854_MOESM1_ESM.py
PMC6878676	py	12891_2019_2854_MOESM2_ESM.py
PMC6878676	py	12891_2019_2854_MOESM3_ESM.py
PMC6878676	py	12891_2019_2854_MOESM4_ESM.py
PMC6878676	py	12891_2019_2854_MOESM5_ESM.py
PMC6878676	py	12891_2019_2854_MOESM6_ESM.py
PMC6878676	py	12891_2019_2854_MOESM7_ESM.py
PMC6878676	py	12891_2019_2854_MOESM8_ESM.py
PMC6879119	r	pmed.1002973.s002.R
PMC6880443	r	12874_2019_845_MOESM1_ESM.r
PMC6880454	do	40621_2019_225_MOESM2_ESM.do
PMC6880968	r	pone.0224734.s003.R
PMC6882790	mat	41467_2019_13472_MOESM4_ESM.mat
PMC6882790	mat	41467_2019_13472_MOESM5_ESM.mat
PMC6883297	m	mmc1.m
PMC6883406	cps	13062_2018_227_MOESM5_ESM.cps
PMC6883406	cps	13062_2018_227_MOESM7_ESM.cps
PMC6884988	pl	peerj-07-8106-s003.pl
PMC6889214	r	12859_2019_3234_MOESM2_ESM.r
PMC6889633	m	13063_2019_3724_MOESM1_ESM.m
PMC6889633	do	13063_2019_3724_MOESM2_ESM.do
PMC6889633	ado	13063_2019_3724_MOESM3_ESM.ado
PMC6889633	ado	13063_2019_3724_MOESM4_ESM.ado
PMC6889649	rmd	12967_2019_2126_MOESM2_ESM.rmd
PMC6890463	m	elife-50143-code1.m
PMC6890463	m	elife-50143-code2.m
PMC6890463	m	elife-50143-code3.m
PMC6892499	r	pone.0225844.s002.R
PMC6892499	r	pone.0225844.s003.R
PMC6892550	m	pone.0225439.s001.m
PMC6892611	m	elife-50855-fig1-code1.m
PMC6892611	mat	elife-50855-fig1-data1.mat
PMC6892611	m	elife-50855-fig2-code1.m
PMC6892611	mat	elife-50855-fig2-data1.mat
PMC6892611	m	elife-50855-fig3-code1.m
PMC6892611	mat	elife-50855-fig3-data1.mat
PMC6892611	m	elife-50855-fig3-figsupp1-code1.m
PMC6892611	mat	elife-50855-fig3-figsupp1-data1.mat
PMC6892611	m	elife-50855-fig4-code1.m
PMC6892611	mat	elife-50855-fig4-data1.mat
PMC6892611	mat	elife-50855-fig4-data2.mat
PMC6892611	mat	elife-50855-fig4-data3.mat
PMC6894560	r	rsos190666supp3.r
PMC6894560	r	rsos190666supp4.r
PMC6894833	sas	pone.0223515.s001.sas
PMC6894871	nb	pone.0225689.s002.nb
PMC6894871	nb	pone.0225689.s003.nb
PMC6894872	tex	pone.0225715.s002.tex
PMC6894873	ipynb	pone.0225734.s003.ipynb
PMC6894873	ipynb	pone.0225734.s004.ipynb
PMC6894873	ipynb	pone.0225734.s005.ipynb
PMC6894873	ipynb	pone.0225734.s006.ipynb
PMC6894873	ipynb	pone.0225734.s007.ipynb
PMC6894873	ipynb	pone.0225734.s008.ipynb
PMC6894930	m	elife-50566-code1.m
PMC6896291	r	13321_2019_399_MOESM1_ESM.r
PMC6896291	r	13321_2019_399_MOESM2_ESM.r
PMC6896291	r	13321_2019_399_MOESM3_ESM.r
PMC6896291	r	13321_2019_399_MOESM4_ESM.r
PMC6899955	7	CMI-21-na-s009.7
PMC6899997	nb	ELE-22-1994-s004.nb
PMC6900006	rmd	MEC-28-4987-s002.Rmd
PMC6900527	r	pnas.1821387116.sd04.r
PMC6905489	ipynb	elife-49305-fig1-code1.ipynb
PMC6905489	ipynb	elife-49305-fig1-code2.ipynb
PMC6905489	ipynb	elife-49305-fig1-code3.ipynb
PMC6905489	ipynb	elife-49305-fig3-code1.ipynb
PMC6905489	ipynb	elife-49305-fig4-code1.ipynb
PMC6905489	ipynb	elife-49305-fig6-code1.ipynb
PMC6905489	ipynb	elife-49305-fig6-code2.ipynb
PMC6905489	ipynb	elife-49305-fig6-code3.ipynb
PMC6905489	ipynb	elife-49305-fig6-code4.ipynb
PMC6905489	ipynb	elife-49305-fig6-code5.ipynb
PMC6907142	r	13229_2019_290_MOESM3_ESM.r
PMC6907202	sh	12864_2019_6211_MOESM6_ESM.sh
PMC6907796	r	pone.0225216.s013.R
PMC6908740	rmd	PHY2-7-e14309-s003.Rmd
PMC6910117	r	peerj-07-8100-s012.r
PMC6910117	r	peerj-07-8100-s014.r
PMC6910688	py	pone.0220220.s004.py
PMC6916222	r	12859_2019_3309_MOESM6_ESM.r
PMC6916420	r	SIM-39-192-s001.R
PMC6919420	py	JGRD-124-11580-s002.py
PMC6919420	py	JGRD-124-11580-s005.py
PMC6919420	py	JGRD-124-11580-s008.py
PMC6919578	r	pone.0225817.s002.R
PMC6919618	r	pone.0226638.s004.R
PMC6919978	m	elife-48373-code1.m
PMC6919978	m	elife-48373-code2.m
PMC6919978	m	elife-48373-code3.m
PMC6922351	r	pone.0226747.s001.R
PMC6923921	sas	13029_2019_76_MOESM1_ESM.sas
PMC6925843	dot	12884_2019_2661_MOESM1_ESM.dot
PMC6927340	r	peerj-07-8299-s012.r
PMC6927354	m	peerj-07-8222-s002.m
PMC6927354	m	peerj-07-8222-s003.m
PMC6927603	mat	pone.0226768.s003.mat
PMC6927603	mat	pone.0226768.s005.mat
PMC6927603	mat	pone.0226768.s007.mat
PMC6927603	mat	pone.0226768.s009.mat
PMC6927603	mat	pone.0226768.s011.mat
PMC6927603	mat	pone.0226768.s013.mat
PMC6927603	mat	pone.0226768.s015.mat
PMC6927612	r	pone.0226191.s006.R
PMC6929458	r	12864_2019_6297_MOESM2_ESM.r
PMC6932762	r	pbio.3000559.s015.R
PMC6932814	rmd	pone.0226408.s002.Rmd
PMC6933673	tab	12859_2019_3212_MOESM1_ESM.tab
PMC6933673	tab	12859_2019_3212_MOESM2_ESM.tab
PMC6934287	r	pone.0226949.s001.R
PMC6934287	r	pone.0226949.s004.R
PMC6934324	r	pcbi.1007492.s001.R
PMC6935186	dot	12199_2019_829_MOESM1_ESM.dot
PMC6935186	mat	12199_2019_829_MOESM2_ESM.mat
PMC6935186	mat	12199_2019_829_MOESM3_ESM.mat
PMC6936247	r	ECE3-9-13267-s005.R
PMC6936247	xhtml	ECE3-9-13267-s006.xhtml
PMC6936247	xhtml	ECE3-9-13267-s007.xhtml
PMC6936275	m	rsos191608supp1.m
PMC6936275	m	rsos191608supp2.m
PMC6936275	mat	rsos191608supp3.mat
PMC6936275	mat	rsos191608supp4.mat
PMC6936275	mat	rsos191608supp5.mat
PMC6936275	mat	rsos191608supp6.mat
PMC6936275	mat	rsos191608supp7.mat
PMC6936275	mat	rsos191608supp8.mat
PMC6936846	mat	pone.0227207.s002.mat
PMC6936881	r	pone.0226970.s003.R
PMC6937713	sh	13100_2019_197_MOESM1_ESM.sh
PMC6937837	r	40462_2019_188_MOESM2_ESM.r
PMC6939943	r	pone.0226754.s003.R
PMC6939943	r	pone.0226754.s004.R
PMC6939943	r	pone.0226754.s005.R
PMC6939943	r	pone.0226754.s006.R
PMC6941395	r	13011_2019_249_MOESM1_ESM.r
PMC6941893	m	elife-53086-code1.m
PMC6941893	mat	elife-53086-fig2-data1.mat
PMC6941893	mat	elife-53086-fig3-data1.mat
PMC6941893	mat	elife-53086-fig5-data1.mat
PMC6941893	mat	elife-53086-fig6-data1.mat
PMC6941894	r	elife-53535-code1.r
PMC6941894	r	elife-53535-code2.r
PMC6941894	r	elife-53535-code3.r
PMC6942053	ps	supp_gad.328336.119_Supplemental_Figure_1.ps
PMC6942053	ps	supp_gad.328336.119_Supplemental_Figure_10.ps
PMC6942053	ps	supp_gad.328336.119_Supplemental_Figure_2.ps
PMC6942053	ps	supp_gad.328336.119_Supplemental_Figure_3.ps
PMC6942053	ps	supp_gad.328336.119_Supplemental_Figure_4.ps
PMC6942053	ps	supp_gad.328336.119_Supplemental_Figure_5.ps
PMC6942053	ps	supp_gad.328336.119_Supplemental_Figure_6.ps
PMC6942053	ps	supp_gad.328336.119_Supplemental_Figure_7.ps
PMC6942053	ps	supp_gad.328336.119_Supplemental_Figure_8.ps
PMC6942053	ps	supp_gad.328336.119_Supplemental_Figure_9.ps
PMC6942360	r	12898_2019_273_MOESM3_ESM.r
PMC6942684	r	peerj-08-8263-s001.r
PMC6944128	r	peerj-08-8312-s002.r
PMC6944128	r	peerj-08-8312-s008.r
PMC6944674	mat	11095_2019_2726_MOESM3_ESM.mat
PMC6944674	mat	11095_2019_2726_MOESM4_ESM.mat
PMC6944674	mat	11095_2019_2726_MOESM5_ESM.mat
PMC6946399	rmd	elife-49555-code3.rmd
PMC6946399	rmd	elife-49555-fig1-code1.rmd
PMC6946399	rmd	elife-49555-fig1-figsupp1-code1.rmd
PMC6946399	rmd	elife-49555-fig1-figsupp2-code1.rmd
PMC6946399	rmd	elife-49555-fig1-figsupp3-code1.rmd
PMC6946399	rmd	elife-49555-fig1-figsupp4-code1.rmd
PMC6946399	rmd	elife-49555-fig1-figsupp5-code1.rmd
PMC6946399	rmd	elife-49555-fig1-figsupp6-code1.rmd
PMC6946399	rmd	elife-49555-fig2-code1.rmd
PMC6946399	rmd	elife-49555-fig3-code1.rmd
PMC6946399	rmd	elife-49555-table1-code1.rmd
PMC6946529	cps	pcbi.1007539.s004.cps
PMC6946529	m	pcbi.1007539.s005.m
PMC6949111	do	pone.0227511.s002.do
PMC6953789	nb	pone.0227420.s002.nb
PMC6953842	r	pone.0227139.s002.r
PMC6954008	r	213_2019_5336_MOESM2_ESM.r
PMC6954008	rmd	213_2019_5336_MOESM3_ESM.rmd
PMC6954010	r	13253_2017_315_MOESM2_ESM.r
PMC6954146	svg	11306_2019_1632_MOESM3_ESM.svg
PMC6955109	r	peerj-08-8338-s003.r
PMC6957221	r	aaw9011_R_Code_numerical_simulations_Fig._2B.R
PMC6959614	mat	pone.0227372.s001.mat
PMC6959614	mat	pone.0227372.s002.mat
PMC6959614	mat	pone.0227372.s003.mat
PMC6959614	mat	pone.0227372.s004.mat
PMC6959614	mat	pone.0227372.s005.mat
PMC6959614	mat	pone.0227372.s006.mat
PMC6959614	mat	pone.0227372.s007.mat
PMC6959614	mat	pone.0227372.s008.mat
PMC6961979	py	elife-51605-fig2-code1.py
PMC6964824	ipynb	pone.0227180.s004.ipynb
PMC6964825	r	pntd.0007805.s004.R
PMC6964825	r	pntd.0007805.s005.R
PMC6964825	sas	pntd.0007805.s006.sas
PMC6968929	m	elife-51381-fig7-code1.m
PMC6969070	tex	41467_2019_14203_MOESM4_ESM.tex
PMC6969550	r	peerj-08-8310-s001.r
PMC6969550	r	peerj-08-8310-s002.r
PMC6969550	r	peerj-08-8310-s003.r
PMC6970541	r	peerj-08-8383-s008.r
PMC6970541	r	peerj-08-8383-s009.r
PMC6970541	r	peerj-08-8383-s010.r
PMC6970541	r	peerj-08-8383-s011.r
PMC6970541	r	peerj-08-8383-s012.r
PMC6970541	r	peerj-08-8383-s013.r
PMC6970541	r	peerj-08-8383-s014.r
PMC6970550	r	peerj-08-8390-s001.r
PMC6970550	r	peerj-08-8390-s002.r
PMC6970550	r	peerj-08-8390-s003.r
PMC6970550	r	peerj-08-8390-s004.r
PMC6974359	m	elife-52058-fig3-figsupp4-code1.m
PMC6977971	mat	elife-51101-fig1-data1.mat
PMC6977971	mat	elife-51101-fig1-data2.mat
PMC6977971	mat	elife-51101-fig2-data1.mat
PMC6977971	mat	elife-51101-fig3-data1.mat
PMC6977971	mat	elife-51101-fig4-data1.mat
PMC6977971	mat	elife-51101-fig6-data1.mat
PMC6977971	mat	elife-51101-fig7-data1.mat
PMC6977972	m	elife-52355-code1.m
PMC6977972	m	elife-52355-code2.m
PMC6977972	m	elife-52355-code3.m
PMC6977972	mat	elife-52355-data1.mat
PMC6980529	r	pone.0228206.s005.R
PMC6980833	r	pone.0225805.s005.R
PMC6981107	r	10071_2019_1328_MOESM5_ESM.r
PMC6982416	r	peerj-08-8283-s005.r
PMC6983298	r	peerj-08-8226-s013.r
PMC6983298	r	peerj-08-8226-s014.r
PMC6984707	nb	pone.0225353.s005.nb
PMC6984707	nb	pone.0225353.s006.nb
PMC6984707	ipynb	pone.0225353.s007.ipynb
PMC6986702	do	pone.0227025.s003.do
PMC6987162	r	41598_2020_57976_MOESM1_ESM.r
PMC6988916	r	pone.0226830.s003.R
PMC6989122	m	elife-51921-code1.m
PMC6989122	m	elife-51921-code2.m
PMC6989122	mat	elife-51921-fig1-figsupp2-data1.mat
PMC6989122	mat	elife-51921-fig1-figsupp3-data1.mat
PMC6989122	mat	elife-51921-fig1-figsupp4-data1.mat
PMC6989122	mat	elife-51921-fig1-figsupp6-data1.mat
PMC6989122	mat	elife-51921-fig2-figsupp2-data1.mat
PMC6989122	mat	elife-51921-fig2-figsupp3-data1.mat
PMC6989122	mat	elife-51921-fig2-figsupp6-data1.mat
PMC6989561	sh	41598_2020_58319_MOESM3_ESM.sh
PMC6989561	sh	41598_2020_58319_MOESM4_ESM.sh
PMC6990588	mat	13104_2020_4916_MOESM4_ESM.mat
PMC6992007	r	pone.0227810.s045.R
PMC6992692	kml	bdj-08-e47110-s001.kml
PMC6993406	r	12859_2020_3364_MOESM2_ESM.r
PMC6994193	r	pone.0227675.s004.R
PMC6995188	r	12885_2020_6525_MOESM2_ESM.r
PMC6996518	ps	supp_mcs.a004812_Supplemental_Figure_1.ps
PMC6996808	r	pone.0227767.s001.R
PMC6998097	py	12916_2019_1487_MOESM10_ESM.py
PMC6998097	py	12916_2019_1487_MOESM8_ESM.py
PMC6998350	svg	13569_2020_125_MOESM1_ESM.svg
PMC6998350	svg	13569_2020_125_MOESM2_ESM.svg
PMC6999864	r	pone.0221737.s002.R
PMC7000216	py	elife-48764-code1.py
PMC7000216	py	elife-48764-code2.py
PMC7000216	py	elife-48764-code3.py
PMC7000744	r	41598_2020_58886_MOESM10_ESM.r
PMC7000915	ps	supp_gad.330464.119_Supplemental_FigS1.ps
PMC7000915	ps	supp_gad.330464.119_Supplemental_FigS2.ps
PMC7000915	ps	supp_gad.330464.119_Supplemental_FigS3.ps
PMC7000915	ps	supp_gad.330464.119_Supplemental_FigS4.ps
PMC7002507	r	41598_2020_58590_MOESM7_ESM.r
PMC7003689	r	peerj-08-8341-s001.r
PMC7003696	r	peerj-08-8456-s001.r
PMC7003696	r	peerj-08-8456-s002.r
PMC7003696	r	peerj-08-8456-s005.r
PMC7004374	nb	pone.0229010.s001.nb
PMC7005149	py	41598_2020_58817_MOESM3_ESM.py
PMC7006409	cpp	13321_2020_415_MOESM1_ESM.cpp
PMC7008815	sps	peerj-08-8439-s002.sps
PMC7008921	r	EFS2-17-e05851-s002.R
PMC7010298	r	pgen.1008537.s040.R
PMC7010298	r	pgen.1008537.s041.R
PMC7010298	r	pgen.1008537.s042.R
PMC7010298	r	pgen.1008537.s043.R
PMC7010298	r	pgen.1008537.s044.R
PMC7010298	r	pgen.1008537.s045.R
PMC7010406	mat	elife-53038-fig2-data1.mat
PMC7010406	mat	elife-53038-fig3-data1.mat
PMC7010406	mat	elife-53038-fig4-data1.mat
PMC7010406	mat	elife-53038-fig4-figsupp1-data1.mat
PMC7010406	mat	elife-53038-fig4-figsupp2-data1.mat
PMC7012427	r	pone.0228842.s001.R
PMC7012597	do	elife-51168-code1.do
PMC7012604	mat	elife-43560-fig1-data2.mat
PMC7012604	mat	elife-43560-fig3-data2.mat
PMC7012604	mat	elife-43560-fig3-data3.mat
PMC7012604	mat	elife-43560-fig3-data4.mat
PMC7012604	mat	elife-43560-fig4-data1.mat
PMC7012604	mat	elife-43560-fig6-data1.mat
PMC7014799	nb	rsif20190580supp3.nb
PMC7014799	mat	rsif20190580supp4.mat
PMC7015417	mat	pone.0228536.s002.mat
PMC7015680	r	aaw8863_Data_file_S1.R
PMC7017801	r	peerj-08-8480-s002.r
PMC7017801	r	peerj-08-8480-s004.r
PMC7017801	r	peerj-08-8480-s006.r
PMC7017801	r	peerj-08-8480-s008.r
PMC7017801	r	peerj-08-8480-s010.r
PMC7018510	r	elife-52024-code1.r
PMC7020812	r	peerj-08-8421-s005.r
PMC7020819	r	peerj-08-8502-s001.r
PMC7020824	r	peerj-08-8380-s001.r
PMC7020825	rmd	peerj-08-8302-s002.rmd
PMC7023781	py	13100_2020_205_MOESM6_ESM.py
PMC7024554	svg	40168_2019_780_MOESM9_ESM.svg
PMC7024571	r	peerj-08-8369-s002.r
PMC7027206	r	12916_2020_1500_MOESM2_ESM.r
PMC7028087	r	COBI-34-148-s001.R
PMC7029771	cps	BPH-176-4731-s002.cps
PMC7029771	cps	BPH-176-4731-s003.cps
PMC7029885	nb	rsos191187supp12.nb
PMC7029885	nb	rsos191187supp13.nb
PMC7029885	nb	rsos191187supp14.nb
PMC7029885	nb	rsos191187supp15.nb
PMC7029885	nb	rsos191187supp16.nb
PMC7029885	nb	rsos191187supp17.nb
PMC7029885	py	rsos191187supp18.py
PMC7029885	py	rsos191187supp19.py
PMC7029885	py	rsos191187supp2.py
PMC7029885	py	rsos191187supp30.py
PMC7029885	py	rsos191187supp31.py
PMC7029885	py	rsos191187supp32.py
PMC7029885	py	rsos191187supp33.py
PMC7029885	py	rsos191187supp34.py
PMC7029897	r	rsos191020supp2.r
PMC7030935	r	aaz1626_Data_file_S1.R
PMC7034382	r	peerj-08-8611-s007.r
PMC7034805	r	pone.0228812.s001.R
PMC7034891	r	pone.0229180.s008.R
PMC7036272	r	peerj-08-8574-s002.r
PMC7039465	rmd	pone.0229687.s002.Rmd
PMC7041878	py	pone.0228161.s024.py
PMC7041943	r	elife-50243-code1.r
PMC7043892	m	elife-45047-code1.m
PMC7043931	r	pone.0229531.s003.R
PMC7046287	sps	pone.0229661.s005.sps
PMC7046468	r	elife-51739-fig2-code1.r
PMC7046468	r	elife-51739-fig2-code2.r
PMC7046468	r	elife-51739-fig2-figsupp1-code1.r
PMC7046468	r	elife-51739-fig3-code1.r
PMC7046468	r	elife-51739-fig3-code2.r
PMC7047869	ipynb	peerj-08-8583-s001.ipynb
PMC7050514	rmd	RCM-34-e8615-s003.Rmd
PMC7051847	r	MPR-29-e1810-s003.R
PMC7051960	r	41598_2020_60733_MOESM6_ESM.r
PMC7054001	sh	elife-52690-code1.shift.sh
PMC7054001	sh	elife-52690-code2.alignment.sh
PMC7054001	r	elife-52690-code3.loom.r
PMC7055956	nb	pcbi.1007626.s005.nb
PMC7057663	r	12942_2020_200_MOESM2_ESM.r
PMC7058385	m	elife-52014-code1.m
PMC7058385	m	elife-52014-code2.m
PMC7058385	m	elife-52014-code3.m
PMC7058385	m	elife-52014-code4.m
PMC7058385	m	elife-52014-code5.m
PMC7058385	m	elife-52014-code6.m
PMC7058958	r	rsbl20190912supp2.r
PMC7059906	r	pone.0228073.s003.R
PMC7059967	nb	pcbi.1007642.s002.nb
PMC7059967	nb	pcbi.1007642.s003.nb
PMC7060051	mat	elife-50962-fig1-data1.mat
PMC7060051	mat	elife-50962-fig2-data1.mat
PMC7060051	mat	elife-50962-fig3-data1.mat
PMC7060051	mat	elife-50962-fig4-data1.mat
PMC7060051	mat	elife-50962-fig5-data1.mat
PMC7060051	mat	elife-50962-fig6-data1.mat
PMC7060051	mat	elife-50962-fig6-figsupp1-data1.mat
PMC7060051	mat	elife-50962-fig6-figsupp2-data1.mat
PMC7060051	mat	elife-50962-fig6-figsupp3-data1.mat
PMC7060051	mat	elife-50962-fig7-data1.mat
PMC7060051	mat	elife-50962-fig7-figsupp1-data1.mat
PMC7060051	mat	elife-50962-fig8-data1.mat
PMC7060051	mat	elife-50962-fig9-data1.mat
PMC7060627	f90	12859_2020_3417_MOESM2_ESM.f90
PMC7060753	rmd	peerj-08-8451-s001.rmd
PMC7060903	r	peerj-08-8677-s002.r
PMC7062001	cls	rsta20190195supp1.cls
PMC7062001	tex	rsta20190195supp2.tex
PMC7062066	r	rsos191808supp2.R
PMC7062075	r	rsos191480supp9.R
PMC7064198	tex	pone.0229217.s005.tex
PMC7064219	dot	pone.0229563.s001.dot
PMC7065534	kml	aay1641_Data_S1.kml
PMC7065742	r	pone.0228332.s004.R
PMC7065751	py	pone.0229615.s003.py
PMC7065751	py	pone.0229615.s004.py
PMC7065812	mat	pcbi.1007632.s001.mat
PMC7065815	py	pone.0230241.s006.py
PMC7067397	m	pone.0230145.s001.m
PMC7067397	m	pone.0230145.s002.m
PMC7067397	m	pone.0230145.s003.m
PMC7067477	py	pone.0226702.s002.py
PMC7067487	r	pone.0230266.s014.R
PMC7069405	r	peerj-08-8734-s001.r
PMC7069405	r	peerj-08-8734-s003.r
PMC7069725	m	elife-53901-fig5-figsupp1-code1.m
PMC7071820	r	peerj-08-8767-s001.r
PMC7075367	r	peerj-08-8654-s002.r
PMC7075367	r	peerj-08-8654-s003.r
PMC7075691	m	elife-50345-code1.m
PMC7077154	tab	40168_2020_823_MOESM3_ESM.tab
PMC7078971	r	GCB-26-1400-s003.R
PMC7080407	mat	elife-51144-fig1-data1.mat
PMC7080407	m	elife-51144-fig5-code1.m
PMC7080407	mat	elife-51144-fig6-data1.mat
PMC7080407	mat	elife-51144-fig7-data1.mat
PMC7081782	r	peerj-08-8812-s001.r
PMC7083313	ipynb	pone.0230233.s007.ipynb
PMC7083313	ipynb	pone.0230233.s009.ipynb
PMC7085288	r	peerj-08-8766-s003.r
PMC7085895	sh	peerj-08-8801-s005.sh
PMC7085895	r	peerj-08-8801-s006.r
PMC7089645	tex	11222_2016_9671_MOESM1_ESM.tex
PMC7089758	mat	elife-43140-fig1-data1.mat
PMC7089758	mat	elife-43140-fig1-data2.mat
PMC7089758	mat	elife-43140-fig2-data1.mat
PMC7089758	mat	elife-43140-fig2-data2.mat
PMC7089758	mat	elife-43140-fig3-data1.mat
PMC7089758	mat	elife-43140-fig3-data2.mat
PMC7089758	mat	elife-43140-fig4-data1.mat
PMC7089758	mat	elife-43140-fig5-data1.mat
PMC7089758	mat	elife-43140-fig5-figsupp2-data1.mat
PMC7089758	mat	elife-43140-fig5-figsupp4-data1.mat
PMC7089758	mat	elife-43140-fig6-data1.mat
PMC7089769	mat	elife-50927-data1.mat
PMC7089769	mat	elife-50927-data2.mat
PMC7089769	mat	elife-50927-data3.mat
PMC7089769	mat	elife-50927-data4.mat
PMC7094823	tex	pcbi.1007717.s001.tex
PMC7094823	tex	pcbi.1007717.s002.tex
PMC7094823	tex	pcbi.1007717.s006.tex
PMC7094823	tex	pcbi.1007717.s007.tex
PMC7094823	tex	pcbi.1007717.s008.tex
PMC7094823	tex	pcbi.1007717.s009.tex
PMC7094823	tex	pcbi.1007717.s010.tex
PMC7096180	r	elife-51295-fig6-code1.r
PMC7096181	mat	elife-51956-fig3-data1.mat
PMC7096181	mat	elife-51956-fig3-data2.mat
PMC7096181	mat	elife-51956-fig3-figsupp5-data1.mat
PMC7096181	mat	elife-51956-fig3-figsupp5-data2.mat
PMC7096182	mat	elife-51972-fig2-data1.mat
PMC7096182	mat	elife-51972-fig2-data2.mat
PMC7096182	mat	elife-51972-fig3-data1.mat
PMC7096182	mat	elife-51972-fig5-data1.mat
PMC7096182	mat	elife-51972-fig7-data1.mat
PMC7096182	mat	elife-51972-fig7-data2.mat
PMC7096182	mat	elife-51972-fig7-data3.mat
PMC7096182	mat	elife-51972-fig7-data4.mat
PMC7096182	mat	elife-51972-fig7-data5.mat
PMC7096182	mat	elife-51972-fig7-data6.mat
PMC7098629	r	pcbi.1007654.s002.R
PMC7101234	py	elife-50988-code1.py
PMC7101234	py	elife-50988-code2.py
PMC7102449	m	13068_2020_1695_MOESM2_ESM.m
PMC7102449	m	13068_2020_1695_MOESM3_ESM.m
PMC7102499	r	peerj-08-8836-s009.r
PMC7104717	r	peerj-08-8746-s001.r
PMC7106596	py	13321_2020_417_MOESM5_ESM.py
PMC7108713	do	pmed.1003093.s013.do
PMC7108715	do	pone.0229286.s001.do
PMC7108715	do	pone.0229286.s002.do
PMC7108715	do	pone.0229286.s003.do
PMC7108863	mat	elife-52380-code1.mat
PMC7110687	m	13007_2020_587_MOESM3_ESM.m
PMC7112161	r	pone.0230724.s001.R
PMC7117910	py	elife-53807-code1.py
PMC7117910	py	elife-53807-code2.py
PMC7117910	py	elife-53807-code3.py
PMC7119163	java	12859_2020_3415_MOESM14_ESM.java
PMC7122721	m	pone.0230790.s001.m
PMC7130111	r	peerj-08-8823-s002.r
PMC7130111	r	peerj-08-8823-s003.r
PMC7130111	r	peerj-08-8823-s004.r
PMC7131978	svg	705_2020_4547_MOESM1_ESM.svg
PMC7133750	ps	supp_mcs.a005066_Supplemental_Figure_1.ps
PMC7134052	r	peerj-08-8907-s007.r
PMC7134052	r	peerj-08-8907-s008.r
PMC7134052	r	peerj-08-8907-s009.r
PMC7137938	r	rsos191315supp10.R
PMC7137938	r	rsos191315supp11.R
PMC7137938	r	rsos191315supp12.R
PMC7137938	r	rsos191315supp13.R
PMC7137938	r	rsos191315supp14.R
PMC7137938	r	rsos191315supp15.R
PMC7137938	r	rsos191315supp16.R
PMC7137938	r	rsos191315supp18.R
PMC7137938	r	rsos191315supp19.R
PMC7137938	r	rsos191315supp4.R
PMC7137938	r	rsos191315supp5.R
PMC7137938	r	rsos191315supp6.R
PMC7137938	r	rsos191315supp8.R
PMC7137938	r	rsos191315supp9.R
PMC7144998	r	pone.0230357.s002.R
PMC7144998	r	pone.0230357.s003.R
PMC7144998	r	pone.0230357.s004.R
PMC7148090	r	aaz5443_Script_file_S1.R
PMC7148090	r	aaz5443_Script_file_S2.R
PMC7152608	json	PBI-18-1211-s002.json
PMC7153555	nlogo	peerj-08-8915-s001.nlogo
PMC7154045	r	bdj-08-e50500-s001.r
PMC7156087	ps	pone.0231242.s001.ps
PMC7156087	ps	pone.0231242.s002.ps
PMC7159190	m	pcbi.1007773.s002.m
PMC7159190	r	pcbi.1007773.s003.R
PMC7160179	r	ECE3-10-3686-s004.R
PMC7160180	r	ECE3-10-3636-s001.R
PMC7160180	r	ECE3-10-3636-s012.R
PMC7160180	r	ECE3-10-3636-s013.R
PMC7160180	r	ECE3-10-3636-s014.R
PMC7160902	svg	13045_2020_866_MOESM2_ESM.svg
PMC7161167	r	13104_2020_5046_MOESM1_ESM.r
PMC7162489	json	pone.0231518.s001.json
PMC7162519	r	pone.0231785.s001.R
PMC7162519	r	pone.0231785.s002.R
PMC7162519	r	pone.0231785.s003.R
PMC7162519	r	pone.0231785.s004.R
PMC7164422	r	peerj-08-8958-s003.r
PMC7164428	r	peerj-08-8732-s004.r
PMC7164646	sas	pone.0231467.s004.sas
PMC7164671	m	pcbi.1007708.s002.m
PMC7164954	ipynb	elife-52786-code1.ipynb
PMC7164960	r	elife-51576-code1.r
PMC7164960	r	elife-51576-code2.r
PMC7164960	r	elife-51576-code3.r
PMC7164960	r	elife-51576-code4.r
PMC7164960	rmd	elife-51576-code5.rmd
PMC7167246	pl	peerj-08-8912-s006.pl
PMC7170246	do	pone.0231548.s002.do
PMC7171750	sh	40168_2020_830_MOESM4_ESM.sh
PMC7173797	r	pone.0231539.s002.R
PMC7176607	rmd	248_2019_1412_MOESM6_ESM.rmd
PMC7178718	json	13321_2020_431_MOESM2_ESM.json
PMC7178718	json	13321_2020_431_MOESM3_ESM.json
PMC7179923	r	pone.0231837.s001.R
PMC7180052	mat	elife-53232-fig5-data1.mat
PMC7181424	maxpat	221_2019_5720_MOESM10_ESM.maxpat
PMC7181424	maxpat	221_2019_5720_MOESM11_ESM.maxpat
PMC7181424	maxpat	221_2019_5720_MOESM12_ESM.maxpat
PMC7181424	maxpat	221_2019_5720_MOESM7_ESM.maxpat
PMC7181424	maxpat	221_2019_5720_MOESM8_ESM.maxpat
PMC7181424	maxpat	221_2019_5720_MOESM9_ESM.maxpat
PMC7182233	r	pone.0231756.s016.R
PMC7182233	r	pone.0231756.s017.R
PMC7182233	r	pone.0231756.s018.R
PMC7185038	r	peerj-08-9021-s002.r
PMC7185621	kml	mmc7.kml
PMC7185621	kml	mmc8.kml
PMC7185703	do	pone.0232037.s002.do
PMC7185992	r	elife-54877-code1.r
PMC7185992	r	elife-54877-code2.r
PMC7188208	sas	pone.0232186.s001.sas
PMC7188238	tex	pone.0232075.s002.tex
PMC7188246	rmd	pone.0232291.s003.RMD
PMC7189270	tex	41598_2020_63221_MOESM1_ESM.tex
PMC7190112	bib	pone.0231362.s001.bib
PMC7191192	py	MOL2-14-917-s002.py
PMC7191192	r	MOL2-14-917-s004.R
PMC7192517	mat	pbio.3000701.s008.mat
PMC7194077	ps	41467_2019_14191_MOESM7_ESM.ps
PMC7195193	mat	elife-46249-fig11-data1.mat
PMC7195193	mat	elife-46249-fig14-data1.mat
PMC7195193	mat	elife-46249-fig14-data2.mat
PMC7195193	mat	elife-46249-fig18-data1.mat
PMC7195193	mat	elife-46249-fig2-data1.mat
PMC7195193	mat	elife-46249-fig2-data2.mat
PMC7195193	mat	elife-46249-fig3-data1.mat
PMC7195193	mat	elife-46249-fig6-data1.mat
PMC7197134	py	13007_2020_605_MOESM1_ESM.py
PMC7197855	mat	pone.0226790.s001.mat
PMC7199361	ino	12915_2020_772_MOESM14_ESM.ino
PMC7199361	ino	12915_2020_772_MOESM16_ESM.ino
PMC7199361	ino	12915_2020_772_MOESM5_ESM.ino
PMC7200158	m	elife-55015-code1.m
PMC7200158	m	elife-55015-code2.m
PMC7200164	r	elife-47980-fig3-code1.r
PMC7200164	r	elife-47980-fig8-figsupp2-code1.r
PMC7202616	r	pone.0232680.s002.R
PMC7203672	r	peerj-08-8560-s002.r
PMC7205218	mat	pone.0232677.s004.mat
PMC7205218	mat	pone.0232677.s005.mat
PMC7206738	mat	13007_2020_610_MOESM3_ESM.mat
PMC7211015	r	41598_2020_63712_MOESM2_ESM.r
PMC7211832	r	rsos192256supp1.R
PMC7211843	r	rsos191919supp1.R
PMC7211843	r	rsos191919supp3.R
PMC7213733	mat	pone.0232583.s001.mat
PMC7216661	py	13007_2020_612_MOESM5_ESM.py
PMC7217187	tex	BIMJ-62-643-s001.tex
PMC7217209	do	EJPR-59-465-s002.do
PMC7217209	do	EJPR-59-465-s005.do
PMC7217437	rmd	pone.0232981.s002.Rmd
PMC7217694	pl	elife-51015-code1.pl
PMC7217694	pl	elife-51015-code2.pl
PMC7219756	r	pone.0232665.s005.r
PMC7220366	mat	aay5487_Data_file_S1.mat
PMC7220379	r	elife-51480-code1.r
PMC7221492	bib	bib.bib
PMC7224227	r	peerj-08-9073-s002.r
PMC7224228	r	peerj-08-9074-s003.r
PMC7224232	r	peerj-08-9115-s002.r
PMC7224232	r	peerj-08-9115-s003.r
PMC7224309	r	MSB-16-e9156-s009.R
PMC7224389	r	41598_2020_64095_MOESM3_ESM.r
PMC7224486	r	pone.0232897.s004.R
PMC7227675	r	peerj-08-8968-s003.r
PMC7228109	r	pone.0233105.s007.R
PMC7231500	r	peerj-08-9139-s002.r
PMC7231502	r	peerj-08-9144-s002.r
PMC7231507	rmd	peerj-08-9036-s005.rmd
PMC7232756	py	EVA-13-935-s004.py
PMC7236949	r	12859_2020_3541_MOESM2_ESM.r
PMC7237067	r	41591_2020_799_MOESM4_ESM.r
PMC7237207	m	elife-53288-code1.m
PMC7237207	mat	elife-53288-fig1-data2.mat
PMC7237207	mat	elife-53288-fig2-data1.mat
PMC7237207	mat	elife-53288-fig3-data2.mat
PMC7237207	mat	elife-53288-fig4-data2.mat
PMC7237207	mat	elife-53288-fig5-data2.mat
PMC7237207	mat	elife-53288-fig6-data2.mat
PMC7237215	r	elife-56931-code1.r
PMC7239447	ipynb	pone.0233336.s002.ipynb
PMC7239659	r	elife-56325-code1.r
PMC7239659	r	elife-56325-code3.r
PMC7239659	r	elife-56325-code4.r
PMC7241963	r	109_2020_1898_MOESM16_ESM.r
PMC7241963	r	109_2020_1898_MOESM18_ESM.r
PMC7243817	r	peerj-08-8975-s002.r
PMC7243817	r	peerj-08-8975-s003.r
PMC7243817	r	peerj-08-8975-s004.r
PMC7245336	m	peerj-08-9121-s001.m
PMC7245336	r	peerj-08-9121-s004.r
PMC7245337	r	peerj-08-9177-s008.r
PMC7246252	tex	13414_2019_1873_MOESM1_ESM.tex
PMC7247527	r	peerj-08-8858-s001.r
PMC7253173	mat	elife-54264-fig1-data1.mat
PMC7253173	mat	elife-54264-fig2-data1.mat
PMC7253173	mat	elife-54264-fig3-data1.mat
PMC7253173	mat	elife-54264-fig3-figsupp1-data1.mat
PMC7253173	mat	elife-54264-fig4-data1.mat
PMC7253173	mat	elife-54264-fig4-figsupp1-data1.mat
PMC7253173	mat	elife-54264-fig5-data1.mat
PMC7253173	mat	elife-54264-fig6-data1.mat
PMC7255800	ipynb	elife-55217-code1.ipynb
PMC7255800	ipynb	elife-55217-code2.ipynb
PMC7255803	py	elife-56731-code1.py
PMC7255803	py	elife-56731-code2.py
PMC7258935	pl	peerj-08-9201-s012.pl
PMC7258935	pl	peerj-08-9201-s013.pl
PMC7258935	pl	peerj-08-9201-s014.pl
PMC7258935	pl	peerj-08-9201-s015.pl
PMC7258935	pl	peerj-08-9201-s016.pl
PMC7258935	r	peerj-08-9201-s017.r
PMC7258935	r	peerj-08-9201-s018.r
PMC7258935	pl	peerj-08-9201-s019.pl
PMC7258935	pl	peerj-08-9201-s020.pl
PMC7258935	r	peerj-08-9201-s021.r
PMC7258935	r	peerj-08-9201-s022.r
PMC7258935	r	peerj-08-9201-s023.r
PMC7258935	r	peerj-08-9201-s024.r
PMC7258935	r	peerj-08-9201-s025.r
PMC7258935	r	peerj-08-9201-s026.r
PMC7258935	r	peerj-08-9201-s027.r
PMC7258935	pl	peerj-08-9201-s028.pl
PMC7258935	r	peerj-08-9201-s029.r
PMC7259632	tex	pone.0232266.s012.tex
PMC7263597	py	pone.0233603.s001.py
PMC7265538	r	41598_2020_65985_MOESM2_ESM.r
PMC7268593	cfg	12859_2020_3553_MOESM1_ESM.cfg
PMC7269264	r	pone.0233972.s002.R
PMC7272012	r	pone.0233920.s001.R
PMC7274378	tex	pone.0233976.s002.tex
PMC7274406	r	pone.0232887.s002.R
PMC7274471	svg	pbio.3000720.s019.svg
PMC7275680	r	peerj-08-8887-s006.r
PMC7277253	m	rsos192152supp2.m
PMC7277253	m	rsos192152supp3.m
PMC7277253	m	rsos192152supp4.m
PMC7277253	m	rsos192152supp5.m
PMC7277253	m	rsos192152supp6.m
PMC7277253	m	rsos192152supp7.m
PMC7277253	m	rsos192152supp8.m
PMC7277253	m	rsos192152supp9.m
PMC7277266	r	rsos200139supp1.r
PMC7277266	r	rsos200139supp3.r
PMC7277266	r	rsos200139supp4.r
PMC7282659	sps	pone.0234301.s001.sps
PMC7286511	m	pone.0233834.s007.m
PMC7286511	m	pone.0233834.s008.m
PMC7286511	m	pone.0233834.s009.m
PMC7286511	m	pone.0233834.s010.m
PMC7286511	m	pone.0233834.s011.m
PMC7286511	m	pone.0233834.s012.m
PMC7286511	m	pone.0233834.s013.m
PMC7286511	m	pone.0233834.s014.m
PMC7286511	nb	pone.0233834.s015.nb
PMC7286511	nb	pone.0233834.s016.nb
PMC7286511	m	pone.0233834.s017.m
PMC7286511	nb	pone.0233834.s018.nb
PMC7286511	nb	pone.0233834.s019.nb
PMC7286511	nb	pone.0233834.s020.nb
PMC7286511	nb	pone.0233834.s021.nb
PMC7286511	m	pone.0233834.s022.m
PMC7286511	m	pone.0233834.s023.m
PMC7286511	m	pone.0233834.s024.m
PMC7286511	nb	pone.0233834.s025.nb
PMC7286511	m	pone.0233834.s027.m
PMC7286511	m	pone.0233834.s028.m
PMC7286511	m	pone.0233834.s029.m
PMC7286511	m	pone.0233834.s030.m
PMC7286511	nb	pone.0233834.s031.nb
PMC7286511	nb	pone.0233834.s032.nb
PMC7286511	nb	pone.0233834.s033.nb
PMC7286511	nb	pone.0233834.s034.nb
PMC7286511	nb	pone.0233834.s035.nb
PMC7286511	nb	pone.0233834.s036.nb
PMC7286511	nb	pone.0233834.s037.nb
PMC7286511	nb	pone.0233834.s038.nb
PMC7286511	nb	pone.0233834.s039.nb
PMC7286511	nb	pone.0233834.s040.nb
PMC7286511	nb	pone.0233834.s041.nb
PMC7286511	nb	pone.0233834.s042.nb
PMC7286511	nb	pone.0233834.s043.nb
PMC7286511	m	pone.0233834.s044.m
PMC7289142	r	peerj-08-9188-s002.r
PMC7289425	r	pone.0234308.s002.R
PMC7289599	pl	elife-56337-code1.pl
PMC7289601	r	elife-53789-code1.r
PMC7291764	py	40168_2020_841_MOESM13_ESM.py
PMC7291764	r	40168_2020_841_MOESM19_ESM.r
PMC7292627	r	aay4897_Supplementary_R_code.R
PMC7293857	r	peerj-08-9333-s009.r
PMC7296676	mat	12915_2020_801_MOESM11_ESM.mat
PMC7296676	mat	12915_2020_801_MOESM2_ESM.mat
PMC7296676	mat	12915_2020_801_MOESM6_ESM.mat
PMC7297386	r	pone.0234494.s002.r
PMC7297386	r	pone.0234494.s006.r
PMC7297745	rmd	ECE3-10-4702-s001.Rmd
PMC7297745	rmd	ECE3-10-4702-s002.Rmd
PMC7297837	tex	13414_2019_1891_MOESM1_ESM.tex
PMC7300090	m	41598_2020_66785_MOESM2_ESM.m
PMC7300090	m	41598_2020_66785_MOESM3_ESM.m
PMC7300090	m	41598_2020_66785_MOESM4_ESM.m
PMC7300090	m	41598_2020_66785_MOESM5_ESM.m
PMC7304601	py	pone.0234925.s001.py
PMC7306222	r	peerj-08-9181-s008.r
PMC7307558	sh	peerj-08-9387-s010.sh
PMC7307560	m	peerj-08-9377-s004.m
PMC7307568	r	peerj-08-9364-s004.r
PMC7307734	r	pone.0235124.s006.R
PMC7307775	gms	pone.0234968.s001.gms
PMC7309363	r	LFC_Cardinality.R
PMC7311172	m	elife-55289-code1.m
PMC7311172	m	elife-55289-code2.m
PMC7313750	tex	pone.0234709.s019.tex
PMC7314544	sc	elife-56193-code1.sc
PMC7314548	rmd	elife-54822-code1.rmd
PMC7314548	rmd	elife-54822-code2.rmd
PMC7314548	rmd	elife-54822-code3.rmd
PMC7315534	r	12898_2020_303_MOESM1_ESM.r
PMC7315534	r	12898_2020_303_MOESM2_ESM.r
PMC7316080	m	peerj-08-9272-s001.m
PMC7316239	r	pone.0233960.s001.R
PMC7316240	m	pone.0232381.s002.m
PMC7316240	m	pone.0232381.s003.m
PMC7316240	m	pone.0232381.s004.m
PMC7316503	ipynb	elife-53885-code1.ipynb
PMC7316504	cu	elife-55921-code1.cu
PMC7318367	r	41512_2020_75_MOESM2_ESM.r
PMC7319022	r	peerj-08-9382-s001.r
PMC7319030	py	peerj-08-9421-s002.py
PMC7319030	py	peerj-08-9421-s003.py
PMC7320722	r	peerj-08-9355-s005.r
PMC7323001	do	Appendix_4b_-_code_for_readers_to_apply_analyses_1-4f_online_supp.do
PMC7323001	do	Appendix_4c_-_Analysis_5_code_for_paper_online_supp.do
PMC7324590	tex	41598_2020_67115_MOESM8_ESM.tex
PMC7324969	rmd	13007_2020_606_MOESM14_ESM.rmd
PMC7326985	m	41598_2020_67156_MOESM1_ESM.m
PMC7326985	m	41598_2020_67156_MOESM2_ESM.m
PMC7326985	m	41598_2020_67156_MOESM3_ESM.m
PMC7326985	m	41598_2020_67156_MOESM4_ESM.m
PMC7326985	m	41598_2020_67156_MOESM5_ESM.m
PMC7326985	m	41598_2020_67156_MOESM6_ESM.m
PMC7326985	m	41598_2020_67156_MOESM7_ESM.m
PMC7327795	r	40462_2020_199_MOESM1_ESM.r
PMC7329392	svg	40694_2020_100_MOESM2_ESM.svg
PMC7331625	r	peerj-08-9391-s007.r
PMC7331645	svg	41598_2020_67564_MOESM1_ESM.svg
PMC7331645	svg	41598_2020_67564_MOESM2_ESM.svg
PMC7331645	svg	41598_2020_67564_MOESM3_ESM.svg
PMC7331729	bib	41598_2020_67988_MOESM2_ESM.bib
PMC7331977	m	pcbi.1007789.s008.m
PMC7331977	m	pcbi.1007789.s009.m
PMC7332014	do	pone.0235590.s012.do
PMC7332014	do	pone.0235590.s013.do
PMC7332062	r	pone.0234456.s001.R
PMC7332075	mat	pcbi.1007944.s017.mat
PMC7332080	sas	pone.0235507.s004.sas
PMC7332085	r	pone.0234615.s003.R
PMC7333286	r	12916_2020_1558_MOESM2_ESM.r
PMC7333371	r	13059_2020_1990_MOESM5_ESM.r
PMC7333653	r	peerj-08-9468-s001.r
PMC7334231	nc	41467_2020_17130_MOESM4_ESM.nc
PMC7334231	nc	41467_2020_17130_MOESM5_ESM.nc
PMC7337281	do	pone.0234349.s004.do
PMC7347188	tab	pone.0235841.s001.tab
PMC7347188	tab	pone.0235841.s002.tab
PMC7347188	tab	pone.0235841.s003.tab
PMC7347188	tab	pone.0235841.s004.tab
PMC7347188	tab	pone.0235841.s005.tab
PMC7347188	tab	pone.0235841.s006.tab
PMC7347188	tab	pone.0235841.s007.tab
PMC7347188	tab	pone.0235841.s008.tab
PMC7347188	tab	pone.0235841.s009.tab
PMC7347188	tab	pone.0235841.s010.tab
PMC7347188	tab	pone.0235841.s011.tab
PMC7347188	r	pone.0235841.s012.R
PMC7347224	rmd	pcbi.1007912.s006.Rmd
PMC7347387	mat	elife-53445-fig1-data1.mat
PMC7347387	mat	elife-53445-fig2-data1.mat
PMC7347387	mat	elife-53445-fig3-data1.mat
PMC7347685	r	40258_2019_551_MOESM1_ESM.r
PMC7347685	r	40258_2019_551_MOESM2_ESM.r
PMC7347685	r	40258_2019_551_MOESM3_ESM.r
PMC7347685	r	40258_2019_551_MOESM4_ESM.r
PMC7350588	py	13071_2020_4211_MOESM2_ESM.py
PMC7357184	r	correlations.R
PMC7357184	r	CultureFst.r
PMC7357184	r	Figure3.R
PMC7357184	r	Figure4.R
PMC7357184	r	Figure5.R
PMC7357184	r	Figure6.R
PMC7357184	do	recode_wvs.do
PMC7357184	r	Robustness_sample_by_question.R
PMC7357184	r	Robustness_sample_by_values.R
PMC7357184	r	Table1_Calculate_CFst-CIs.R
PMC7357184	r	Table1_Calculate_CFst.R
PMC7363008	rmd	pcbi.1007945.s001.Rmd
PMC7363110	md	pcbi.1008031.s002.md
PMC7365481	r	pgen.1008917.s001.R
PMC7365481	r	pgen.1008917.s002.R
PMC7365663	mat	elife-54026-fig2-data1.mat
PMC7365663	mat	elife-54026-fig2-data2.mat
PMC7365663	mat	elife-54026-fig4-data1.mat
PMC7365663	mat	elife-54026-fig4-data2.mat
PMC7365663	mat	elife-54026-fig4-data3.mat
PMC7365663	mat	elife-54026-fig7-data1.mat
PMC7367048	r	peerj-08-9381-s003.r
PMC7368278	mat	pnas.2004356117.sd01.mat
PMC7368278	mat	pnas.2004356117.sd02.mat
PMC7368278	mat	pnas.2004356117.sd03.mat
PMC7368278	mat	pnas.2004356117.sd04.mat
PMC7368278	mat	pnas.2004356117.sd05.mat
PMC7370930	pl	peerj-08-9424-s004.pl
PMC7371419	mat	elife-53588-fig1-data1.mat
PMC7371419	mat	elife-53588-fig1-data2.mat
PMC7371419	mat	elife-53588-fig2-data1.mat
PMC7371419	mat	elife-53588-fig3-data1.mat
PMC7371419	mat	elife-53588-fig3-data2.mat
PMC7371419	mat	elife-53588-fig3-data3.mat
PMC7371419	mat	elife-53588-fig3-data4.mat
PMC7371419	mat	elife-53588-fig3-data5.mat
PMC7371419	mat	elife-53588-fig3-data6.mat
PMC7371419	mat	elife-53588-fig4-data1.mat
PMC7371419	mat	elife-53588-fig4-data2.mat
PMC7371419	mat	elife-53588-fig4-data3.mat
PMC7371419	mat	elife-53588-fig5-data1.mat
PMC7371419	mat	elife-53588-fig5-data2.mat
PMC7371419	mat	elife-53588-fig5-data3.mat
PMC7371419	mat	elife-53588-fig5-data4.mat
PMC7371419	mat	elife-53588-fig5-data5.mat
PMC7371419	mat	elife-53588-fig5-data6.mat
PMC7371419	mat	elife-53588-fig5-data7.mat
PMC7371419	mat	elife-53588-fig5-data8.mat
PMC7371469	r	41512_2020_77_MOESM1_ESM.r
PMC7371472	r	13040_2020_211_MOESM1_ESM.r
PMC7377483	rmd	pone.0235907.s004.Rmd
PMC7379181	r	COBI-33-665-s002.R
PMC7380601	tex	pone.0236237.s002.tex
PMC7380612	py	pone.0236371.s002.py
PMC7380612	py	pone.0236371.s003.py
PMC7381556	r	ECE3-10-6239-s001.R
PMC7384133	tex	HEC-29-865-s001.tex
PMC7384133	tex	HEC-29-865-s003.tex
PMC7384548	r	JRSM-11-568-s001.R
PMC7385012	r	11336_2020_9704_MOESM2_ESM.r
PMC7385109	nc	41598_2020_69159_MOESM2_ESM.nc
PMC7385109	nc	41598_2020_69159_MOESM3_ESM.nc
PMC7385109	nc	41598_2020_69159_MOESM4_ESM.nc
PMC7385660	bib	41598_2020_69212_MOESM1_ESM.bib
PMC7386174	r	12874_2020_1075_MOESM1_ESM.r
PMC7386244	rmd	12864_2020_6832_MOESM3_ESM.rmd
PMC7386244	rmd	12864_2020_6832_MOESM4_ESM.rmd
PMC7386244	rmd	12864_2020_6832_MOESM5_ESM.rmd
PMC7386913	mat	elife-55356-fig1-data1.mat
PMC7386913	mat	elife-55356-fig2-data1.mat
PMC7386913	mat	elife-55356-fig3-data1.mat
PMC7386913	mat	elife-55356-fig4-data1.mat
PMC7386913	mat	elife-55356-fig5-data1.mat
PMC7391351	r	ECE3-10-7509-s006.R
PMC7391351	r	ECE3-10-7509-s007.R
PMC7391351	r	ECE3-10-7509-s008.R
PMC7391351	r	ECE3-10-7509-s009.R
PMC7392232	r	pone.0236856.s002.R
PMC7392281	do	pone.0236486.s001.do
PMC7392299	r	pone.0236388.s003.R
PMC7392341	m	pone.0236765.s004.m
PMC7392539	nb	pone.0235811.s006.nb
PMC7392539	nb	pone.0235811.s007.nb
PMC7394518	tex	pone.0220353.s001.tex
PMC7403678	r	EVL3-4-371-s001.R
PMC7403682	r	EVL3-4-302-s002.R
PMC7406362	r	pone.0236331.s003.R
PMC7406362	r	pone.0236331.s004.R
PMC7406362	r	pone.0236331.s005.R
PMC7406362	r	pone.0236331.s006.R
PMC7409783	r	peerj-08-9618-s005.r
PMC7410258	nc	pone.0236958.s002.nc
PMC7413080	r	peerj-08-9526-s005.r
PMC7414766	r	peerj-08-9658-s004.r
PMC7414769	r	peerj-08-9583-s014.r
PMC7414860	bib	41598_2020_69327_MOESM2_ESM.bib
PMC7415225	r	peerj-08-9662-s001.r
PMC7415761	r	10071_2020_1409_MOESM4_ESM.r
PMC7416720	r	peerj-08-9649-s001.r
PMC7416927	r	pone.0237105.s003.R
PMC7418962	r	pone.0237217.s001.R
PMC7418962	r	pone.0237217.s002.R
PMC7418970	r	pone.0237368.s002.R
PMC7423268	cpp	rstb20190532supp1.cpp
PMC7423268	nb	rstb20190532supp2.nb
PMC7423286	nb	rstb20190749supp2.nb
PMC7423286	nb	rstb20190749supp3.nb
PMC7423418	r	rsif20200010supp3.r
PMC7423420	nb	rsif20200335supp10.nb
PMC7423420	nb	rsif20200335supp11.nb
PMC7423420	nb	rsif20200335supp2.nb
PMC7423420	nb	rsif20200335supp3.nb
PMC7423420	nb	rsif20200335supp4.nb
PMC7423420	nb	rsif20200335supp5.nb
PMC7423420	nb	rsif20200335supp6.nb
PMC7423420	nb	rsif20200335supp7.nb
PMC7423420	nb	rsif20200335supp8.nb
PMC7423420	nb	rsif20200335supp9.nb
PMC7423435	r	rsif20200340supp3.R
PMC7423649	nb	rspb20200610supp4.nb
PMC7425637	r	peerj-08-9630-s002.r
PMC7425637	r	peerj-08-9630-s003.r
PMC7425637	r	peerj-08-9630-s004.r
PMC7425796	py	13073_2020_767_MOESM11_ESM.py
PMC7425796	py	13073_2020_767_MOESM12_ESM.py
PMC7425796	r	13073_2020_767_MOESM13_ESM.r
PMC7427096	r	41598_2020_70581_MOESM10_ESM.r
PMC7427096	r	41598_2020_70581_MOESM11_ESM.r
PMC7427096	sh	41598_2020_70581_MOESM9_ESM.sh
PMC7428135	m	pone.0237169.s003.m
PMC7428135	m	pone.0237169.s004.m
PMC7428135	m	pone.0237169.s006.m
PMC7429900	m	13007_2020_654_MOESM1_ESM.m
PMC7430748	do	pone.0237437.s001.do
PMC7430748	do	pone.0237437.s002.do
PMC7430748	do	pone.0237437.s003.do
PMC7430839	cpp	12864_2020_6949_MOESM3_ESM.cpp
PMC7432311	r	ijerph-17-05597-s001.r
PMC7433131	rmd	13071_2020_4295_MOESM1_ESM.rmd
PMC7433131	r	13071_2020_4295_MOESM2_ESM.r
PMC7434761	r	41598_2020_70770_MOESM2_ESM.r
PMC7434761	r	41598_2020_70770_MOESM3_ESM.r
PMC7442250	r	pone.0237638.s004.R
PMC7444508	r	pone.0237426.s040.R
PMC7444591	svg	pone.0237037.s001.svg
PMC7446915	md	pcbi.1008128.s007.md
PMC7446921	r	pone.0237325.s001.r
PMC7446975	do	pone.0237974.s001.do
PMC7448706	r	NA-002-C9NA00793H-s001.r
PMC7449007	r	12859_2020_3705_MOESM2_ESM.r
PMC7449463	r	pone.0230985.s001.R
PMC7449463	r	pone.0230985.s002.R
PMC7449688	r	abb1478_Data_file_S3.R
PMC7451013	r	peerj-08-9729-s001.r
PMC7451557	r	pone.0226122.s001.R
PMC7451628	py	pone.0237321.s002.py
PMC7451661	r	pone.0237254.s001.R
PMC7452943	r	11060_2020_3574_MOESM3_ESM.r
PMC7453550	r	12915_2020_835_MOESM3_ESM.r
PMC7453550	r	12915_2020_835_MOESM4_ESM.r
PMC7453550	r	12915_2020_835_MOESM5_ESM.r
PMC7454983	do	pone.0238161.s001.do
PMC7454987	mat	pone.0237146.s001.mat
PMC7454995	r	pone.0238034.s026.R
PMC7455194	r	aaz4724_Data_file_S6.R
PMC7455555	sas	41598_2020_70927_MOESM3_ESM.sas
PMC7456528	r	peerj-08-9825-s004.r
PMC7456528	r	peerj-08-9825-s005.r
PMC7456528	r	peerj-08-9825-s006.r
PMC7456528	r	peerj-08-9825-s007.r
PMC7456528	r	peerj-08-9825-s008.r
PMC7456528	r	peerj-08-9825-s009.r
PMC7457508	ipynb	13321_2020_455_MOESM1_ESM.ipynb
PMC7457508	ipynb	13321_2020_455_MOESM2_ESM.ipynb
PMC7458310	svg	pone.0238316.s001.svg
PMC7458320	c	pone.0238322.s001.c
PMC7458320	c	pone.0238322.s002.c
PMC7460765	py	13321_2020_457_MOESM2_ESM.py
PMC7460765	py	13321_2020_457_MOESM3_ESM.py
PMC7463311	tex	EVA-13-1841-s007.tex
PMC7465407	r	12983_2020_370_MOESM2_ESM.r
PMC7465407	r	12983_2020_370_MOESM3_ESM.r
PMC7467320	r	pone.0237431.s002.R
PMC7469290	r	13059_2020_2144_MOESM15_ESM.r
PMC7471196	r	10493_2020_532_MOESM2_ESM.r
PMC7471196	r	10493_2020_532_MOESM3_ESM.r
PMC7474882	r	peerj-08-9462-s001.r
PMC7474884	r	peerj-08-9777-s003.r
PMC7474884	r	peerj-08-9777-s004.r
PMC7476763	mat	elife-54051-table1-data1.mat
PMC7476763	mat	elife-54051-table1-data2.mat
PMC7476763	mat	elife-54051-table1-data3.mat
PMC7476763	mat	elife-54051-table1-data4.mat
PMC7476999	r	248_2020_1517_MOESM3_ESM.r
PMC7478846	m	pgen.1008745.s017.m
PMC7478846	m	pgen.1008745.s018.m
PMC7482571	m	rsif20200339supp2.m
PMC7482571	m	rsif20200339supp3.m
PMC7482571	m	rsif20200339supp4.m
PMC7482929	tex	pone.0238059.s001.tex
PMC7482939	r	pone.0238504.s001.R
PMC7482939	r	pone.0238504.s002.R
PMC7482939	r	pone.0238504.s003.R
PMC7485507	r	peerj-08-9878-s007.r
PMC7485507	r	peerj-08-9878-s008.r
PMC7485508	r	peerj-08-9853-s003.r
PMC7485778	r	pone.0238854.s002.R
PMC7486132	do	pone.0237057.s002.do
PMC7486132	py	pone.0237057.s003.py
PMC7486826	r	peerj-08-9929-s002.r
PMC7486830	r	peerj-08-9945-s009.r
PMC7486830	r	peerj-08-9945-s010.r
PMC7488560	rmd	12940_2020_644_MOESM3_ESM.rmd
PMC7492005	r	mmc1.r
PMC7500670	r	pone.0238783.s006.R
PMC7502247	m	peerj-08-9933-s002.m
PMC7502247	m	peerj-08-9933-s003.m
PMC7502249	r	peerj-08-9850-s005.r
PMC7505059	r	peerj-08-9898-s001.r
PMC7505062	c	peerj-08-9681-s002.c
PMC7505062	r	peerj-08-9681-s003.r
PMC7507941	r	12874_2020_1082_MOESM11_ESM.r
PMC7507941	r	12874_2020_1082_MOESM3_ESM.r
PMC7507941	r	12874_2020_1082_MOESM4_ESM.r
PMC7507941	r	12874_2020_1082_MOESM5_ESM.r
PMC7507941	r	12874_2020_1082_MOESM8_ESM.r
PMC7508180	do	EJPR-59-538-s001.do
PMC7510163	r	12859_2020_3729_MOESM3_ESM.r
PMC7511023	groovy	pone.0239562.s006.groovy
PMC7513282	py	12860_2020_306_MOESM2_ESM.py
PMC7513754	r	peerj-08-10004-s001.r
PMC7513754	r	peerj-08-10004-s002.r
PMC7515199	rmd	pntd.0008620.s014.Rmd
PMC7518163	r	peerj-08-9997-s028.r
PMC7518163	r	peerj-08-9997-s029.r
PMC7518163	r	peerj-08-9997-s030.r
PMC7518163	r	peerj-08-9997-s031.r
PMC7518163	r	peerj-08-9997-s032.r
PMC7518163	r	peerj-08-9997-s033.r
PMC7518163	r	peerj-08-9997-s034.r
PMC7519717	sps	peerj-08-9873-s003.sps
PMC7520215	rmd	ECE3-10-9707-s002.Rmd
PMC7520416	scm	10928_2020_9695_MOESM2_ESM.scm
PMC7521753	java	pone.0239043.s003.java
PMC7521753	java	pone.0239043.s004.java
PMC7523964	sps	pone.0239631.s002.sps
PMC7528812	r	peerj-08-10010-s002.r
PMC7529227	nb	pone.0235101.s001.nb
PMC7531334	r	peerj-08-9902-s004.r
PMC7531346	r	peerj-08-9891-s003.r
PMC7531346	r	peerj-08-9891-s004.r
PMC7531802	r	pone.0240259.s003.R
PMC7531802	r	pone.0240259.s004.R
PMC7531802	r	pone.0240259.s005.R
PMC7531802	r	pone.0240259.s006.R
PMC7532209	r	42003_2020_1273_MOESM8_ESM.r
PMC7532764	m	peerj-08-10086-s001.m
PMC7535049	m	pone.0240007.s001.m
PMC7535049	m	pone.0240007.s002.m
PMC7535049	m	pone.0240007.s003.m
PMC7535049	m	pone.0240007.s004.m
PMC7535049	m	pone.0240007.s005.m
PMC7535049	m	pone.0240007.s006.m
PMC7535060	r	pone.0240235.s004.R
PMC7536390	nc	41467_2020_18728_MOESM4_ESM.nc
PMC7540775	py	rsos200933supp1.py
PMC7540786	mat	rsos201222supp4.mat
PMC7540850	svg	pone.0239966.s001.svg
PMC7540850	svg	pone.0239966.s003.svg
PMC7540850	svg	pone.0239966.s004.svg
PMC7540850	svg	pone.0239966.s005.svg
PMC7540877	mat	pone.0239852.s001.mat
PMC7544105	rmd	pone.0240288.s002.Rmd
PMC7545192	r	41598_2020_74015_MOESM5_ESM.r
PMC7545854	r	12864_2020_7111_MOESM5_ESM.r
PMC7546703	do	abb8235_Data_file_S3.do
PMC7546938	r	11558_2020_9404_MOESM1_ESM.r
PMC7546938	do	11558_2020_9404_MOESM6_ESM.do
PMC7547619	rmd	peerj-08-9830-s001.rmd
PMC7548073	r	peerj-08-10093-s003.r
PMC7548080	r	peerj-08-10072-s001.r
PMC7549468	m	peerj-08-10169-s002.m
PMC7549811	r	pone.0240494.s003.R
PMC7553199	svg	olq-47-739-s004.svg
PMC7556465	r	pone.0240013.s001.R
PMC7560657	r	41598_2020_74139_MOESM10_ESM.r
PMC7560657	r	41598_2020_74139_MOESM11_ESM.r
PMC7560657	r	41598_2020_74139_MOESM12_ESM.r
PMC7560657	r	41598_2020_74139_MOESM13_ESM.r
PMC7560657	r	41598_2020_74139_MOESM14_ESM.r
PMC7560657	r	41598_2020_74139_MOESM1_ESM.r
PMC7560657	r	41598_2020_74139_MOESM2_ESM.r
PMC7560657	r	41598_2020_74139_MOESM3_ESM.r
PMC7560657	r	41598_2020_74139_MOESM5_ESM.r
PMC7560657	tab	41598_2020_74139_MOESM6_ESM.tab
PMC7560657	r	41598_2020_74139_MOESM7_ESM.r
PMC7560657	r	41598_2020_74139_MOESM8_ESM.r
PMC7560657	r	41598_2020_74139_MOESM9_ESM.r
PMC7561095	r	pone.0240468.s016.R
PMC7561098	py	pone.0234223.s001.py
PMC7561115	r	pmed.1003354.s005.R
PMC7566568	ps	supp_076380.120_Supplemental_Figure_1.ps
PMC7566568	ps	supp_076380.120_Supplemental_Figure_2.ps
PMC7566749	do	peerj-08-9924-s002.do
PMC7566755	py	peerj-08-10017-s004.py
PMC7567352	json	pntd.0008728.s002.json
PMC7567352	json	pntd.0008728.s003.json
PMC7567352	json	pntd.0008728.s004.json
PMC7567352	json	pntd.0008728.s005.json
PMC7567397	do	pone.0240709.s004.do
PMC7570057	pl	12915_2020_862_MOESM10_ESM.pl
PMC7571691	m	pgen.1009000.s008.m
PMC7571697	tex	pone.0240297.s001.tex
PMC7571697	tex	pone.0240297.s002.tex
PMC7571697	tex	pone.0240297.s003.tex
PMC7574757	r	mmc1.r
PMC7575324	mat	elife-61821-fig1-data1.mat
PMC7575324	mat	elife-61821-fig2-data1.mat
PMC7575324	mat	elife-61821-fig3-data1.mat
PMC7575324	mat	elife-61821-fig4-data1.mat
PMC7577446	ipynb	pone.0240267.s001.ipynb
PMC7584177	cls	pone.0241165.s001.cls
PMC7584177	sty	pone.0241165.s003.sty
PMC7584186	m	pone.0231120.s002.m
PMC7584781	mat	13428_2020_1394_MOESM3_ESM.mat
PMC7585376	r	peerj-08-9955-s007.r
PMC7585721	r	peerj-08-10036-s002.r
PMC7592743	r	pone.0239012.s006.R
PMC7592772	ipynb	pone.0241170.s002.ipynb
PMC7594489	cpp	JPE-57-2086-s004.cpp
PMC7594639	js	peerj-08-9919-s007.js
PMC7594639	js	peerj-08-9919-s008.js
PMC7594639	js	peerj-08-9919-s009.js
PMC7595306	r	pone.0241410.s008.R
PMC7595373	do	pone.0237319.s002.do
PMC7595432	do	pone.0240324.s003.do
PMC7595641	m	pcbi.1008292.s002.m
PMC7596494	r	41598_2020_75653_MOESM2_ESM.r
PMC7597648	r	peerj-08-10127-s003.r
PMC7599159	ts	10329_2020_851_MOESM2_ESM.ts
PMC7604915	do	41287_2020_328_MOESM1_ESM.do
PMC7604915	do	41287_2020_328_MOESM2_ESM.do
PMC7604915	do	41287_2020_328_MOESM3_ESM.do
PMC7604915	do	41287_2020_328_MOESM4_ESM.do
PMC7604915	do	41287_2020_328_MOESM5_ESM.do
PMC7608273	rmd	41598_2020_72451_MOESM3_ESM.rmd
PMC7608743	ps	supp_gad.343186.120_Supplemental_Figure_1-A-L.ps
PMC7608743	ps	supp_gad.343186.120_Supplemental_Figure_1-M-O.ps
PMC7608743	ps	supp_gad.343186.120_Supplemental_Figure_2.ps
PMC7608743	ps	supp_gad.343186.120_Supplemental_Figure_3.ps
PMC7608743	ps	supp_gad.343186.120_Supplemental_Figure_4-A-F.ps
PMC7608743	ps	supp_gad.343186.120_Supplemental_Figure_4-G-L.ps
PMC7608743	ps	supp_gad.343186.120_Supplemental_Figure_5_.ps
PMC7608743	ps	supp_gad.343186.120_Supplemental_Figure_6_.ps
PMC7608743	ps	supp_gad.343186.120_Supplemental_Figure_7_.ps
PMC7610246	md	JBO_025_105001_SD006.md
PMC7610556	nb	EMS118329-supplement-Supplementary_Data_4.nb
PMC7613654	r	sj-R-2-smm-10.1177_09622802221107105.R
PMC7613816	r	sj-R-1-smm-10.1177_09622802221114544.R
PMC7613816	r	sj-R-2-smm-10.1177_09622802221114544.R
PMC7641375	ipynb	pone.0235760.s005.ipynb
PMC7641822	r	12964_2020_669_MOESM3_ESM.r
PMC7644048	py	pone.0234100.s011.py
PMC7644048	py	pone.0234100.s012.py
PMC7644048	py	pone.0234100.s013.py
PMC7644048	py	pone.0234100.s014.py
PMC7644048	py	pone.0234100.s015.py
PMC7644048	py	pone.0234100.s016.py
PMC7644048	py	pone.0234100.s017.py
PMC7644048	py	pone.0234100.s018.py
PMC7644690	r	41598_2020_76188_MOESM1_ESM.r
PMC7644690	r	41598_2020_76188_MOESM2_ESM.r
PMC7645701	py	41598_2020_75984_MOESM12_ESM.py
PMC7646019	nc	GRL-47-e2020GL089252-s001.nc
PMC7646019	nc	GRL-47-e2020GL089252-s002.nc
PMC7646019	nc	GRL-47-e2020GL089252-s003.nc
PMC7646309	r	peerj-08-10314-s001.r
PMC7648379	r	12711_2020_573_MOESM4_ESM.r
PMC7648740	r	497_2020_398_MOESM3_ESM.r
PMC7649010	r	peerj-08-10284-s004.r
PMC7650528	rd	13059_2020_2126_MOESM2_ESM.rd
PMC7650528	rd	13059_2020_2126_MOESM3_ESM.rd
PMC7650528	rd	13059_2020_2126_MOESM4_ESM.rd
PMC7650528	rd	13059_2020_2126_MOESM5_ESM.rd
PMC7651475	r	peerj-08-10325-s002.r
PMC7651607	r	11095_2020_2882_MOESM5_ESM.r
PMC7652311	r	pone.0241979.s002.R
PMC7655483	r	rsbl20200443supp2.R
PMC7657515	pl	pone.0240059.s002.pl
PMC7657880	r	rsos200811supp8.R
PMC7657880	r	rsos200811supp9.R
PMC7657906	rmd	rsos201261supp6.rmd
PMC7658253	m	41598_2020_76594_MOESM1_ESM.m
PMC7658748	py	rsta20200053supp1.py
PMC7659438	r	ede-30-388-s002.r
PMC7659438	r	ede-30-388-s003.r
PMC7665633	tex	pcbi.1008248.s001.tex
PMC7665685	r	pone.0234760.s003.R
PMC7665747	ipynb	pone.0242320.s007.ipynb
PMC7665747	ipynb	pone.0242320.s008.ipynb
PMC7665747	ipynb	pone.0242320.s009.ipynb
PMC7665792	r	pone.0241720.s005.R
PMC7665828	r	pone.0242065.s001.R
PMC7665828	r	pone.0242065.s002.R
PMC7665828	r	pone.0242065.s003.R
PMC7668208	r	peerj-08-10139-s002.r
PMC7668208	r	peerj-08-10139-s003.r
PMC7668208	r	peerj-08-10139-s004.r
PMC7671556	m	pntd.0008833.s001.m
PMC7671987	tex	42113_2019_68_MOESM2_ESM.tex
PMC7673556	rmd	pone.0241714.s001.Rmd
PMC7673781	mat	elife-56795-fig1-data1.mat
PMC7673781	mat	elife-56795-fig2-data1.mat
PMC7673781	mat	elife-56795-fig2-data2.mat
PMC7673781	mat	elife-56795-fig2-data3.mat
PMC7673781	mat	elife-56795-fig2-data4.mat
PMC7673781	mat	elife-56795-fig2-data5.mat
PMC7673781	mat	elife-56795-fig2-figsupp1-data1.mat
PMC7673781	mat	elife-56795-fig3-data1.mat
PMC7673781	mat	elife-56795-fig3-figsupp1-data1.mat
PMC7673781	mat	elife-56795-fig4-data1.mat
PMC7673781	mat	elife-56795-fig6-data1.mat
PMC7673781	mat	elife-56795-fig6-data2.mat
PMC7673781	mat	elife-56795-fig6-data3.mat
PMC7676378	r	peerj-08-9609-s012.r
PMC7676378	r	peerj-08-9609-s013.r
PMC7676378	r	peerj-08-9609-s014.r
PMC7676380	r	peerj-08-9493-s007.r
PMC7678461	r	peerj-08-10241-s006.r
PMC7678960	sps	pone.0241982.s002.sps
PMC7679541	nlogo	ECE3-10-12482-s001.nlogo
PMC7679541	nlogo	ECE3-10-12482-s003.nlogo
PMC7682990	mat	elife-60031-fig1-data1.mat
PMC7682990	mat	elife-60031-fig1-figsupp1-data1.mat
PMC7682990	mat	elife-60031-fig1-figsupp2-data1.mat
PMC7682990	mat	elife-60031-fig2-data1.mat
PMC7682990	mat	elife-60031-fig2-figsupp1-data1.mat
PMC7682990	mat	elife-60031-fig2-figsupp2-data1.mat
PMC7682990	mat	elife-60031-fig2-figsupp3-data1.mat
PMC7682990	mat	elife-60031-fig3-data1.mat
PMC7682990	mat	elife-60031-fig4-data1.mat
PMC7682990	mat	elife-60031-fig4-figsupp1-data1.mat
PMC7685601	r	40168_2020_940_MOESM13_ESM.r
PMC7686731	r	12984_2020_788_MOESM2_ESM.r
PMC7687171	tex	GRL-47-e2019GL086492-s002.tex
PMC7691471	r	EVA-13-2836-s028.R
PMC7691471	r	EVA-13-2836-s029.R
PMC7691471	r	EVA-13-2836-s030.R
PMC7691471	r	EVA-13-2836-s031.R
PMC7691471	r	EVA-13-2836-s032.R
PMC7695479	py	aba4905_Data_S4.py
PMC7696180	for	polymers-12-02710-s001.for
PMC7700738	tab	peerj-08-10442-s004.tab
PMC7700738	tab	peerj-08-10442-s005.tab
PMC7703392	r	peerj-08-10433-s006.r
PMC7703392	r	peerj-08-10433-s007.r
PMC7703392	r	peerj-08-10433-s008.r
PMC7703910	r	pone.0242328.s001.R
PMC7703910	r	pone.0242328.s002.R
PMC7706207	rmd	41073_2020_101_MOESM3_ESM.rmd
PMC7706506	r	peerj-08-10356-s003.r
PMC7707464	r	pone.0242354.s004.R
PMC7707576	r	pone.0243171.s012.R
PMC7717908	ps	elife-61265-fig5-data1.ps
PMC7717908	ps	elife-61265-fig5-data2.ps
PMC7718877	ipynb	41598_2020_77706_MOESM3_ESM.ipynb
PMC7721128	mod	pone.0236304.s006.mod
PMC7725303	r	pone.0242826.s002.R
PMC7725364	m	pone.0243631.s002.m
PMC7725364	m	pone.0243631.s003.m
PMC7725364	m	pone.0243631.s004.m
PMC7725364	m	pone.0243631.s005.m
PMC7725364	m	pone.0243631.s006.m
PMC7725838	tex	41598_2020_78560_MOESM12_ESM.tex
PMC7728256	r	pone.0243063.s011.R
PMC7732122	sh	pone.0243853.s011.SH
PMC7732350	m	pone.0242715.s001.m
PMC7732350	m	pone.0242715.s002.m
PMC7732350	m	pone.0242715.s003.m
PMC7732350	m	pone.0242715.s004.m
PMC7732350	m	pone.0242715.s005.m
PMC7732350	m	pone.0242715.s006.m
PMC7732350	m	pone.0242715.s007.m
PMC7732350	m	pone.0242715.s008.m
PMC7732350	m	pone.0242715.s009.m
PMC7732350	m	pone.0242715.s010.m
PMC7732350	m	pone.0242715.s011.m
PMC7732350	m	pone.0242715.s012.m
PMC7732350	m	pone.0242715.s013.m
PMC7732809	r	114_2020_1709_MOESM2_ESM.r
PMC7733651	r	peerj-08-10502-s007.r
PMC7734810	r	13643_2020_1520_MOESM1_ESM.r
PMC7735331	nb	rsos201270supp1.nb
PMC7735824	py	6248686.f1.py
PMC7736696	ipynb	Beilstein_J_Org_Chem-16-3038-s003.ipynb
PMC7737248	r	12911_2020_1286_MOESM1_ESM.r
PMC7737906	tex	pgen.1009060.s001.tex
PMC7737906	tex	pgen.1009060.s002.tex
PMC7737964	sas	pone.0244013.s002.sas
PMC7737964	sas	pone.0244013.s003.sas
PMC7745984	py	pone.0240376.s004.py
PMC7745984	py	pone.0240376.s005.py
PMC7746568	r	12520_2020_1254_MOESM3_ESM.r
PMC7747455	svg	12863_2020_943_MOESM1_ESM.svg
PMC7748153	r	pone.0242773.s047.R
PMC7748153	r	pone.0242773.s048.R
PMC7748286	m	pone.0244219.s006.m
PMC7748286	m	pone.0244219.s007.m
PMC7750003	m	peerj-08-10151-s001.m
PMC7750003	m	peerj-08-10151-s002.m
PMC7750003	m	peerj-08-10151-s003.m
PMC7751427	ss	peerj-08-10595-s002.ss
PMC7751979	py	pone.0240573.s002.py
PMC7752918	r	41598_2020_78931_MOESM2_ESM.r
PMC7755288	m	pcbi.1008412.s002.m
PMC7755477	md	6056383.f1.md
PMC7759381	mat	elife-60047-fig2-data1.mat
PMC7759381	mat	elife-60047-fig3-data1.mat
PMC7759381	mat	elife-60047-fig4-data1.mat
PMC7759381	mat	elife-60047-fig5-figsupp1-data1.mat
PMC7759381	mat	elife-60047-fig6-data1.mat
PMC7759381	mat	elife-60047-fig7-data1.mat
PMC7759381	mat	elife-60047-fig8-data1.mat
PMC7761203	r	peerj-08-10490-s016.r
PMC7768983	m	SIMPolyMatlabCode.m
PMC7769557	rmd	pone.0243719.s005.Rmd
PMC7769610	r	pcbi.1008473.s001.R
PMC7772160	r	426_2019_1198_MOESM1_ESM.r
PMC7772160	r	426_2019_1198_MOESM2_ESM.r
PMC7773272	ipynb	pone.0244739.s003.ipynb
PMC7773275	r	pone.0244542.s002.R
PMC7773874	m	mmc1.m
PMC7774840	tex	pone.0236495.s002.tex
PMC7774846	rmd	ppat.1009068.s003.Rmd
PMC7774846	r	ppat.1009068.s004.R
PMC7774846	rmd	ppat.1009068.s006.Rmd
PMC7775109	mat	elife-60433-fig2-data1.mat
PMC7775109	mat	elife-60433-fig3-data1.mat
PMC7775109	mat	elife-60433-fig4-data1.mat
PMC7775109	mat	elife-60433-fig5-data1.mat
PMC7775109	mat	elife-60433-fig6-data1.mat
PMC7781372	bib	pone.0244326.s002.bib
PMC7788022	rmd	13414_2020_2042_MOESM2_ESM.rmd
PMC7788022	r	13414_2020_2042_MOESM3_ESM.r
PMC7788717	m	13068_2020_1838_MOESM4_ESM.m
PMC7788940	r	12967_2020_2691_MOESM6_ESM.r
PMC7789146	r	12874_2020_1193_MOESM1_ESM.r
PMC7789171	r	13321_2020_477_MOESM6_ESM.r
PMC7789248	r	13072_2020_379_MOESM16_ESM.r
PMC7789897	r	12874_2020_1196_MOESM3_ESM.r
PMC7789897	r	12874_2020_1196_MOESM4_ESM.r
PMC7790377	r	pone.0244877.s012.R
PMC7790645	svg	ECE3-11-89-s002.svg
PMC7790645	svg	ECE3-11-89-s003.svg
PMC7790645	svg	ECE3-11-89-s004.svg
PMC7790645	svg	ECE3-11-89-s005.svg
PMC7790645	svg	ECE3-11-89-s006.svg
PMC7792525	sh	peerj-09-10571-s009.sh
PMC7796663	r	peerj-09-10576-s003.r
PMC7796663	r	peerj-09-10576-s004.r
PMC7797273	do	40711_2020_135_MOESM1_ESM.do
PMC7799755	sas	pmed.1003465.s005.sas
PMC7806170	r	pone.0222898.s011.R
PMC7806170	r	pone.0222898.s012.R
PMC7806170	r	pone.0222898.s013.r
PMC7806170	cpp	pone.0222898.s015.cpp
PMC7806611	svg	41598_2020_79742_MOESM4_ESM.svg
PMC7806617	pub	41598_2020_78053_MOESM4_ESM.pub
PMC7806617	pub	41598_2020_78053_MOESM5_ESM.pub
PMC7806733	r	41598_2020_80614_MOESM3_ESM.r
PMC7807722	tab	12915_2020_945_MOESM2_ESM.tab
PMC7807790	r	12982_2020_91_MOESM1_ESM.r
PMC7808267	r	peerj-09-10559-s002.r
PMC7808581	rmd	pone.0245503.s006.Rmd
PMC7810039	r	peerj-09-10632-s002.r
PMC7810296	tab	pone.0245325.s022.tab
PMC7810296	tab	pone.0245325.s023.tab
PMC7811786	bash	peerj-09-10420-s016.bash
PMC7811786	r	peerj-09-10420-s021.r
PMC7811786	r	peerj-09-10420-s022.r
PMC7812929	r	peerj-09-10671-s009.r
PMC7813722	r	10329_2020_835_MOESM5_ESM.r
PMC7815157	r	pone.0244734.s012.R
PMC7815432	r	rstb20190673supp12.r
PMC7819244	stan	13071_2020_4560_MOESM1_ESM.stan
PMC7819244	stan	13071_2020_4560_MOESM2_ESM.stan
PMC7819244	stan	13071_2020_4560_MOESM3_ESM.stan
PMC7819244	stan	13071_2020_4560_MOESM4_ESM.stan
PMC7819244	stan	13071_2020_4560_MOESM5_ESM.stan
PMC7819244	stan	13071_2020_4560_MOESM6_ESM.stan
PMC7819244	stan	13071_2020_4560_MOESM7_ESM.stan
PMC7820139	rd	ECE3-11-900-s002.Rd
PMC7820139	r	ECE3-11-900-s003.R
PMC7821317	nb	EVO-74-2714-s002.nb
PMC7822263	do	pone.0244823.s001.do
PMC7822343	tex	pone.0245627.s001.tex
PMC7825366	r	peerj-09-10749-s013.r
PMC7826318	r	11336_2020_9738_MOESM3_ESM.r
PMC7826318	r	11336_2020_9738_MOESM4_ESM.r
PMC7826318	r	11336_2020_9738_MOESM5_ESM.r
PMC7831185	py	12859_2020_3951_MOESM1_ESM.py
PMC7831270	mat	13071_2021_4581_MOESM2_ESM.mat
PMC7831270	m	13071_2021_4581_MOESM3_ESM.m
PMC7831370	r	peerj-09-10758-s003.r
PMC7833226	r	pone.0245786.s001.R
PMC7837463	nb	pone.0244592.s005.nb
PMC7837478	rmd	pbio.3001053.s009.Rmd
PMC7837478	rmd	pbio.3001053.s013.Rmd
PMC7837478	rmd	pbio.3001053.s016.Rmd
PMC7839594	r	SIM-40-690-s001.R
PMC7839594	r	SIM-40-690-s002.R
PMC7840012	r	pone.0242546.s003.R
PMC7842879	sas	pone.0245670.s005.sas
PMC7843017	sps	pone.0245915.s005.sps
PMC7843535	sps	520_2020_5592_MOESM1_ESM.sps
PMC7844958	r	13104_2021_5455_MOESM2_ESM.r
PMC7845962	sps	pone.0245671.s005.sps
PMC7845962	sps	pone.0245671.s006.sps
PMC7845962	sps	pone.0245671.s008.sps
PMC7845982	r	pone.0245367.s001.r
PMC7845982	r	pone.0245367.s002.r
PMC7846772	mat	41467_2021_20947_MOESM10_ESM.mat
PMC7846772	mat	41467_2021_20947_MOESM13_ESM.mat
PMC7846772	mat	41467_2021_20947_MOESM6_ESM.mat
PMC7846772	mat	41467_2021_20947_MOESM7_ESM.mat
PMC7846772	mat	41467_2021_20947_MOESM8_ESM.mat
PMC7846848	kml	41598_2021_81561_MOESM3_ESM.kml
PMC7850487	r	pcbi.1008601.s001.R
PMC7850487	py	pcbi.1008601.s002.py
PMC7850487	r	pcbi.1008601.s003.R
PMC7850487	py	pcbi.1008601.s004.py
PMC7852385	do	aba6910_Data_file_S1.do
PMC7860110	r	peerj-09-10684-s003.r
PMC7860112	r	peerj-09-10399-s001.r
PMC7860181	r	12863_2021_960_MOESM4_ESM.r
PMC7860201	r	12862_2021_1747_MOESM2_ESM.r
PMC7860201	r	12862_2021_1747_MOESM3_ESM.r
PMC7860207	r	12859_2020_3932_MOESM7_ESM.r
PMC7860207	r	12859_2020_3932_MOESM8_ESM.r
PMC7861445	do	pone.0246032.s004.do
PMC7861530	r	pone.0246172.s002.R
PMC7861618	mat	elife-61591-fig1-figsupp1-data1.mat
PMC7861618	mat	elife-61591-fig10-data1.mat
PMC7861618	mat	elife-61591-fig10-data2.mat
PMC7861618	mat	elife-61591-fig10-data3.mat
PMC7861618	mat	elife-61591-fig10-data4.mat
PMC7861618	mat	elife-61591-fig10-data5.mat
PMC7861618	mat	elife-61591-fig10-figsupp1-data1.mat
PMC7861618	mat	elife-61591-fig10-figsupp1-data2.mat
PMC7861618	mat	elife-61591-fig10-figsupp1-data3.mat
PMC7861618	mat	elife-61591-fig10-figsupp1-data4.mat
PMC7861618	mat	elife-61591-fig10-figsupp2-data1.mat
PMC7861618	mat	elife-61591-fig10-figsupp2-data2.mat
PMC7861618	mat	elife-61591-fig11-data1.mat
PMC7861618	mat	elife-61591-fig11-data2.mat
PMC7861618	mat	elife-61591-fig11-figsupp1-data1.mat
PMC7861618	mat	elife-61591-fig11-figsupp1-data2.mat
PMC7861618	mat	elife-61591-fig11-figsupp1-data3.mat
PMC7861618	mat	elife-61591-fig2-data1.mat
PMC7861618	mat	elife-61591-fig2-data2.mat
PMC7861618	mat	elife-61591-fig2-figsupp1-data1.mat
PMC7861618	mat	elife-61591-fig2-figsupp2-data1.mat
PMC7861618	mat	elife-61591-fig2-figsupp2-data2.mat
PMC7861618	mat	elife-61591-fig3-data1.mat
PMC7861618	mat	elife-61591-fig3-data2.mat
PMC7861618	mat	elife-61591-fig3-figsupp1-data1.mat
PMC7861618	mat	elife-61591-fig3-figsupp2-data1.mat
PMC7861618	mat	elife-61591-fig3-figsupp2-data2.mat
PMC7861618	mat	elife-61591-fig4-data1.mat
PMC7861618	mat	elife-61591-fig4-data2.mat
PMC7861618	mat	elife-61591-fig4-figsupp1-data1.mat
PMC7861618	mat	elife-61591-fig4-figsupp2-data1.mat
PMC7861618	mat	elife-61591-fig4-figsupp3-data1.mat
PMC7861618	mat	elife-61591-fig4-figsupp3-data2.mat
PMC7861618	mat	elife-61591-fig5-data1.mat
PMC7861618	mat	elife-61591-fig5-data2.mat
PMC7861618	mat	elife-61591-fig6-data1.mat
PMC7861618	mat	elife-61591-fig6-data2.mat
PMC7861618	mat	elife-61591-fig6-figsupp1-data1.mat
PMC7861618	mat	elife-61591-fig6-figsupp2-data1.mat
PMC7861618	mat	elife-61591-fig6-figsupp2-data2.mat
PMC7861618	mat	elife-61591-fig6-figsupp3-data1.mat
PMC7861618	mat	elife-61591-fig6-figsupp4-data1.mat
PMC7861618	mat	elife-61591-fig6-figsupp5-data1.mat
PMC7861618	mat	elife-61591-fig6-figsupp6-data1.mat
PMC7861618	mat	elife-61591-fig6-figsupp7-data1.mat
PMC7861618	mat	elife-61591-fig6-figsupp8-data1.mat
PMC7861618	mat	elife-61591-fig7-data1.mat
PMC7861618	mat	elife-61591-fig7-data2.mat
PMC7861618	mat	elife-61591-fig7-figsupp1-data1.mat
PMC7861618	mat	elife-61591-fig7-figsupp2-data1.mat
PMC7861618	mat	elife-61591-fig7-figsupp2-data2.mat
PMC7861618	mat	elife-61591-fig7-figsupp3-data1.mat
PMC7861618	mat	elife-61591-fig7-figsupp4-data1.mat
PMC7861618	mat	elife-61591-fig7-figsupp5-data1.mat
PMC7861618	mat	elife-61591-fig7-figsupp6-data1.mat
PMC7861618	mat	elife-61591-fig7-figsupp7-data1.mat
PMC7861618	mat	elife-61591-fig7-figsupp8-data1.mat
PMC7861618	mat	elife-61591-fig9-data1.mat
PMC7861618	mat	elife-61591-fig9-figsupp1-data1.mat
PMC7861618	mat	elife-61591-fig9-figsupp2-data1.mat
PMC7861618	mat	elife-61591-fig9-figsupp3-data1.mat
PMC7861618	mat	elife-61591-fig9-figsupp4-data1.mat
PMC7861618	mat	elife-61591-fig9-figsupp5-data1.mat
PMC7863784	r	peerj-09-10526-s004.r
PMC7864449	rmd	pone.0246589.s005.Rmd
PMC7864983	r	41598_2021_82526_MOESM3_ESM.r
PMC7866899	r	peerj-09-10817-s001.r
PMC7872280	py	pone.0244787.s010.py
PMC7872280	py	pone.0244787.s011.py
PMC7872280	py	pone.0244787.s012.py
PMC7872280	r	pone.0244787.s013.R
PMC7872280	r	pone.0244787.s014.R
PMC7872280	r	pone.0244787.s018.R
PMC7873224	r	41598_2021_83107_MOESM6_ESM.r
PMC7875408	rmd	pone.0246819.s002.Rmd
PMC7877239	r	peerj-09-10908-s004.r
PMC7878921	r	41598_2021_83353_MOESM3_ESM.r
PMC7879751	py	rsif20200624supp3.py
PMC7879751	r	rsif20200624supp4.R
PMC7881668	rmd	13321_2021_484_MOESM6_ESM.rmd
PMC7882057	m	11205_2021_2626_MOESM1_ESM.m
PMC7882057	m	11205_2021_2626_MOESM2_ESM.m
PMC7882057	m	11205_2021_2626_MOESM3_ESM.m
PMC7882057	m	11205_2021_2626_MOESM4_ESM.m
PMC7882057	m	11205_2021_2626_MOESM5_ESM.m
PMC7886133	svg	pgen.1008761.s003.svg
PMC7886192	ipynb	pone.0246044.s001.ipynb
PMC7886216	r	pone.0239247.s003.R
PMC7888140	r	12915_2021_974_MOESM2_ESM.r
PMC7890495	r	rsos201823supp1.r
PMC7890495	py	rsos201823supp3.py
PMC7890525	tex	enu-eN-NWR-0177-20-s03.tex
PMC7891732	r	pone.0246893.s002.R
PMC7892739	tex	10754_2020_9289_MOESM1_ESM.tex
PMC7893258	r	rspb20202307supp3.R
PMC7894897	do	pone.0246460.s006.do
PMC7896502	r	peerj-09-10950-s002.r
PMC7896713	nb	EVA-14-348-s001.nb
PMC7896720	r	EVA-14-278-s007.r
PMC7896720	r	EVA-14-278-s008.r
PMC7896720	r	EVA-14-278-s009.r
PMC7896726	py	EVA-14-446-s006.py
PMC7897410	r	peerj-09-10608-s001.r
PMC7897648	cpp	rspa20200604supp1.cpp
PMC7897648	cpp	rspa20200604supp2.cpp
PMC7898450	m	12964_2021_710_MOESM3_ESM.m
PMC7898450	mat	12964_2021_710_MOESM4_ESM.mat
PMC7899363	cpp	pone.0247294.s006.cpp
PMC7899367	sh	pcbi.1008716.s002.sh
PMC7899367	sh	pcbi.1008716.s003.sh
PMC7899367	sh	pcbi.1008716.s004.sh
PMC7899367	sh	pcbi.1008716.s006.sh
PMC7899367	sh	pcbi.1008716.s008.sh
PMC7899958	r	402_2020_3691_MOESM3_ESM.r
PMC7901203	r	40813_2021_199_MOESM1_ESM.r
PMC7901736	r	pcbi.1008734.s002.R
PMC7902815	r	41598_2021_83886_MOESM1_ESM.r
PMC7903625	r	12859_2020_3934_MOESM21_ESM.r
PMC7903625	py	12859_2020_3934_MOESM22_ESM.py
PMC7903625	py	12859_2020_3934_MOESM23_ESM.py
PMC7904190	r	pone.0246842.s001.R
PMC7904811	r	41598_2021_83365_MOESM2_ESM.r
PMC7906043	r	peerj-09-10647-s001.r
PMC7906344	rmd	pone.0246797.s008.Rmd
PMC7906344	rmd	pone.0246797.s009.Rmd
PMC7906344	ipynb	pone.0246797.s010.ipynb
PMC7906393	r	pone.0247535.s003.R
PMC7906423	c	pone.0247438.s008.c
PMC7906452	r	pntd.0009023.s001.R
PMC7906603	mat	elife-60145-fig3-data1.mat
PMC7907360	nb	41598_2021_83951_MOESM1_ESM.nb
PMC7908797	svg	12885_2021_7931_MOESM2_ESM.svg
PMC7909686	nb	pcbi.1008658.s001.nb
PMC7912604	r	peerj-09-11003-s002.r
PMC7912882	tab	12936_2021_3630_MOESM2_ESM.tab
PMC7913338	m	13015_2020_180_MOESM1_ESM.m
PMC7913338	mat	13015_2020_180_MOESM2_ESM.mat
PMC7913338	mat	13015_2020_180_MOESM3_ESM.mat
PMC7913338	mat	13015_2020_180_MOESM4_ESM.mat
PMC7919543	pl	peerj-09-10539-s020.pl
PMC7920373	sas	pone.0247808.s002.sas
PMC7924422	r	peerj-cs-07-350-s004.r
PMC7924422	r	peerj-cs-07-350-s005.r
PMC7924429	java	peerj-cs-06-323-s001.java
PMC7924442	m	peerj-cs-06-306-s001.m
PMC7924448	sh	peerj-cs-05-183-s001.sh
PMC7924461	py	peerj-cs-05-224-s009.py
PMC7924461	py	peerj-cs-05-224-s010.py
PMC7924461	py	peerj-cs-05-224-s011.py
PMC7924461	py	peerj-cs-05-224-s012.py
PMC7924465	ipynb	peerj-cs-04-167-s003.ipynb
PMC7924469	m	peerj-cs-06-268-s003.m
PMC7924469	m	peerj-cs-06-268-s004.m
PMC7924469	m	peerj-cs-06-268-s005.m
PMC7924469	py	peerj-cs-06-268-s006.py
PMC7924469	py	peerj-cs-06-268-s007.py
PMC7924469	m	peerj-cs-06-268-s008.m
PMC7924469	py	peerj-cs-06-268-s009.py
PMC7924469	m	peerj-cs-06-268-s010.m
PMC7924469	m	peerj-cs-06-268-s011.m
PMC7924469	m	peerj-cs-06-268-s012.m
PMC7924469	py	peerj-cs-06-268-s013.py
PMC7924469	m	peerj-cs-06-268-s014.m
PMC7924477	py	peerj-cs-06-325-s002.py
PMC7924477	py	peerj-cs-06-325-s003.py
PMC7924477	py	peerj-cs-06-325-s004.py
PMC7924477	py	peerj-cs-06-325-s005.py
PMC7924477	py	peerj-cs-06-325-s006.py
PMC7924481	json	peerj-cs-05-214-s002.json
PMC7924481	json	peerj-cs-05-214-s003.json
PMC7924481	json	peerj-cs-05-214-s004.json
PMC7924490	c	peerj-cs-05-190-s001.c
PMC7924499	r	peerj-cs-06-298-s003.r
PMC7924499	r	peerj-cs-06-298-s004.r
PMC7924499	r	peerj-cs-06-298-s005.r
PMC7924501	py	peerj-cs-05-236-s001.py
PMC7924501	py	peerj-cs-05-236-s002.py
PMC7924501	py	peerj-cs-05-236-s003.py
PMC7924518	py	peerj-cs-06-248-s001.py
PMC7924518	py	peerj-cs-06-248-s002.py
PMC7924518	py	peerj-cs-06-248-s003.py
PMC7924518	py	peerj-cs-06-248-s004.py
PMC7924518	py	peerj-cs-06-248-s005.py
PMC7924518	py	peerj-cs-06-248-s006.py
PMC7924518	py	peerj-cs-06-248-s007.py
PMC7924518	py	peerj-cs-06-248-s008.py
PMC7924518	py	peerj-cs-06-248-s009.py
PMC7924518	json	peerj-cs-06-248-s013.json
PMC7924518	json	peerj-cs-06-248-s014.json
PMC7924518	json	peerj-cs-06-248-s015.json
PMC7924550	r	peerj-cs-05-170-s002.r
PMC7924670	py	peerj-cs-05-191-s001.py
PMC7924670	py	peerj-cs-05-191-s002.py
PMC7924670	py	peerj-cs-05-191-s003.py
PMC7924670	py	peerj-cs-05-191-s004.py
PMC7924670	json	peerj-cs-05-191-s005.json
PMC7924670	json	peerj-cs-05-191-s006.json
PMC7924670	json	peerj-cs-05-191-s007.json
PMC7924675	md	peerj-cs-06-299-s004.md
PMC7924680	py	peerj-cs-05-210-s001.py
PMC7924688	ipynb	peerj-cs-06-312-s001.ipynb
PMC7924711	ipynb	peerj-cs-06-327-s001.ipynb
PMC7924783	do	pone.0247454.s004.do
PMC7924954	nb	elife-60200-supp1.nb
PMC7924958	tex	elife-60577-supp1.tex
PMC7928490	r	pone.0247995.s001.R
PMC7931711	r	peerj-09-10917-s001.r
PMC7931714	r	peerj-09-10722-s001.r
PMC7932141	r	pone.0247183.s003.R
PMC7932141	r	pone.0247183.s004.R
PMC7932141	r	pone.0247183.s005.R
PMC7932155	r	pone.0247255.s002.r
PMC7932155	r	pone.0247255.s003.r
PMC7932155	r	pone.0247255.s004.r
PMC7932519	r	pone.0247458.s006.R
PMC7940653	r	41598_2021_84160_MOESM4_ESM.r
PMC7940653	r	41598_2021_84160_MOESM5_ESM.r
PMC7944603	py	12859_2021_4035_MOESM2_ESM.py
PMC7945051	m	13007_2021_726_MOESM1_ESM.m
PMC7945669	rmd	12859_2021_4048_MOESM4_ESM.rmd
PMC7946185	mat	pbio.3001116.s003.mat
PMC7946185	mat	pbio.3001116.s004.mat
PMC7946185	mat	pbio.3001116.s005.mat
PMC7946185	mat	pbio.3001116.s007.mat
PMC7946420	mat	elife-63166-fig1-data1.mat
PMC7946420	mat	elife-63166-fig2-data1.mat
PMC7946420	mat	elife-63166-fig3-data1.mat
PMC7946420	mat	elife-63166-fig4-data1.mat
PMC7946420	mat	elife-63166-fig5-data1.mat
PMC7951846	r	pbio.3000890.s001.R
PMC7951846	r	pbio.3000890.s002.R
PMC7951846	r	pbio.3000890.s003.R
PMC7951982	r	pcbi.1008669.s007.R
PMC7952356	r	12052_2021_143_MOESM8_ESM.r
PMC7953882	r	peerj-09-10837-s042.r
PMC7953882	rmd	peerj-09-10837-s043.rmd
PMC7955668	r	peerj-09-10974-s003.r
PMC7959405	tex	pcbi.1008787.s003.tex
PMC7959616	cs	peerj-cs-07-399-s003.cs
PMC7959618	json	peerj-cs-07-406-s001.json
PMC7959618	json	peerj-cs-07-406-s002.json
PMC7959618	json	peerj-cs-07-406-s003.json
PMC7959621	ipynb	peerj-cs-07-366-s001.ipynb
PMC7959621	ipynb	peerj-cs-07-366-s002.ipynb
PMC7959623	ipynb	peerj-cs-07-348-s001.ipynb
PMC7959623	ipynb	peerj-cs-07-348-s002.ipynb
PMC7959623	ipynb	peerj-cs-07-348-s003.ipynb
PMC7959623	ipynb	peerj-cs-07-348-s004.ipynb
PMC7959623	ipynb	peerj-cs-07-348-s005.ipynb
PMC7959623	ipynb	peerj-cs-07-348-s006.ipynb
PMC7959623	ipynb	peerj-cs-07-348-s007.ipynb
PMC7959623	ipynb	peerj-cs-07-348-s008.ipynb
PMC7959623	ipynb	peerj-cs-07-348-s009.ipynb
PMC7959623	ipynb	peerj-cs-07-348-s010.ipynb
PMC7959623	ipynb	peerj-cs-07-348-s011.ipynb
PMC7959623	ipynb	peerj-cs-07-348-s012.ipynb
PMC7959623	ipynb	peerj-cs-07-348-s013.ipynb
PMC7959623	ipynb	peerj-cs-07-348-s014.ipynb
PMC7959623	ipynb	peerj-cs-07-348-s015.ipynb
PMC7959623	ipynb	peerj-cs-07-348-s016.ipynb
PMC7959623	ipynb	peerj-cs-07-348-s017.ipynb
PMC7959623	ipynb	peerj-cs-07-348-s018.ipynb
PMC7959625	m	peerj-cs-07-354-s001.m
PMC7959625	m	peerj-cs-07-354-s002.m
PMC7959625	m	peerj-cs-07-354-s003.m
PMC7959659	py	peerj-cs-07-421-s001.py
PMC7959659	py	peerj-cs-07-421-s002.py
PMC7959659	py	peerj-cs-07-421-s003.py
PMC7959659	py	peerj-cs-07-421-s004.py
PMC7959659	py	peerj-cs-07-421-s005.py
PMC7959659	py	peerj-cs-07-421-s006.py
PMC7959659	py	peerj-cs-07-421-s007.py
PMC7959659	py	peerj-cs-07-421-s008.py
PMC7959659	py	peerj-cs-07-421-s009.py
PMC7959659	py	peerj-cs-07-421-s010.py
PMC7959659	py	peerj-cs-07-421-s011.py
PMC7959659	py	peerj-cs-07-421-s012.py
PMC7959659	py	peerj-cs-07-421-s013.py
PMC7959659	py	peerj-cs-07-421-s014.py
PMC7959659	bat	peerj-cs-07-421-s015.bat
PMC7963038	r	pntd.0009236.s003.R
PMC7963038	r	pntd.0009236.s004.R
PMC7963038	r	pntd.0009236.s005.R
PMC7963038	r	pntd.0009236.s006.R
PMC7963038	r	pntd.0009236.s007.R
PMC7963108	r	pcbi.1008786.s006.R
PMC7965835	r	PSP4-10-230-s003.r
PMC7967953	r	12864_2021_7502_MOESM2_ESM.r
PMC7969164	sh	res-128-755-s001.sh
PMC7969164	r	res-128-755-s002.r
PMC7969164	sh	res-128-755-s003.sh
PMC7969164	sh	res-128-755-s004.sh
PMC7969164	sh	res-128-755-s005.sh
PMC7971526	sps	pone.0248624.s002.sps
PMC7979800	bib	41598_2021_82763_MOESM6_ESM.bib
PMC7979800	cls	41598_2021_82763_MOESM7_ESM.cls
PMC7981203	rmd	ECE3-11-2814-s002.rmd
PMC7981218	r	ECE3-11-2828-s001.r
PMC7983290	r	12862_2021_1779_MOESM6_ESM.r
PMC7984617	cpp	pcbi.1008177.s011.cpp
PMC7985674	r	mmc2.r
PMC7986807	nb	MRM-85-2992-s001.nb
PMC7986807	nb	MRM-85-2992-s002.nb
PMC7987705	kml	bdj-09-e62809-s001.kml
PMC7987705	kml	bdj-09-e62809-s002.kml
PMC7987705	kml	bdj-09-e62809-s003.kml
PMC7990286	svg	pone.0241960.s002.svg
PMC7993814	tex	pone.0248805.s001.tex
PMC7993814	tex	pone.0248805.s002.tex
PMC7993814	tex	pone.0248805.s003.tex
PMC7993814	tex	pone.0248805.s004.tex
PMC7993814	m	pone.0248805.s005.m
PMC7993814	m	pone.0248805.s006.m
PMC7993814	m	pone.0248805.s007.m
PMC7993814	m	pone.0248805.s008.m
PMC7993814	m	pone.0248805.s009.m
PMC7993814	m	pone.0248805.s010.m
PMC7994311	py	41598_2021_86022_MOESM3_ESM.py
PMC7994311	py	41598_2021_86022_MOESM4_ESM.py
PMC7994311	py	41598_2021_86022_MOESM5_ESM.py
PMC7994311	py	41598_2021_86022_MOESM6_ESM.py
PMC7994311	py	41598_2021_86022_MOESM7_ESM.py
PMC7994311	py	41598_2021_86022_MOESM8_ESM.py
PMC7994311	py	41598_2021_86022_MOESM9_ESM.py
PMC7994444	r	41598_2021_86036_MOESM3_ESM.r
PMC8006989	mat	pone.0248861.s008.mat
PMC8006989	mat	pone.0248861.s009.mat
PMC8006989	mat	pone.0248861.s010.mat
PMC8006989	mat	pone.0248861.s011.mat
PMC8006989	mat	pone.0248861.s012.mat
PMC8011402	pl	40164_2021_219_MOESM4_ESM.pl
PMC8011817	json	ppat.1009374.s013.json
PMC8012818	svg	0141-2021_Supplementary_Figure_5a.svg
PMC8012818	svg	0141-2021_Supplementary_Figure_5b.svg
PMC8015786	stan	peerj-09-11032-s001.stan
PMC8015786	r	peerj-09-11032-s004.r
PMC8016248	json	pone.0244641.s001.json
PMC8016248	sh	pone.0244641.s004.sh
PMC8016248	py	pone.0244641.s005.py
PMC8016248	sql	pone.0244641.s006.sql
PMC8016248	ipynb	pone.0244641.s007.ipynb
PMC8016302	m	pone.0247671.s006.m
PMC8016787	r	40262_2020_960_MOESM1_ESM.r
PMC8016807	m	285_2021_1597_MOESM1_ESM.m
PMC8016807	m	285_2021_1597_MOESM2_ESM.m
PMC8016807	m	285_2021_1597_MOESM3_ESM.m
PMC8016807	m	285_2021_1597_MOESM4_ESM.m
PMC8017886	tex	40168_2021_1035_MOESM1_ESM.tex
PMC8019310	py	peerj-09-11182-s016.py
PMC8019310	py	peerj-09-11182-s017.py
PMC8019310	py	peerj-09-11182-s018.py
PMC8021835	r	ns-2040294-147-suppl.R
PMC8022505	m	peerj-cs-07-417-s004.m
PMC8022505	m	peerj-cs-07-417-s005.m
PMC8022505	m	peerj-cs-07-417-s006.m
PMC8022505	m	peerj-cs-07-417-s007.m
PMC8022578	m	peerj-cs-07-345-s001.m
PMC8022578	m	peerj-cs-07-345-s002.m
PMC8022583	m	peerj-cs-07-400-s001.m
PMC8022633	m	peerj-cs-07-403-s002.m
PMC8028823	r	12911_2021_1477_MOESM2_ESM.r
PMC8029670	r	peerj-09-11187-s003.r
PMC8032646	kml	bdj-09-e64654-s001.kml
PMC8034731	stan	pcbi.1008812.s003.stan
PMC8048088	r	13567_2021_926_MOESM4_ESM.r
PMC8049120	py	peerj-cs-07-475-s002.py
PMC8049120	py	peerj-cs-07-475-s003.py
PMC8049124	ipynb	peerj-cs-07-472-s003.ipynb
PMC8049124	ipynb	peerj-cs-07-472-s004.ipynb
PMC8049124	ipynb	peerj-cs-07-472-s005.ipynb
PMC8049124	ipynb	peerj-cs-07-472-s006.ipynb
PMC8049273	sh	pone.0249695.s006.sh
PMC8049273	r	pone.0249695.s007.R
PMC8049273	r	pone.0249695.s008.R
PMC8049273	r	pone.0249695.s009.R
PMC8049273	r	pone.0249695.s010.R
PMC8051033	json	12967_2021_2824_MOESM3_ESM.json
PMC8054391	yaml	13321_2021_509_MOESM1_ESM.yaml
PMC8056244	md	12859_2021_4122_MOESM2_ESM.md
PMC8056244	ipynb	12859_2021_4122_MOESM3_ESM.ipynb
PMC8056244	ipynb	12859_2021_4122_MOESM4_ESM.ipynb
PMC8056244	ipynb	12859_2021_4122_MOESM5_ESM.ipynb
PMC8056244	ipynb	12859_2021_4122_MOESM6_ESM.ipynb
PMC8056244	ipynb	12859_2021_4122_MOESM7_ESM.ipynb
PMC8056246	mod	peerj-cs-07-499-s003.mod
PMC8057597	sty	pone.0250260.s001.sty
PMC8060183	mod	10928_2020_9727_MOESM1_ESM.mod
PMC8060240	r	40258_2020_620_MOESM1_ESM.r
PMC8061019	m	13293_2021_375_MOESM1_ESM.m
PMC8061174	svg	12864_2021_7611_MOESM3_ESM.svg
PMC8061261	r	EVA-14-1145-s002.R
PMC8061580	ipynb	peerj-09-11205-s002.ipynb
PMC8062428	m	13423_2020_1805_MOESM4_ESM.m
PMC8062428	m	13423_2020_1805_MOESM5_ESM.m
PMC8062473	m	41598_2021_88112_MOESM2_ESM.m
PMC8063869	r	peerj-09-10672-s005.r
PMC8064234	ipynb	peerj-cs-07-444-s002.ipynb
PMC8064554	m	pone.0250463.s007.m
PMC8064554	m	pone.0250463.s008.m
PMC8064554	m	pone.0250463.s009.m
PMC8064554	m	pone.0250463.s010.m
PMC8064554	m	pone.0250463.s011.m
PMC8064554	m	pone.0250463.s012.m
PMC8064554	m	pone.0250463.s013.m
PMC8064554	m	pone.0250463.s014.m
PMC8064554	m	pone.0250463.s015.m
PMC8064554	m	pone.0250463.s016.m
PMC8064554	m	pone.0250463.s017.m
PMC8064554	m	pone.0250463.s018.m
PMC8064752	mat	elife-63258-fig4-data1.mat
PMC8064752	mat	elife-63258-fig4-data2.mat
PMC8064752	mat	elife-63258-fig4-data3.mat
PMC8064752	mat	elife-63258-fig5-data1.mat
PMC8068637	r	11136_2020_2742_MOESM2_ESM.r
PMC8071070	r	peerj-09-11132-s006.r
PMC8071073	r	peerj-09-11105-s003.r
PMC8071076	rmd	peerj-09-11119-s002.rmd
PMC8076177	r	41598_2021_87719_MOESM5_ESM.r
PMC8076177	r	41598_2021_87719_MOESM6_ESM.r
PMC8076228	tex	41598_2021_88255_MOESM1_ESM.tex
PMC8076323	r	41598_2021_87779_MOESM1_ESM.r
PMC8080345	r	12862_2021_1808_MOESM3_ESM.r
PMC8080426	py	peerj-cs-07-466-s001.py
PMC8081688	r	122_2021_3794_MOESM2_ESM.r
PMC8084850	svg	zookeys-1033-035-s004.svg
PMC8084850	svg	zookeys-1033-035-s005.svg
PMC8086122	r	12915_2021_1022_MOESM2_ESM.r
PMC8086122	r	12915_2021_1022_MOESM3_ESM.r
PMC8086567	py	peerj-09-11354-s008.py
PMC8086578	rmd	peerj-09-11352-s003.rmd
PMC8087093	sas	pone.0250850.s002.sas
PMC8092111	rmd	peerj-09-11323-s009.rmd
PMC8093176	r	10519_2021_10046_MOESM4_ESM.r
PMC8093176	r	10519_2021_10046_MOESM5_ESM.r
PMC8093950	py	peerj-cs-07-487-s002.py
PMC8094611	r	12942_2021_273_MOESM2_ESM.r
PMC8095474	r	13021_2021_177_MOESM1_ESM.r
PMC8096080	plist	pone.0249293.s010.plist
PMC8096080	plist	pone.0249293.s011.plist
PMC8096801	kml	bdj-09-e64115-s001.kml
PMC8099058	nb	pone.0250227.s001.nb
PMC8099058	ipynb	pone.0250227.s002.ipynb
PMC8099095	r	pone.0250383.s001.R
PMC8099129	r	pone.0248086.s003.r
PMC8108369	r	12910_2021_625_MOESM3_ESM.r
PMC8109777	r	pone.0250831.s010.R
PMC8113277	rmd	41598_2021_88945_MOESM1_ESM.rmd
PMC8114397	r	RHPB_A_1505520_SM3226.r
PMC8114799	m	peerj-cs-07-514-s001.m
PMC8114799	m	peerj-cs-07-514-s002.m
PMC8114799	m	peerj-cs-07-514-s003.m
PMC8114799	m	peerj-cs-07-514-s004.m
PMC8114799	m	peerj-cs-07-514-s005.m
PMC8114799	m	peerj-cs-07-514-s006.m
PMC8114799	m	peerj-cs-07-514-s007.m
PMC8114799	m	peerj-cs-07-514-s008.m
PMC8114799	m	peerj-cs-07-514-s009.m
PMC8114799	m	peerj-cs-07-514-s010.m
PMC8114799	m	peerj-cs-07-514-s011.m
PMC8114799	mat	peerj-cs-07-514-s012.mat
PMC8114799	m	peerj-cs-07-514-s013.m
PMC8114799	m	peerj-cs-07-514-s014.m
PMC8114799	m	peerj-cs-07-514-s015.m
PMC8114799	m	peerj-cs-07-514-s016.m
PMC8114799	m	peerj-cs-07-514-s017.m
PMC8114799	m	peerj-cs-07-514-s018.m
PMC8114799	m	peerj-cs-07-514-s019.m
PMC8114799	m	peerj-cs-07-514-s020.m
PMC8114813	py	peerj-cs-07-517-s001.py
PMC8114821	v	peerj-cs-07-504-s002.v
PMC8114821	v	peerj-cs-07-504-s003.v
PMC8114821	v	peerj-cs-07-504-s004.v
PMC8114821	v	peerj-cs-07-504-s005.v
PMC8114821	v	peerj-cs-07-504-s006.v
PMC8114821	v	peerj-cs-07-504-s007.v
PMC8114821	v	peerj-cs-07-504-s008.v
PMC8115057	m	41598_2021_89047_MOESM1_ESM.m
PMC8115812	r	pone.0250324.s008.R
PMC8115831	rmd	pone.0251593.s001.Rmd
PMC8118103	sql	12911_2021_1517_MOESM2_ESM.sql
PMC8118295	r	pone.0251121.s006.R
PMC8118339	sty	pone.0250970.s003.sty
PMC8118464	r	pone.0246983.s006.R
PMC8119678	mat	42003_2021_2102_MOESM5_ESM.mat
PMC8119678	mat	42003_2021_2102_MOESM6_ESM.mat
PMC8119678	mat	42003_2021_2102_MOESM7_ESM.mat
PMC8119678	mat	42003_2021_2102_MOESM8_ESM.mat
PMC8121076	py	peerj-09-11314-s001.py
PMC8127996	ps	supp_078693.121_Supplemental_Figure_S1.ps
PMC8127996	ps	supp_078693.121_Supplemental_Figure_S2.ps
PMC8128438	mat	elife-63282-data1.mat
PMC8133481	sas	pone.0251877.s012.sas
PMC8133481	sas	pone.0251877.s013.sas
PMC8133536	rmd	RHPB_A_1472602_SM5158.rmd
PMC8133536	rmd	RHPB_A_1472602_SM5159.rmd
PMC8133777	tex	elife-57964-supp1.tex
PMC8136747	mat	pone.0251417.s001.mat
PMC8136747	mat	pone.0251417.s002.mat
PMC8136747	mat	pone.0251417.s003.mat
PMC8136747	mat	pone.0251417.s004.mat
PMC8136850	m	pone.0251899.s003.m
PMC8138999	svg	40168_2021_1041_MOESM5_ESM.svg
PMC8146624	yaml	12859_2021_4164_MOESM3_ESM.yaml
PMC8147740	r	fsoa-07-698-s3.R
PMC8148077	md	SC-011-C9SC05468E-s024.md
PMC8148077	py	SC-011-C9SC05468E-s025.py
PMC8148077	py	SC-011-C9SC05468E-s026.py
PMC8148077	py	SC-011-C9SC05468E-s027.py
PMC8148077	py	SC-011-C9SC05468E-s028.py
PMC8148077	py	SC-011-C9SC05468E-s029.py
PMC8148077	py	SC-011-C9SC05468E-s030.py
PMC8148077	py	SC-011-C9SC05468E-s031.py
PMC8148077	py	SC-011-C9SC05468E-s032.py
PMC8148077	py	SC-011-C9SC05468E-s033.py
PMC8148077	py	SC-011-C9SC05468E-s034.py
PMC8148077	py	SC-011-C9SC05468E-s035.py
PMC8148077	py	SC-011-C9SC05468E-s036.py
PMC8148077	py	SC-011-C9SC05468E-s037.py
PMC8148077	py	SC-011-C9SC05468E-s038.py
PMC8148077	py	SC-011-C9SC05468E-s039.py
PMC8148077	py	SC-011-C9SC05468E-s040.py
PMC8148077	py	SC-011-C9SC05468E-s041.py
PMC8148324	r	pone.0252035.s002.R
PMC8148334	r	pone.0252051.s001.R
PMC8153503	r	pone.0247900.s002.R
PMC8154912	json	41598_2021_90440_MOESM2_ESM.json
PMC8155214	r	41598_2021_90140_MOESM12_ESM.r
PMC8156998	py	peerj-cs-07-530-s002.py
PMC8156998	py	peerj-cs-07-530-s003.py
PMC8156998	py	peerj-cs-07-530-s004.py
PMC8157142	py	peerj-cs-07-533-s001.py
PMC8157165	r	peerj-cs-07-415-s003.r
PMC8157165	r	peerj-cs-07-415-s004.r
PMC8157248	ipynb	peerj-cs-07-528-s001.ipynb
PMC8157249	cpp	peerj-cs-07-538-s001.cpp
PMC8157250	ipynb	peerj-cs-07-510-s001.ipynb
PMC8159377	mat	elife-62524-fig2-data1.mat
PMC8159377	mat	elife-62524-fig2-data2.mat
PMC8159377	mat	elife-62524-fig2-data3.mat
PMC8159377	mat	elife-62524-fig2-data4.mat
PMC8159377	mat	elife-62524-fig3-data1.mat
PMC8159377	mat	elife-62524-fig4-data1.mat
PMC8159377	mat	elife-62524-fig4-data2.mat
PMC8159377	mat	elife-62524-fig4-data3.mat
PMC8159377	mat	elife-62524-fig4-data4.mat
PMC8159377	mat	elife-62524-fig5-data1.mat
PMC8159377	mat	elife-62524-fig5-data2.mat
PMC8159377	mat	elife-62524-fig5-data3.mat
PMC8159377	mat	elife-62524-fig5-data4.mat
PMC8159377	mat	elife-62524-fig6-data1.mat
PMC8161675	ipynb	SC-011-D0SC03552A-s003.ipynb
PMC8161675	ipynb	SC-011-D0SC03552A-s004.ipynb
PMC8161675	ipynb	SC-011-D0SC03552A-s005.ipynb
PMC8161675	ipynb	SC-011-D0SC03552A-s006.ipynb
PMC8162020	r	40851_2021_176_MOESM5_ESM.r
PMC8162032	py	SC-011-D0SC01443E-s030.py
PMC8162168	m	SC-011-D0SC02592E-s001.m
PMC8162168	m	SC-011-D0SC02592E-s004.m
PMC8162244	r	peerj-09-11414-s001.r
PMC8163846	svg	41396_2020_876_MOESM10_ESM.svg
PMC8163846	svg	41396_2020_876_MOESM11_ESM.svg
PMC8163846	svg	41396_2020_876_MOESM12_ESM.svg
PMC8163846	svg	41396_2020_876_MOESM13_ESM.svg
PMC8163846	svg	41396_2020_876_MOESM14_ESM.svg
PMC8163846	svg	41396_2020_876_MOESM15_ESM.svg
PMC8163846	svg	41396_2020_876_MOESM16_ESM.svg
PMC8163846	svg	41396_2020_876_MOESM18_ESM.svg
PMC8163846	svg	41396_2020_876_MOESM9_ESM.svg
PMC8164487	sps	13104_2021_5626_MOESM2_ESM.sps
PMC8166897	m	181_2021_2069_MOESM10_ESM.m
PMC8166897	mat	181_2021_2069_MOESM11_ESM.mat
PMC8166897	mat	181_2021_2069_MOESM12_ESM.mat
PMC8166897	mat	181_2021_2069_MOESM13_ESM.mat
PMC8166897	mat	181_2021_2069_MOESM14_ESM.mat
PMC8166897	mat	181_2021_2069_MOESM15_ESM.mat
PMC8166897	mat	181_2021_2069_MOESM16_ESM.mat
PMC8166897	m	181_2021_2069_MOESM17_ESM.m
PMC8166897	m	181_2021_2069_MOESM18_ESM.m
PMC8166897	m	181_2021_2069_MOESM19_ESM.m
PMC8166897	mat	181_2021_2069_MOESM1_ESM.mat
PMC8166897	m	181_2021_2069_MOESM20_ESM.m
PMC8166897	mat	181_2021_2069_MOESM21_ESM.mat
PMC8166897	mat	181_2021_2069_MOESM22_ESM.mat
PMC8166897	m	181_2021_2069_MOESM23_ESM.m
PMC8166897	mat	181_2021_2069_MOESM2_ESM.mat
PMC8166897	mat	181_2021_2069_MOESM3_ESM.mat
PMC8166897	mat	181_2021_2069_MOESM4_ESM.mat
PMC8166897	mat	181_2021_2069_MOESM5_ESM.mat
PMC8166897	mat	181_2021_2069_MOESM6_ESM.mat
PMC8166897	mat	181_2021_2069_MOESM7_ESM.mat
PMC8166897	m	181_2021_2069_MOESM8_ESM.m
PMC8166897	m	181_2021_2069_MOESM9_ESM.m
PMC8169114	mat	elife-61610-fig1-data1.mat
PMC8169114	mat	elife-61610-fig1-data2.mat
PMC8169114	mat	elife-61610-fig1-data3.mat
PMC8169114	mat	elife-61610-fig2-data1.mat
PMC8169114	mat	elife-61610-fig2-data2.mat
PMC8169114	mat	elife-61610-fig4-data1.mat
PMC8169114	mat	elife-61610-fig5-data1.mat
PMC8170576	r	MPR-30-e1868-s001.r
PMC8170576	stan	MPR-30-e1868-s002.stan
PMC8174721	sps	pone.0251892.s003.sps
PMC8174721	sps	pone.0251892.s004.sps
PMC8174734	rmd	pone.0252446.s004.Rmd
PMC8176526	java	peerj-cs-07-543-s002.java
PMC8176527	ipynb	peerj-cs-07-554-s001.ipynb
PMC8176527	ipynb	peerj-cs-07-554-s003.ipynb
PMC8176540	r	peerj-cs-07-562-s002.r
PMC8176552	py	peerj-cs-07-532-s001.py
PMC8176552	py	peerj-cs-07-532-s002.py
PMC8177552	do	pone.0252405.s003.do
PMC8177893	mat	elife-66057-fig1-data1.mat
PMC8177893	mat	elife-66057-fig1-data2.mat
PMC8177893	mat	elife-66057-fig2-data1.mat
PMC8177893	mat	elife-66057-fig2-data2.mat
PMC8177893	mat	elife-66057-fig2-data3.mat
PMC8177893	mat	elife-66057-fig3-data1.mat
PMC8177893	mat	elife-66057-fig3-data2.mat
PMC8177893	mat	elife-66057-fig3-data3.mat
PMC8177893	mat	elife-66057-fig4-data1.mat
PMC8177893	mat	elife-66057-fig4-data2.mat
PMC8177893	mat	elife-66057-fig4-data3.mat
PMC8177893	mat	elife-66057-fig5-data1.mat
PMC8177893	mat	elife-66057-fig5-data2.mat
PMC8177893	mat	elife-66057-fig6-data1.mat
PMC8177893	mat	elife-66057-fig6-data2.mat
PMC8177893	mat	elife-66057-fig6-data3.mat
PMC8177893	mat	elife-66057-fig6-data4.mat
PMC8177893	mat	elife-66057-fig6-data5.mat
PMC8177893	mat	elife-66057-fig6-data6.mat
PMC8178294	kml	bdj-09-e68046-s001.kml
PMC8178870	do	13063_2021_5284_MOESM1_ESM.do
PMC8179122	py	SC-012-D0SC05327A-s012.py
PMC8179122	py	SC-012-D0SC05327A-s027.py
PMC8179211	json	SC-012-D0SC05078D-s003.json
PMC8179384	json	SC-012-D0SC05401A-s007.json
PMC8179384	json	SC-012-D0SC05401A-s009.json
PMC8179384	json	SC-012-D0SC05401A-s012.json
PMC8179384	json	SC-012-D0SC05401A-s014.json
PMC8179384	json	SC-012-D0SC05401A-s017.json
PMC8179384	json	SC-012-D0SC05401A-s019.json
PMC8179384	json	SC-012-D0SC05401A-s022.json
PMC8179384	json	SC-012-D0SC05401A-s024.json
PMC8179384	pkl	SC-012-D0SC05401A-s025.pkl
PMC8179384	json	SC-012-D0SC05401A-s026.json
PMC8179384	json	SC-012-D0SC05401A-s028.json
PMC8179384	pkl	SC-012-D0SC05401A-s029.pkl
PMC8179384	json	SC-012-D0SC05401A-s031.json
PMC8179384	json	SC-012-D0SC05401A-s033.json
PMC8179384	pkl	SC-012-D0SC05401A-s034.pkl
PMC8179456	py	SC-012-D0SC06058E-s108.py
PMC8179456	py	SC-012-D0SC06058E-s109.py
PMC8179456	py	SC-012-D0SC06058E-s110.py
PMC8179475	m	SC-012-D0SC06406H-s001.m
PMC8179475	m	SC-012-D0SC06406H-s002.m
PMC8180134	rmd	12966_2021_1143_MOESM2_ESM.rmd
PMC8180196	r	peerj-09-11498-s007.r
PMC8182685	m	Beilstein_J_Nanotechnol-12-517-s001.m
PMC8182900	r	13073_2021_893_MOESM4_ESM.r
PMC8182900	r	13073_2021_893_MOESM5_ESM.r
PMC8182900	r	13073_2021_893_MOESM6_ESM.r
PMC8185542	mat	EMMM-13-e13391-s001.mat
PMC8185542	mat	EMMM-13-e13391-s002.mat
PMC8185542	mat	EMMM-13-e13391-s007.mat
PMC8186779	r	pone.0252533.s004.r
PMC8189025	r	peerj-cs-07-563-s002.r
PMC8189025	r	peerj-cs-07-563-s003.r
PMC8189025	r	peerj-cs-07-563-s004.r
PMC8189025	r	peerj-cs-07-563-s005.r
PMC8189025	r	peerj-cs-07-563-s006.r
PMC8189469	r	pone.0251451.s013.R
PMC8189492	php	pone.0245824.s001.php
PMC8189492	php	pone.0245824.s002.php
PMC8189492	r	pone.0245824.s003.R
PMC8189494	r	pone.0252748.s002.R
PMC8189494	r	pone.0252748.s004.R
PMC8192577	rmd	41598_2021_91703_MOESM5_ESM.rmd
PMC8192577	r	41598_2021_91703_MOESM6_ESM.r
PMC8195409	r	pone.0253207.s002.R
PMC8196502	r	12911_2021_1535_MOESM1_ESM.r
PMC8203799	svg	41598_2021_91835_MOESM10_ESM.svg
PMC8203799	svg	41598_2021_91835_MOESM11_ESM.svg
PMC8203799	svg	41598_2021_91835_MOESM12_ESM.svg
PMC8203799	svg	41598_2021_91835_MOESM1_ESM.svg
PMC8203799	svg	41598_2021_91835_MOESM2_ESM.svg
PMC8203799	svg	41598_2021_91835_MOESM3_ESM.svg
PMC8203799	svg	41598_2021_91835_MOESM4_ESM.svg
PMC8203799	svg	41598_2021_91835_MOESM5_ESM.svg
PMC8203799	svg	41598_2021_91835_MOESM6_ESM.svg
PMC8203799	svg	41598_2021_91835_MOESM7_ESM.svg
PMC8203799	svg	41598_2021_91835_MOESM8_ESM.svg
PMC8203799	svg	41598_2021_91835_MOESM9_ESM.svg
PMC8205299	r	peerj-cs-07-590-s005.r
PMC8205299	r	peerj-cs-07-590-s006.r
PMC8205299	r	peerj-cs-07-590-s007.r
PMC8207413	r	ECE3-11-6657-s002.R
PMC8208580	m	pcbi.1009043.s002.m
PMC8210741	tex	43546_2021_92_MOESM1_ESM.tex
PMC8212748	m	CTS-14-976-s001.m
PMC8212748	m	CTS-14-976-s003.m
PMC8212748	m	CTS-14-976-s004.m
PMC8213151	kml	pone.0252904.s004.kml
PMC8216509	r	pntd.0009463.s003.R
PMC8216509	r	pntd.0009463.s004.R
PMC8216890	r	ECE3-11-7507-s004.R
PMC8216907	r	41379_2021_777_MOESM5_ESM.r
PMC8216936	r	ECE3-11-7354-s002.R
PMC8219789	r	11135_2021_1157_MOESM1_ESM.r
PMC8219789	r	11135_2021_1157_MOESM2_ESM.r
PMC8224843	do	pone.0253266.s002.do
PMC8224843	do	pone.0253266.s003.do
PMC8224843	do	pone.0253266.s004.do
PMC8224843	do	pone.0253266.s005.do
PMC8224843	do	pone.0253266.s006.do
PMC8224843	do	pone.0253266.s007.do
PMC8224843	do	pone.0253266.s008.do
PMC8224843	do	pone.0253266.s009.do
PMC8224843	do	pone.0253266.s010.do
PMC8224843	do	pone.0253266.s011.do
PMC8224911	rmd	pone.0253343.s007.Rmd
PMC8225760	svg	41467_2021_24004_MOESM4_ESM.svg
PMC8225820	sps	41598_2021_92401_MOESM3_ESM.sps
PMC8233042	mat	elife-63355-fig3-data1.mat
PMC8233042	mat	elife-63355-fig3-data2.mat
PMC8233042	mat	elife-63355-fig4-data1.mat
PMC8233042	mat	elife-63355-fig4-data2.mat
PMC8233042	mat	elife-63355-fig4-data3.mat
PMC8233042	mat	elife-63355-fig4-data4.mat
PMC8233042	mat	elife-63355-fig5-data1.mat
PMC8233042	mat	elife-63355-fig6-data1.mat
PMC8240512	tex	9846470.f1.tex
PMC8242873	tex	JORS-61-696-s006.tex
PMC8242873	tex	JORS-61-696-s007.tex
PMC8242873	tex	JORS-61-696-s010.tex
PMC8244886	r	pone.0251878.s031.R
PMC8244886	r	pone.0251878.s035.R
PMC8244909	do	pone.0253566.s017.do
PMC8244909	do	pone.0253566.s018.do
PMC8244909	do	pone.0253566.s019.do
PMC8244909	do	pone.0253566.s020.do
PMC8244909	do	pone.0253566.s021.do
PMC8247598	ps	supp_gad.337592.120_Supplemental_Figure_S1.ps
PMC8247598	ps	supp_gad.337592.120_Supplemental_Figure_S2_EB.ps
PMC8247598	ps	supp_gad.337592.120_Supplemental_Figure_S3_RNAseq_scatterplot.ps
PMC8247598	ps	supp_gad.337592.120_Supplemental_Figure_S4r_ChIP1.ps
PMC8247598	ps	supp_gad.337592.120_Supplemental_Figure_S5_ChIP_d10.ps
PMC8247598	ps	supp_gad.337592.120_Supplemental_Figure_S6_EMSAvAS.ps
PMC8247598	ps	supp_gad.337592.120_Supplemental_Figure_S7_in_vivo_competition.ps
PMC8247598	ps	supp_gad.337592.120_Supplemental_Figure_S8.ps
PMC8248636	rmd	pone.0253895.s001.Rmd
PMC8248696	do	pone.0253291.s005.do
PMC8248696	do	pone.0253291.s006.do
PMC8248696	do	pone.0253291.s007.do
PMC8248696	m	pone.0253291.s008.m
PMC8248696	m	pone.0253291.s009.m
PMC8248891	nb	a-77-00242-sup1.nb
PMC8248987	tex	elife-67077-supp1.tex
PMC8249901	py	HBM-42-3343-s002.py
PMC8253437	r	pone.0253950.s006.R
PMC8253437	r	pone.0253950.s007.R
PMC8253437	r	pone.0253950.s008.R
PMC8254472	r	peerj-09-11531-s003.r
PMC8254476	rmd	peerj-09-11648-s018.rmd
PMC8256813	r	peerj-09-11676-s003.r
PMC8258231	py	ECE3-11-8923-s001.py
PMC8258231	py	ECE3-11-8923-s002.py
PMC8258231	py	ECE3-11-8923-s003.py
PMC8258231	py	ECE3-11-8923-s004.py
PMC8258231	py	ECE3-11-8923-s005.py
PMC8258231	py	ECE3-11-8923-s006.py
PMC8260007	r	pone.0253935.s003.R
PMC8260225	tex	elife-66463-supp1.tex
PMC8260225	tex	elife-66463-supp2.tex
PMC8260225	tex	elife-66463-supp3.tex
PMC8260225	tex	elife-66463-supp4.tex
PMC8260225	tex	elife-66463-supp5.tex
PMC8262872	svg	mbio.01306-21-sf002.svg
PMC8263779	json	41598_2021_92851_MOESM1_ESM.json
PMC8265039	r	12967_2021_2962_MOESM6_ESM.r
PMC8265039	r	12967_2021_2962_MOESM7_ESM.r
PMC8265385	r	peerj-09-11614-s007.r
PMC8266079	mat	pcbi.1008369.s004.mat
PMC8266079	mat	pcbi.1008369.s005.mat
PMC8266079	mat	pcbi.1008369.s006.mat
PMC8266079	mat	pcbi.1008369.s007.mat
PMC8266079	m	pcbi.1008369.s008.m
PMC8266079	m	pcbi.1008369.s009.m
PMC8266079	m	pcbi.1008369.s010.m
PMC8267495	m	mmc1.m
PMC8270143	r	pone.0253455.s001.R
PMC8270143	r	pone.0253455.s002.R
PMC8270206	r	pone.0254084.s006.R
PMC8270216	r	pone.0240948.s001.R
PMC8270216	r	pone.0240948.s002.R
PMC8270216	r	pone.0240948.s003.R
PMC8270216	rmd	pone.0240948.s004.Rmd
PMC8270216	r	pone.0240948.s005.R
PMC8270216	r	pone.0240948.s006.R
PMC8270216	r	pone.0240948.s007.R
PMC8272925	rmd	peerj-09-11638-s004.rmd
PMC8274117	bib	sj-bib-1-mpp-10.1177_23814683211027552.bib
PMC8274495	r	peerj-09-11719-s001.r
PMC8275130	mat	elife-65444-fig2-data1.mat
PMC8275130	mat	elife-65444-fig3-data1.mat
PMC8275130	mat	elife-65444-fig4-data1.mat
PMC8275130	mat	elife-65444-fig7-data1.mat
PMC8279367	svg	pone.0253277.s001.svg
PMC8279367	svg	pone.0253277.s002.svg
PMC8279367	svg	pone.0253277.s003.svg
PMC8279367	svg	pone.0253277.s004.svg
PMC8279367	svg	pone.0253277.s005.svg
PMC8279367	svg	pone.0253277.s006.svg
PMC8279367	svg	pone.0253277.s007.svg
PMC8279367	svg	pone.0253277.s008.svg
PMC8279367	svg	pone.0253277.s009.svg
PMC8279367	svg	pone.0253277.s010.svg
PMC8280159	r	41598_2021_91644_MOESM3_ESM.r
PMC8280379	r	12144_2020_1040_MOESM5_ESM.r
PMC8283302	bib	JBO_026_076006_SD001.bib
PMC8284638	sps	pone.0254644.s004.sps
PMC8284638	sps	pone.0254644.s005.sps
PMC8284788	sps	pone.0253568.s002.sps
PMC8284788	sps	pone.0253568.s004.sps
PMC8284788	sps	pone.0253568.s006.sps
PMC8284813	m	pone.0254524.s004.m
PMC8287781	r	40478_2021_1226_MOESM6_ESM.r
PMC8289037	mat	pone.0254758.s005.mat
PMC8298712	m	41598_2021_94218_MOESM10_ESM.m
PMC8298712	m	41598_2021_94218_MOESM1_ESM.m
PMC8298712	m	41598_2021_94218_MOESM2_ESM.m
PMC8298712	m	41598_2021_94218_MOESM3_ESM.m
PMC8298712	m	41598_2021_94218_MOESM4_ESM.m
PMC8298712	m	41598_2021_94218_MOESM5_ESM.m
PMC8298712	m	41598_2021_94218_MOESM6_ESM.m
PMC8298712	m	41598_2021_94218_MOESM7_ESM.m
PMC8298712	m	41598_2021_94218_MOESM8_ESM.m
PMC8298712	m	41598_2021_94218_MOESM9_ESM.m
PMC8300531	rmd	peerj-09-11742-s009.rmd
PMC8301659	rmd	pone.0255093.s002.Rmd
PMC8301665	do	pone.0255217.s002.do
PMC8301668	stan	pone.0255101.s011.stan
PMC8301736	r	13253_2021_462_MOESM1_ESM.r
PMC8305899	nb	12859_2021_4289_MOESM2_ESM.nb
PMC8305899	nb	12859_2021_4289_MOESM3_ESM.nb
PMC8305899	nb	12859_2021_4289_MOESM4_ESM.nb
PMC8305899	nb	12859_2021_4289_MOESM5_ESM.nb
PMC8310484	r	11356_2021_13124_MOESM1_ESM.r
PMC8310484	r	11356_2021_13124_MOESM4_ESM.r
PMC8318231	r	pntd.0009602.s007.R
PMC8320926	tex	pone.0255240.s004.tex
PMC8321141	do	pone.0253490.s009.do
PMC8323595	r	peerj-09-11634-s001.r
PMC8323729	ipynb	peerj-cs-07-624-s002.ipynb
PMC8324302	mat	elife-64108-fig2-data1.mat
PMC8324302	mat	elife-64108-fig3-data1.mat
PMC8324583	kml	bdj-09-e69156-s001.kml
PMC8325424	r	peerj-09-11886-s002.r
PMC8325429	r	peerj-09-10719-s003.r
PMC8328328	kml	pone.0255496.s004.kml
PMC8328328	kml	pone.0255496.s005.kml
PMC8328328	kml	pone.0255496.s006.kml
PMC8328517	mat	elife-67589-fig1-data1.mat
PMC8328517	mat	elife-67589-fig2-data1.mat
PMC8328517	mat	elife-67589-fig3-data1.mat
PMC8328517	mat	elife-67589-fig4-data1.mat
PMC8328517	mat	elife-67589-fig5-data1.mat
PMC8330430	py	peerj-cs-07-646-s001.py
PMC8330430	py	peerj-cs-07-646-s002.py
PMC8330884	r	pone.0255527.s015.R
PMC8330884	r	pone.0255527.s017.R
PMC8332636	r	11548_2020_2236_MOESM6_ESM.r
PMC8340903	r	peerj-09-11604-s001.r
PMC8344691	r	peerj-09-11813-s008.r
PMC8351579	r	peerj-09-11935-s003.r
PMC8353420	r	12874_2021_1361_MOESM1_ESM.r
PMC8354442	rmd	pbio.3001108.s008.Rmd
PMC8354442	r	pbio.3001108.s009.R
PMC8354442	r	pbio.3001108.s010.r
PMC8354442	r	pbio.3001108.s011.R
PMC8354442	r	pbio.3001108.s012.R
PMC8354442	r	pbio.3001108.s013.R
PMC8354442	r	pbio.3001108.s014.R
PMC8356391	svg	12870_2021_3148_MOESM2_ESM.svg
PMC8357120	svg	pone.0241093.s002.svg
PMC8357120	svg	pone.0241093.s003.svg
PMC8357120	svg	pone.0241093.s004.svg
PMC8357120	svg	pone.0241093.s005.svg
PMC8357120	svg	pone.0241093.s006.svg
PMC8357120	svg	pone.0241093.s007.svg
PMC8357167	py	pone.0256025.s001.py
PMC8358586	do	sj-do-1-jcr-10.1177_0022002721996436.do
PMC8360075	tex	SIM-40-4294-s001.tex
PMC8360395	r	pone.0255782.s002.R
PMC8362108	r	JEB-34-1071-s003.R
PMC8362108	r	JEB-34-1071-s004.R
PMC8364747	pl	peerj-09-11968-s006.pl
PMC8364747	r	peerj-09-11968-s007.r
PMC8364747	r	peerj-09-11968-s008.r
PMC8364747	r	peerj-09-11968-s009.r
PMC8364747	r	peerj-09-11968-s010.r
PMC8364747	r	peerj-09-11968-s011.r
PMC8364747	r	peerj-09-11968-s012.r
PMC8365973	r	13071_2021_4903_MOESM10_ESM.r
PMC8365973	r	13071_2021_4903_MOESM8_ESM.r
PMC8365973	r	13071_2021_4903_MOESM9_ESM.r
PMC8366526	r	peerj-09-11815-s002.r
PMC8366526	rmd	peerj-09-11815-s003.rmd
PMC8366835	svg	ECE3-11-11207-s001.svg
PMC8367000	r	pone.0255486.s001.R
PMC8367000	r	pone.0255486.s002.R
PMC8367000	r	pone.0255486.s003.R
PMC8367000	r	pone.0255486.s004.R
PMC8367000	r	pone.0255486.s005.R
PMC8370858	r	265_2021_3055_MOESM2_ESM.r
PMC8370858	r	265_2021_3055_MOESM3_ESM.r
PMC8371167	r	41598_2021_94976_MOESM1_ESM.r
PMC8372080	r	EVA-14-2124-s001.R
PMC8372080	r	EVA-14-2124-s008.R
PMC8372907	do	pone.0256335.s002.do
PMC8373377	mat	elife-66043-fig6-data3.mat
PMC8375991	r	pone.0256264.s005.R
PMC8375991	r	pone.0256264.s006.R
PMC8376097	tab	ppat.1009786.s005.tab
PMC8376220	r	pgen.1009703.s003.R
PMC8378735	py	pone.0256523.s002.py
PMC8378850	mat	elife-64731-fig1-data1.mat
PMC8378850	mat	elife-64731-fig1-figsupp3-data1.mat
PMC8378850	mat	elife-64731-fig1-figsupp4-data1.mat
PMC8378850	mat	elife-64731-fig1-figsupp5-data1.mat
PMC8378850	mat	elife-64731-fig3-data1.mat
PMC8378850	mat	elife-64731-fig4-data1.mat
PMC8378850	mat	elife-64731-fig4-figsupp1-data1.mat
PMC8378850	mat	elife-64731-fig4-figsupp1-data2.mat
PMC8378850	mat	elife-64731-fig4-figsupp2-data1.mat
PMC8378850	mat	elife-64731-fig4-figsupp3-data1.mat
PMC8378850	mat	elife-64731-fig4-figsupp3-data2.mat
PMC8378850	mat	elife-64731-fig5-data1.mat
PMC8378850	mat	elife-64731-fig5-figsupp1-data1.mat
PMC8378850	mat	elife-64731-fig5-figsupp2-data1.mat
PMC8378850	mat	elife-64731-fig7-figsupp1-data1.mat
PMC8379876	rmd	12870_2021_3149_MOESM11_ESM.rmd
PMC8379876	rmd	12870_2021_3149_MOESM13_ESM.rmd
PMC8379876	sh	12870_2021_3149_MOESM9_ESM.sh
PMC8381025	r	jeehp-18-15-dataset3.R
PMC8382180	py	pone.0243595.s004.py
PMC8382198	r	pone.0256456.s001.R
PMC8384038	py	peerj-cs-07-637-s001.py
PMC8384038	py	peerj-cs-07-637-s002.py
PMC8384038	ipynb	peerj-cs-07-637-s003.ipynb
PMC8384038	py	peerj-cs-07-637-s004.py
PMC8384038	ipynb	peerj-cs-07-637-s005.ipynb
PMC8384038	ipynb	peerj-cs-07-637-s006.ipynb
PMC8384817	r	248_2020_1667_MOESM4_ESM.r
PMC8386038	ps	13007_2021_791_MOESM1_ESM.ps
PMC8396776	do	pone.0256809.s011.do
PMC8396776	r	pone.0256809.s012.R
PMC8397660	r	12248_2021_623_MOESM3_ESM.r
PMC8400842	ipynb	13071_2021_4933_MOESM3_ESM.ipynb
PMC8405508	r	10928_2021_9760_MOESM1_ESM.r
PMC8405675	tex	41598_2021_96280_MOESM1_ESM.tex
PMC8406231	svg	mbio.01143-21-sf001.svg
PMC8406231	svg	mbio.01143-21-sf002.svg
PMC8406231	svg	mbio.01143-21-sf003.svg
PMC8406231	svg	mbio.01143-21-sf004.svg
PMC8406231	svg	mbio.01143-21-sf005.svg
PMC8406231	svg	mbio.01143-21-sf006.svg
PMC8406375	r	analysis.R
PMC8406375	r	utils.R
PMC8406376	r	code.R
PMC8407400	svg	msystems.00511-21-sf004.svg
PMC8407594	json	pcbi.1009227.s002.json
PMC8409330	ipynb	peerj-cs-07-645-s001.ipynb
PMC8409333	m	peerj-cs-07-682-s001.m
PMC8409333	m	peerj-cs-07-682-s002.m
PMC8409333	m	peerj-cs-07-682-s006.m
PMC8409333	m	peerj-cs-07-682-s007.m
PMC8409333	m	peerj-cs-07-682-s008.m
PMC8409333	mat	peerj-cs-07-682-s009.mat
PMC8409333	mat	peerj-cs-07-682-s010.mat
PMC8409333	m	peerj-cs-07-682-s011.m
PMC8409333	m	peerj-cs-07-682-s012.m
PMC8409333	m	peerj-cs-07-682-s013.m
PMC8409502	ck	CP-023-D1CP02437J-s001.ck
PMC8415593	r	pgen.1009474.s016.R
PMC8415599	rmd	pcbi.1009290.s007.Rmd
PMC8415599	rmd	pcbi.1009290.s012.Rmd
PMC8421071	tex	elife-69549-supp1.tex
PMC8422697	sps	13006_2021_415_MOESM5_ESM.sps
PMC8432801	cls	pone.0257226.s005.cls
PMC8432836	r	pone.0256499.s001.R
PMC8432836	sas	pone.0256499.s002.sas
PMC8432850	java	pone.0257183.s001.java
PMC8434732	r	13063_2021_5543_MOESM1_ESM.r
PMC8436960	r	peerj-09-12055-s004.r
PMC8441316	py	ACEL-20-e13441-s016.py
PMC8444070	java	peerj-cs-07-669-s006.java
PMC8444070	java	peerj-cs-07-669-s007.java
PMC8444070	java	peerj-cs-07-669-s008.java
PMC8444071	ipynb	peerj-cs-07-692-s001.ipynb
PMC8444092	ipynb	peerj-cs-07-687-s002.ipynb
PMC8444385	r	13007_2021_795_MOESM10_ESM.r
PMC8444385	ino	13007_2021_795_MOESM1_ESM.ino
PMC8444385	ini	13007_2021_795_MOESM2_ESM.ini
PMC8444385	bat	13007_2021_795_MOESM3_ESM.bat
PMC8444385	bat	13007_2021_795_MOESM5_ESM.bat
PMC8444385	bat	13007_2021_795_MOESM7_ESM.bat
PMC8444385	bat	13007_2021_795_MOESM9_ESM.bat
PMC8445090	r	peerj-09-12056-s002.r
PMC8445461	sas	pone.0257422.s005.sas
PMC8447590	tex	13071_2021_4982_MOESM1_ESM.tex
PMC8447590	tex	13071_2021_4982_MOESM2_ESM.tex
PMC8451442	r	peerj-09-12147-s005.r
PMC8452030	do	pone.0257637.s006.do
PMC8452084	rmd	pone.0257386.s003.Rmd
PMC8456657	r	12862_2021_1900_MOESM2_ESM.r
PMC8456657	r	12862_2021_1900_MOESM3_ESM.r
PMC8457503	r	pone.0255885.s005.R
PMC8459734	md	peerj-09-11999-s001.md
PMC8459778	ipynb	peerj-cs-07-716-s001.ipynb
PMC8459990	cpp	pcbi.1009367.s004.cpp
PMC8460024	r	pbio.3001366.s006.R
PMC8462161	svg	ECE3-11-12697-s003.svg
PMC8462161	svg	ECE3-11-12697-s004.svg
PMC8462161	svg	ECE3-11-12697-s005.svg
PMC8462161	svg	ECE3-11-12697-s006.svg
PMC8462161	svg	ECE3-11-12697-s007.svg
PMC8462161	svg	ECE3-11-12697-s009.svg
PMC8462161	svg	ECE3-11-12697-s010.svg
PMC8462161	svg	ECE3-11-12697-s013.svg
PMC8467031	sh	13287_2021_2578_MOESM2_ESM.sh
PMC8467031	sh	13287_2021_2578_MOESM3_ESM.sh
PMC8474900	r	12889_2021_11761_MOESM2_ESM.r
PMC8474910	r	12915_2021_1124_MOESM4_ESM.r
PMC8477515	r	40168_2021_1140_MOESM3_ESM.r
PMC8477515	r	40168_2021_1140_MOESM4_ESM.r
PMC8477527	r	12966_2021_1187_MOESM3_ESM.r
PMC8477603	r	EVA-14-2319-s003.R
PMC8478911	r	41598_2021_96799_MOESM1_ESM.r
PMC8480898	r	pone.0257575.s003.R
PMC8481219	svg	12104_2021_10035_MOESM1_ESM.svg
PMC8481219	svg	12104_2021_10035_MOESM2_ESM.svg
PMC8481219	svg	12104_2021_10035_MOESM3_ESM.svg
PMC8481219	svg	12104_2021_10035_MOESM4_ESM.svg
PMC8482661	r	12862_2021_1912_MOESM4_ESM.r
PMC8483006	r	peerj-09-12010-s005.r
PMC8484196	svg	bdj-09-e72798-s004.svg
PMC8486090	r	pmed.1003795.s006.R
PMC8486731	r	bdj-09-e67671-s001.r
PMC8487240	sps	peerj-09-12078-s003.sps
PMC8487530	py	13567_2021_997_MOESM2_ESM.py
PMC8489409	r	peerj-09-12137-s009.r
PMC8489409	r	peerj-09-12137-s010.r
PMC8489409	r	peerj-09-12137-s011.r
PMC8489409	r	peerj-09-12137-s012.r
PMC8489409	r	peerj-09-12137-s013.r
PMC8489409	r	peerj-09-12137-s014.r
PMC8489409	r	peerj-09-12137-s015.r
PMC8489409	r	peerj-09-12137-s016.r
PMC8489409	r	peerj-09-12137-s017.r
PMC8491408	tex	13321_2021_544_MOESM6_ESM.tex
PMC8494029	py	SC-012-D1SC02826J-s002.py
PMC8494051	sty	SC-012-D1SC01494C-s001.sty
PMC8495776	r	ECE3-11-13559-s002.R
PMC8495806	rmd	ECE3-11-12948-s002.Rmd
PMC8496104	yaml	13321_2021_535_MOESM2_ESM.yaml
PMC8496798	rmd	pcbi.1009317.s009.Rmd
PMC8496798	rmd	pcbi.1009317.s010.Rmd
PMC8500090	r	peerj-09-12177-s009.r
PMC8500090	r	peerj-09-12177-s010.r
PMC8500090	r	peerj-09-12177-s011.r
PMC8502359	sh	12859_2021_4407_MOESM10_ESM.sh
PMC8507222	m	13041_2021_864_MOESM5_ESM.m
PMC8507222	m	13041_2021_864_MOESM6_ESM.m
PMC8507222	m	13041_2021_864_MOESM7_ESM.m
PMC8507472	py	peerj-cs-07-730-s001.py
PMC8507472	py	peerj-cs-07-730-s002.py
PMC8507472	py	peerj-cs-07-730-s003.py
PMC8507472	py	peerj-cs-07-730-s004.py
PMC8507472	py	peerj-cs-07-730-s005.py
PMC8507472	py	peerj-cs-07-730-s006.py
PMC8507472	py	peerj-cs-07-730-s007.py
PMC8507472	py	peerj-cs-07-730-s008.py
PMC8507472	py	peerj-cs-07-730-s009.py
PMC8507482	ipynb	peerj-cs-07-712-s001.ipynb
PMC8513881	tex	pcbi.1009435.s010.tex
PMC8513938	json	SC-012-D1SC03368A-s035.json
PMC8513997	m	SC-012-D1SC03974A-s001.m
PMC8513997	m	SC-012-D1SC03974A-s003.m
PMC8513997	m	SC-012-D1SC03974A-s004.m
PMC8513997	m	SC-012-D1SC03974A-s005.m
PMC8513997	m	SC-012-D1SC03974A-s006.m
PMC8514046	nb	CP-023-D1CP03479K-s001.nb
PMC8514046	nb	CP-023-D1CP03479K-s002.nb
PMC8514046	nb	CP-023-D1CP03479K-s003.nb
PMC8514046	nb	CP-023-D1CP03479K-s004.nb
PMC8514555	mat	41378_2021_306_MOESM10_ESM.mat
PMC8514555	m	41378_2021_306_MOESM2_ESM.m
PMC8514555	m	41378_2021_306_MOESM4_ESM.m
PMC8514555	m	41378_2021_306_MOESM5_ESM.m
PMC8514555	m	41378_2021_306_MOESM6_ESM.m
PMC8514555	m	41378_2021_306_MOESM7_ESM.m
PMC8514555	m	41378_2021_306_MOESM8_ESM.m
PMC8514555	mat	41378_2021_306_MOESM9_ESM.mat
PMC8515995	r	peerj-09-12259-s003.r
PMC8516222	r	pone.0258216.s004.R
PMC8525136	rmd	ECE3-11-14012-s001.Rmd
PMC8525136	r	ECE3-11-14012-s003.R
PMC8525559	svg	jcm.01046-21-s0002.svg
PMC8525559	svg	jcm.01046-21-s0003.svg
PMC8525559	svg	jcm.01046-21-s0004.svg
PMC8525559	svg	jcm.01046-21-s0005.svg
PMC8532091	kml	13280_2021_1632_MOESM1_ESM.kml
PMC8535376	r	pone.0258604.s006.R
PMC8535380	rmd	pmed.1003822.s001.Rmd
PMC8536256	mat	elife-68803-fig2-data1.mat
PMC8536256	mat	elife-68803-fig3-data1.mat
PMC8536256	mat	elife-68803-fig5-data1.mat
PMC8536256	mat	elife-68803-fig6-data1.mat
PMC8536256	mat	elife-68803-fig7-data1.mat
PMC8536256	mat	elife-68803-fig8-data1.mat
PMC8536652	r	10985_2021_9530_MOESM1_ESM.r
PMC8541780	svg	PBI-19-2291-s007.svg
PMC8541949	py	221_2021_6183_MOESM10_ESM.py
PMC8541949	r	221_2021_6183_MOESM11_ESM.r
PMC8541949	r	221_2021_6183_MOESM12_ESM.r
PMC8541949	r	221_2021_6183_MOESM13_ESM.r
PMC8541949	r	221_2021_6183_MOESM7_ESM.r
PMC8541949	r	221_2021_6183_MOESM9_ESM.r
PMC8541970	m	429_2021_2338_MOESM3_ESM.m
PMC8543569	sps	sj-sps-4-hpq-10.1177_13591053211014597.sps
PMC8543928	r	12874_2021_1432_MOESM2_ESM.r
PMC8544027	ipynb	NIHMS1740024-supplement-supinfo.ipynb
PMC8546507	r	JOA-239-1157-s001.R
PMC8550418	tex	pone.0258857.s001.tex
PMC8550418	tex	pone.0258857.s002.tex
PMC8550418	tex	pone.0258857.s003.tex
PMC8550418	tex	pone.0258857.s004.tex
PMC8550418	tex	pone.0258857.s005.tex
PMC8550418	tex	pone.0258857.s006.tex
PMC8550418	tex	pone.0258857.s007.tex
PMC8550418	tex	pone.0258857.s008.tex
PMC8550418	tex	pone.0258857.s009.tex
PMC8550418	tex	pone.0258857.s010.tex
PMC8550418	tex	pone.0258857.s011.tex
PMC8550418	tex	pone.0258857.s012.tex
PMC8550418	tex	pone.0258857.s013.tex
PMC8550418	tex	pone.0258857.s014.tex
PMC8550418	tex	pone.0258857.s015.tex
PMC8550418	tex	pone.0258857.s016.tex
PMC8550418	tex	pone.0258857.s017.tex
PMC8550418	tex	pone.0258857.s018.tex
PMC8550418	tex	pone.0258857.s019.tex
PMC8550418	tex	pone.0258857.s035.tex
PMC8555508	r	peerj-09-12202-s005.r
PMC8555782	r	pone.0258836.s004.R
PMC8555782	r	pone.0258836.s005.R
PMC8555782	r	pone.0258836.s006.R
PMC8556828	r	40359_2021_670_MOESM3_ESM.r
PMC8557103	r	12144_2021_2415_MOESM6_ESM.r
PMC8557190	r	359_2020_1411_MOESM1_ESM.r
PMC8561891	r	12864_2021_8051_MOESM37_ESM.r
PMC8565721	do	pone.0251683.s001.do
PMC8568288	r	pone.0259445.s001.R
PMC8580912	r	122_2021_3945_MOESM3_ESM.r
PMC8584699	mat	pcbi.1009060.s004.mat
PMC8584699	mat	pcbi.1009060.s005.mat
PMC8584699	mat	pcbi.1009060.s006.mat
PMC8584699	mat	pcbi.1009060.s007.mat
PMC8588673	m	43008_2021_84_MOESM2_ESM.m
PMC8588862	r	peerj-09-12477-s001.r
PMC8589981	r	41598_2021_329_MOESM3_ESM.r
PMC8592511	cpp	PSP4-10-1323-s002.cpp
PMC8594795	tex	pone.0259343.s001.tex
PMC8596709	r	AFE-23-489-s003.R
PMC8596709	r	AFE-23-489-s004.R
PMC8596709	r	AFE-23-489-s007.R
PMC8597058	aux	CSSC-14-4820-s002.aux
PMC8597073	bib	sj-bib-1-mpp-10.1177_23814683211057472.bib
PMC8597073	tex	sj-tex-3-mpp-10.1177_23814683211057472.tex
PMC8600815	r	12885_2021_8965_MOESM1_ESM.r
PMC8601057	r	peerj-09-12475-s011.r
PMC8601418	r	pone.0259711.s008.R
PMC8601541	r	pone.0259973.s008.R
PMC8601541	r	pone.0259973.s009.R
PMC8601569	mat	pone.0259015.s001.mat
PMC8601569	mat	pone.0259015.s002.mat
PMC8601613	md	pcbi.1009550.s006.md
PMC8603817	r	peerj-09-12287-s002.r
PMC8606072	sh	40168_2021_1175_MOESM5_ESM.sh
PMC8607794	r	40337_2021_506_MOESM2_ESM.r
PMC8608305	sps	pone.0259416.s006.sps
PMC8608388	mat	elife-74005-fig3-data1.mat
PMC8610241	sps	pone.0258839.s005.sps
PMC8610241	sps	pone.0258839.s006.sps
PMC8610242	m	pone.0259955.s002.m
PMC8610242	py	pone.0259955.s003.py
PMC8610242	py	pone.0259955.s004.py
PMC8612401	com	SC-012-D1SC03568A-s003.com
PMC8612548	svg	pone.0260268.s002.svg
PMC8612573	r	pone.0259820.s003.R
PMC8613279	cls	41467_2021_26609_MOESM1_ESM.cls
PMC8614114	r	EMI-23-2070-s005.R
PMC8626735	r	12889_2021_11891_MOESM1_ESM.r
PMC8626735	r	12889_2021_11891_MOESM2_ESM.r
PMC8626735	r	12889_2021_11891_MOESM3_ESM.r
PMC8627224	py	peerj-cs-07-785-s003.py
PMC8627224	py	peerj-cs-07-785-s004.py
PMC8627225	py	peerj-cs-07-775-s001.py
PMC8627225	py	peerj-cs-07-775-s002.py
PMC8627225	py	peerj-cs-07-775-s003.py
PMC8627225	py	peerj-cs-07-775-s004.py
PMC8627225	py	peerj-cs-07-775-s005.py
PMC8627225	py	peerj-cs-07-775-s006.py
PMC8627229	m	peerj-cs-07-764-s001.m
PMC8627229	m	peerj-cs-07-764-s002.m
PMC8628621	rmd	peerj-09-12450-s001.rmd
PMC8628621	rmd	peerj-09-12450-s002.rmd
PMC8628621	r	peerj-09-12450-s003.r
PMC8628621	r	peerj-09-12450-s004.r
PMC8630993	nlogo	265_2021_3095_MOESM3_ESM.nlogo
PMC8631623	r	pone.0260390.s005.R
PMC8637713	svg	sj-svg-2-dhj-10.1177_20552076211057662.svg
PMC8639146	py	elife-69988-supp4.py
PMC8640112	m	mmc1.m
PMC8642397	py	41598_2021_2899_MOESM2_ESM.py
PMC8642397	py	41598_2021_2899_MOESM3_ESM.py
PMC8648127	mat	pone.0260512.s001.mat
PMC8648127	mat	pone.0260512.s002.mat
PMC8648758	mat	41540_2021_205_MOESM8_ESM.mat
PMC8649444	r	sj-R-4-smm-10.1177_09622802211037073.R
PMC8649467	r	sj-R-1-smm-10.1177_09622802211043262.R
PMC8649467	r	sj-R-2-smm-10.1177_09622802211043262.R
PMC8649467	r	sj-R-3-smm-10.1177_09622802211043262.R
PMC8652461	do	EJPR-61-1123-s001.do
PMC8653789	ps	supp_gad.348766.121_Supplemental_S1_Morgan_2021.ps
PMC8653789	ps	supp_gad.348766.121_Supplemental_S3_Morgan_2021.ps
PMC8653789	ps	supp_gad.348766.121_Supplemental_S4_Morgan_2021.ps
PMC8654041	ipynb	SC-012-D1SC05249G-s010.ipynb
PMC8654165	tex	pone.0260932.s005.tex
PMC8654165	tex	pone.0260932.s006.tex
PMC8654165	tex	pone.0260932.s007.tex
PMC8654165	tex	pone.0260932.s008.tex
PMC8654165	tex	pone.0260932.s009.tex
PMC8654165	tex	pone.0260932.s010.tex
PMC8654165	tex	pone.0260932.s011.tex
PMC8654165	tex	pone.0260932.s012.tex
PMC8654165	tex	pone.0260932.s013.tex
PMC8654165	tex	pone.0260932.s014.tex
PMC8662697	m	RunOdeFiles.m
PMC8670369	r	peerj-cs-07-765-s001.r
PMC8671439	rmd	41598_2021_3479_MOESM3_ESM.rmd
PMC8674316	r	41598_2021_3432_MOESM2_ESM.r
PMC8675415	r	HBM-43-470-s001.R
PMC8675723	r	pone.0255551.s004.R
PMC8683413	rmd	41598_2021_3663_MOESM8_ESM.rmd
PMC8686616	md	12859_2021_4510_MOESM1_ESM.md
PMC8686733	r	peerj-09-12549-s007.r
PMC8689522	svg	mbio.03273-21-sf001.svg
PMC8689522	svg	mbio.03273-21-sf002.svg
PMC8689522	svg	mbio.03273-21-sf003.svg
PMC8689522	svg	mbio.03273-21-sf004.svg
PMC8689522	svg	mbio.03273-21-sf005.svg
PMC8692062	kml	mmc2.kml
PMC8693932	rmd	cbe-19-ar59-s002.rmd
PMC8695207	svg	RA-011-D1RA00914A-s369.svg
PMC8695207	svg	RA-011-D1RA00914A-s370.svg
PMC8695207	svg	RA-011-D1RA00914A-s371.svg
PMC8695207	svg	RA-011-D1RA00914A-s372.svg
PMC8695207	svg	RA-011-D1RA00914A-s373.svg
PMC8695207	svg	RA-011-D1RA00914A-s374.svg
PMC8695207	svg	RA-011-D1RA00914A-s375.svg
PMC8695207	svg	RA-011-D1RA00914A-s376.svg
PMC8695207	svg	RA-011-D1RA00914A-s377.svg
PMC8695207	svg	RA-011-D1RA00914A-s378.svg
PMC8695207	svg	RA-011-D1RA00914A-s379.svg
PMC8695207	svg	RA-011-D1RA00914A-s380.svg
PMC8695207	svg	RA-011-D1RA00914A-s381.svg
PMC8695207	svg	RA-011-D1RA00914A-s382.svg
PMC8695207	svg	RA-011-D1RA00914A-s383.svg
PMC8695207	svg	RA-011-D1RA00914A-s384.svg
PMC8695207	svg	RA-011-D1RA00914A-s385.svg
PMC8695207	svg	RA-011-D1RA00914A-s386.svg
PMC8695207	svg	RA-011-D1RA00914A-s387.svg
PMC8695207	svg	RA-011-D1RA00914A-s388.svg
PMC8695207	svg	RA-011-D1RA00914A-s389.svg
PMC8695207	svg	RA-011-D1RA00914A-s390.svg
PMC8695207	svg	RA-011-D1RA00914A-s391.svg
PMC8695207	svg	RA-011-D1RA00914A-s392.svg
PMC8695207	svg	RA-011-D1RA00914A-s393.svg
PMC8695207	svg	RA-011-D1RA00914A-s394.svg
PMC8695207	svg	RA-011-D1RA00914A-s395.svg
PMC8695207	svg	RA-011-D1RA00914A-s396.svg
PMC8695207	svg	RA-011-D1RA00914A-s397.svg
PMC8695207	svg	RA-011-D1RA00914A-s398.svg
PMC8695207	svg	RA-011-D1RA00914A-s399.svg
PMC8695207	svg	RA-011-D1RA00914A-s400.svg
PMC8695207	svg	RA-011-D1RA00914A-s401.svg
PMC8695207	svg	RA-011-D1RA00914A-s402.svg
PMC8695207	svg	RA-011-D1RA00914A-s403.svg
PMC8695207	svg	RA-011-D1RA00914A-s404.svg
PMC8695207	svg	RA-011-D1RA00914A-s405.svg
PMC8695207	svg	RA-011-D1RA00914A-s406.svg
PMC8695207	svg	RA-011-D1RA00914A-s407.svg
PMC8695207	svg	RA-011-D1RA00914A-s408.svg
PMC8695207	svg	RA-011-D1RA00914A-s409.svg
PMC8695207	svg	RA-011-D1RA00914A-s410.svg
PMC8695207	svg	RA-011-D1RA00914A-s411.svg
PMC8695207	svg	RA-011-D1RA00914A-s412.svg
PMC8695207	svg	RA-011-D1RA00914A-s413.svg
PMC8695207	svg	RA-011-D1RA00914A-s414.svg
PMC8695207	svg	RA-011-D1RA00914A-s415.svg
PMC8695207	svg	RA-011-D1RA00914A-s416.svg
PMC8695207	svg	RA-011-D1RA00914A-s417.svg
PMC8695207	svg	RA-011-D1RA00914A-s418.svg
PMC8695207	svg	RA-011-D1RA00914A-s419.svg
PMC8695207	svg	RA-011-D1RA00914A-s420.svg
PMC8695207	svg	RA-011-D1RA00914A-s421.svg
PMC8695207	svg	RA-011-D1RA00914A-s422.svg
PMC8695207	svg	RA-011-D1RA00914A-s423.svg
PMC8695207	svg	RA-011-D1RA00914A-s424.svg
PMC8695207	svg	RA-011-D1RA00914A-s425.svg
PMC8695207	svg	RA-011-D1RA00914A-s426.svg
PMC8695207	svg	RA-011-D1RA00914A-s427.svg
PMC8695207	svg	RA-011-D1RA00914A-s428.svg
PMC8695207	svg	RA-011-D1RA00914A-s429.svg
PMC8695207	svg	RA-011-D1RA00914A-s430.svg
PMC8695207	svg	RA-011-D1RA00914A-s431.svg
PMC8695207	svg	RA-011-D1RA00914A-s432.svg
PMC8695207	svg	RA-011-D1RA00914A-s433.svg
PMC8695207	svg	RA-011-D1RA00914A-s434.svg
PMC8695207	svg	RA-011-D1RA00914A-s435.svg
PMC8695207	svg	RA-011-D1RA00914A-s436.svg
PMC8695207	svg	RA-011-D1RA00914A-s437.svg
PMC8695207	svg	RA-011-D1RA00914A-s438.svg
PMC8695207	svg	RA-011-D1RA00914A-s439.svg
PMC8695207	svg	RA-011-D1RA00914A-s440.svg
PMC8695207	svg	RA-011-D1RA00914A-s441.svg
PMC8695207	svg	RA-011-D1RA00914A-s442.svg
PMC8695207	svg	RA-011-D1RA00914A-s443.svg
PMC8695207	svg	RA-011-D1RA00914A-s444.svg
PMC8695207	svg	RA-011-D1RA00914A-s445.svg
PMC8695207	svg	RA-011-D1RA00914A-s446.svg
PMC8695207	svg	RA-011-D1RA00914A-s447.svg
PMC8695207	svg	RA-011-D1RA00914A-s448.svg
PMC8695207	svg	RA-011-D1RA00914A-s449.svg
PMC8695207	svg	RA-011-D1RA00914A-s450.svg
PMC8695207	svg	RA-011-D1RA00914A-s451.svg
PMC8695207	svg	RA-011-D1RA00914A-s452.svg
PMC8695207	svg	RA-011-D1RA00914A-s453.svg
PMC8695207	svg	RA-011-D1RA00914A-s454.svg
PMC8695207	svg	RA-011-D1RA00914A-s455.svg
PMC8695207	svg	RA-011-D1RA00914A-s456.svg
PMC8695207	svg	RA-011-D1RA00914A-s457.svg
PMC8695207	svg	RA-011-D1RA00914A-s458.svg
PMC8695207	svg	RA-011-D1RA00914A-s459.svg
PMC8695207	svg	RA-011-D1RA00914A-s460.svg
PMC8695207	svg	RA-011-D1RA00914A-s461.svg
PMC8695207	svg	RA-011-D1RA00914A-s462.svg
PMC8695207	svg	RA-011-D1RA00914A-s463.svg
PMC8695207	svg	RA-011-D1RA00914A-s464.svg
PMC8695207	svg	RA-011-D1RA00914A-s465.svg
PMC8695207	svg	RA-011-D1RA00914A-s466.svg
PMC8695207	svg	RA-011-D1RA00914A-s467.svg
PMC8695207	svg	RA-011-D1RA00914A-s468.svg
PMC8695207	svg	RA-011-D1RA00914A-s469.svg
PMC8695207	svg	RA-011-D1RA00914A-s470.svg
PMC8695207	svg	RA-011-D1RA00914A-s471.svg
PMC8695207	svg	RA-011-D1RA00914A-s472.svg
PMC8695207	svg	RA-011-D1RA00914A-s473.svg
PMC8695207	svg	RA-011-D1RA00914A-s474.svg
PMC8695207	svg	RA-011-D1RA00914A-s475.svg
PMC8695207	svg	RA-011-D1RA00914A-s476.svg
PMC8695207	svg	RA-011-D1RA00914A-s477.svg
PMC8695207	svg	RA-011-D1RA00914A-s478.svg
PMC8695207	svg	RA-011-D1RA00914A-s479.svg
PMC8695207	svg	RA-011-D1RA00914A-s480.svg
PMC8695207	svg	RA-011-D1RA00914A-s481.svg
PMC8695207	svg	RA-011-D1RA00914A-s482.svg
PMC8695207	svg	RA-011-D1RA00914A-s483.svg
PMC8695207	svg	RA-011-D1RA00914A-s484.svg
PMC8695207	svg	RA-011-D1RA00914A-s485.svg
PMC8695207	svg	RA-011-D1RA00914A-s486.svg
PMC8695207	svg	RA-011-D1RA00914A-s487.svg
PMC8695207	svg	RA-011-D1RA00914A-s488.svg
PMC8695207	svg	RA-011-D1RA00914A-s489.svg
PMC8695207	svg	RA-011-D1RA00914A-s490.svg
PMC8695207	svg	RA-011-D1RA00914A-s491.svg
PMC8695207	svg	RA-011-D1RA00914A-s492.svg
PMC8695207	svg	RA-011-D1RA00914A-s493.svg
PMC8695207	svg	RA-011-D1RA00914A-s494.svg
PMC8695207	svg	RA-011-D1RA00914A-s495.svg
PMC8695207	svg	RA-011-D1RA00914A-s496.svg
PMC8695207	svg	RA-011-D1RA00914A-s497.svg
PMC8695207	svg	RA-011-D1RA00914A-s498.svg
PMC8695207	svg	RA-011-D1RA00914A-s499.svg
PMC8695207	svg	RA-011-D1RA00914A-s500.svg
PMC8695207	svg	RA-011-D1RA00914A-s501.svg
PMC8695207	svg	RA-011-D1RA00914A-s502.svg
PMC8695207	svg	RA-011-D1RA00914A-s503.svg
PMC8695207	svg	RA-011-D1RA00914A-s504.svg
PMC8695207	svg	RA-011-D1RA00914A-s505.svg
PMC8695207	svg	RA-011-D1RA00914A-s506.svg
PMC8695207	svg	RA-011-D1RA00914A-s507.svg
PMC8695207	svg	RA-011-D1RA00914A-s508.svg
PMC8695207	svg	RA-011-D1RA00914A-s509.svg
PMC8695207	svg	RA-011-D1RA00914A-s510.svg
PMC8695207	svg	RA-011-D1RA00914A-s511.svg
PMC8695207	svg	RA-011-D1RA00914A-s512.svg
PMC8695207	svg	RA-011-D1RA00914A-s513.svg
PMC8695207	svg	RA-011-D1RA00914A-s514.svg
PMC8695207	svg	RA-011-D1RA00914A-s515.svg
PMC8695207	svg	RA-011-D1RA00914A-s516.svg
PMC8695207	svg	RA-011-D1RA00914A-s517.svg
PMC8695207	svg	RA-011-D1RA00914A-s518.svg
PMC8695207	svg	RA-011-D1RA00914A-s519.svg
PMC8695207	svg	RA-011-D1RA00914A-s520.svg
PMC8695207	svg	RA-011-D1RA00914A-s521.svg
PMC8695207	svg	RA-011-D1RA00914A-s522.svg
PMC8695207	svg	RA-011-D1RA00914A-s523.svg
PMC8695207	svg	RA-011-D1RA00914A-s524.svg
PMC8695207	svg	RA-011-D1RA00914A-s525.svg
PMC8695207	svg	RA-011-D1RA00914A-s526.svg
PMC8695207	svg	RA-011-D1RA00914A-s527.svg
PMC8695207	svg	RA-011-D1RA00914A-s528.svg
PMC8695207	svg	RA-011-D1RA00914A-s529.svg
PMC8695207	svg	RA-011-D1RA00914A-s530.svg
PMC8695207	svg	RA-011-D1RA00914A-s531.svg
PMC8695207	svg	RA-011-D1RA00914A-s532.svg
PMC8695207	svg	RA-011-D1RA00914A-s533.svg
PMC8695207	svg	RA-011-D1RA00914A-s534.svg
PMC8695207	svg	RA-011-D1RA00914A-s535.svg
PMC8695207	svg	RA-011-D1RA00914A-s536.svg
PMC8695207	svg	RA-011-D1RA00914A-s537.svg
PMC8695207	svg	RA-011-D1RA00914A-s538.svg
PMC8695207	svg	RA-011-D1RA00914A-s539.svg
PMC8695207	svg	RA-011-D1RA00914A-s540.svg
PMC8695207	svg	RA-011-D1RA00914A-s541.svg
PMC8695207	svg	RA-011-D1RA00914A-s542.svg
PMC8695207	svg	RA-011-D1RA00914A-s543.svg
PMC8695207	svg	RA-011-D1RA00914A-s544.svg
PMC8695207	svg	RA-011-D1RA00914A-s545.svg
PMC8695207	svg	RA-011-D1RA00914A-s546.svg
PMC8695207	svg	RA-011-D1RA00914A-s547.svg
PMC8695207	svg	RA-011-D1RA00914A-s548.svg
PMC8695207	svg	RA-011-D1RA00914A-s549.svg
PMC8695207	svg	RA-011-D1RA00914A-s550.svg
PMC8695207	svg	RA-011-D1RA00914A-s551.svg
PMC8695207	svg	RA-011-D1RA00914A-s552.svg
PMC8695207	svg	RA-011-D1RA00914A-s553.svg
PMC8695207	svg	RA-011-D1RA00914A-s554.svg
PMC8695207	svg	RA-011-D1RA00914A-s555.svg
PMC8695207	svg	RA-011-D1RA00914A-s556.svg
PMC8695207	svg	RA-011-D1RA00914A-s557.svg
PMC8695207	svg	RA-011-D1RA00914A-s558.svg
PMC8695207	svg	RA-011-D1RA00914A-s559.svg
PMC8695207	svg	RA-011-D1RA00914A-s560.svg
PMC8695207	svg	RA-011-D1RA00914A-s561.svg
PMC8695207	svg	RA-011-D1RA00914A-s562.svg
PMC8695207	svg	RA-011-D1RA00914A-s563.svg
PMC8695207	svg	RA-011-D1RA00914A-s564.svg
PMC8695207	svg	RA-011-D1RA00914A-s565.svg
PMC8695207	svg	RA-011-D1RA00914A-s566.svg
PMC8695207	svg	RA-011-D1RA00914A-s567.svg
PMC8695207	svg	RA-011-D1RA00914A-s568.svg
PMC8695207	svg	RA-011-D1RA00914A-s569.svg
PMC8695207	svg	RA-011-D1RA00914A-s570.svg
PMC8695207	svg	RA-011-D1RA00914A-s571.svg
PMC8695207	svg	RA-011-D1RA00914A-s572.svg
PMC8695207	svg	RA-011-D1RA00914A-s573.svg
PMC8695207	svg	RA-011-D1RA00914A-s574.svg
PMC8695207	svg	RA-011-D1RA00914A-s575.svg
PMC8695207	svg	RA-011-D1RA00914A-s576.svg
PMC8695207	svg	RA-011-D1RA00914A-s577.svg
PMC8695207	svg	RA-011-D1RA00914A-s578.svg
PMC8695207	svg	RA-011-D1RA00914A-s579.svg
PMC8695207	svg	RA-011-D1RA00914A-s580.svg
PMC8695207	svg	RA-011-D1RA00914A-s581.svg
PMC8695207	svg	RA-011-D1RA00914A-s582.svg
PMC8695207	svg	RA-011-D1RA00914A-s583.svg
PMC8695207	svg	RA-011-D1RA00914A-s584.svg
PMC8695207	svg	RA-011-D1RA00914A-s585.svg
PMC8695207	svg	RA-011-D1RA00914A-s586.svg
PMC8695207	svg	RA-011-D1RA00914A-s587.svg
PMC8695207	svg	RA-011-D1RA00914A-s588.svg
PMC8695207	svg	RA-011-D1RA00914A-s589.svg
PMC8695207	svg	RA-011-D1RA00914A-s590.svg
PMC8695207	svg	RA-011-D1RA00914A-s591.svg
PMC8695207	svg	RA-011-D1RA00914A-s592.svg
PMC8695207	svg	RA-011-D1RA00914A-s593.svg
PMC8695207	svg	RA-011-D1RA00914A-s594.svg
PMC8695207	svg	RA-011-D1RA00914A-s595.svg
PMC8695207	svg	RA-011-D1RA00914A-s596.svg
PMC8695207	svg	RA-011-D1RA00914A-s597.svg
PMC8695207	svg	RA-011-D1RA00914A-s598.svg
PMC8695207	svg	RA-011-D1RA00914A-s599.svg
PMC8695207	svg	RA-011-D1RA00914A-s600.svg
PMC8695207	svg	RA-011-D1RA00914A-s601.svg
PMC8695207	svg	RA-011-D1RA00914A-s602.svg
PMC8695207	svg	RA-011-D1RA00914A-s603.svg
PMC8695207	svg	RA-011-D1RA00914A-s604.svg
PMC8695207	svg	RA-011-D1RA00914A-s605.svg
PMC8695207	svg	RA-011-D1RA00914A-s606.svg
PMC8695207	svg	RA-011-D1RA00914A-s607.svg
PMC8695207	svg	RA-011-D1RA00914A-s608.svg
PMC8695207	svg	RA-011-D1RA00914A-s609.svg
PMC8695207	svg	RA-011-D1RA00914A-s610.svg
PMC8695207	svg	RA-011-D1RA00914A-s611.svg
PMC8695207	svg	RA-011-D1RA00914A-s612.svg
PMC8695207	svg	RA-011-D1RA00914A-s613.svg
PMC8695207	svg	RA-011-D1RA00914A-s614.svg
PMC8695207	svg	RA-011-D1RA00914A-s615.svg
PMC8695207	svg	RA-011-D1RA00914A-s616.svg
PMC8695207	svg	RA-011-D1RA00914A-s617.svg
PMC8695207	svg	RA-011-D1RA00914A-s618.svg
PMC8695207	svg	RA-011-D1RA00914A-s619.svg
PMC8695207	svg	RA-011-D1RA00914A-s620.svg
PMC8695207	svg	RA-011-D1RA00914A-s621.svg
PMC8695207	svg	RA-011-D1RA00914A-s622.svg
PMC8695207	svg	RA-011-D1RA00914A-s623.svg
PMC8695207	svg	RA-011-D1RA00914A-s624.svg
PMC8695207	svg	RA-011-D1RA00914A-s625.svg
PMC8695207	svg	RA-011-D1RA00914A-s626.svg
PMC8695207	svg	RA-011-D1RA00914A-s627.svg
PMC8695207	svg	RA-011-D1RA00914A-s628.svg
PMC8695207	svg	RA-011-D1RA00914A-s629.svg
PMC8695207	svg	RA-011-D1RA00914A-s630.svg
PMC8695207	svg	RA-011-D1RA00914A-s631.svg
PMC8695207	svg	RA-011-D1RA00914A-s632.svg
PMC8695207	svg	RA-011-D1RA00914A-s633.svg
PMC8695207	svg	RA-011-D1RA00914A-s634.svg
PMC8695207	svg	RA-011-D1RA00914A-s635.svg
PMC8695207	svg	RA-011-D1RA00914A-s636.svg
PMC8695207	svg	RA-011-D1RA00914A-s637.svg
PMC8695207	svg	RA-011-D1RA00914A-s638.svg
PMC8695207	svg	RA-011-D1RA00914A-s639.svg
PMC8695207	svg	RA-011-D1RA00914A-s640.svg
PMC8695207	svg	RA-011-D1RA00914A-s641.svg
PMC8695207	svg	RA-011-D1RA00914A-s642.svg
PMC8695207	svg	RA-011-D1RA00914A-s643.svg
PMC8695207	svg	RA-011-D1RA00914A-s644.svg
PMC8695207	svg	RA-011-D1RA00914A-s645.svg
PMC8695207	svg	RA-011-D1RA00914A-s646.svg
PMC8695207	svg	RA-011-D1RA00914A-s647.svg
PMC8695207	svg	RA-011-D1RA00914A-s648.svg
PMC8695207	svg	RA-011-D1RA00914A-s649.svg
PMC8695207	svg	RA-011-D1RA00914A-s650.svg
PMC8695207	svg	RA-011-D1RA00914A-s651.svg
PMC8695207	svg	RA-011-D1RA00914A-s652.svg
PMC8695207	svg	RA-011-D1RA00914A-s653.svg
PMC8695207	svg	RA-011-D1RA00914A-s654.svg
PMC8695207	svg	RA-011-D1RA00914A-s655.svg
PMC8695207	svg	RA-011-D1RA00914A-s656.svg
PMC8695207	svg	RA-011-D1RA00914A-s657.svg
PMC8695207	svg	RA-011-D1RA00914A-s658.svg
PMC8695207	svg	RA-011-D1RA00914A-s659.svg
PMC8695207	svg	RA-011-D1RA00914A-s660.svg
PMC8695207	svg	RA-011-D1RA00914A-s661.svg
PMC8695207	svg	RA-011-D1RA00914A-s662.svg
PMC8695207	svg	RA-011-D1RA00914A-s663.svg
PMC8695207	svg	RA-011-D1RA00914A-s664.svg
PMC8695207	svg	RA-011-D1RA00914A-s665.svg
PMC8695207	svg	RA-011-D1RA00914A-s666.svg
PMC8695207	svg	RA-011-D1RA00914A-s667.svg
PMC8695207	svg	RA-011-D1RA00914A-s668.svg
PMC8695207	svg	RA-011-D1RA00914A-s669.svg
PMC8695207	svg	RA-011-D1RA00914A-s670.svg
PMC8695207	svg	RA-011-D1RA00914A-s671.svg
PMC8695207	svg	RA-011-D1RA00914A-s672.svg
PMC8695207	svg	RA-011-D1RA00914A-s673.svg
PMC8695207	svg	RA-011-D1RA00914A-s674.svg
PMC8695207	svg	RA-011-D1RA00914A-s675.svg
PMC8695207	svg	RA-011-D1RA00914A-s676.svg
PMC8695207	svg	RA-011-D1RA00914A-s677.svg
PMC8695207	svg	RA-011-D1RA00914A-s678.svg
PMC8695207	svg	RA-011-D1RA00914A-s679.svg
PMC8695207	svg	RA-011-D1RA00914A-s680.svg
PMC8695207	svg	RA-011-D1RA00914A-s681.svg
PMC8695207	svg	RA-011-D1RA00914A-s682.svg
PMC8695207	svg	RA-011-D1RA00914A-s683.svg
PMC8695207	svg	RA-011-D1RA00914A-s684.svg
PMC8695207	svg	RA-011-D1RA00914A-s685.svg
PMC8695207	svg	RA-011-D1RA00914A-s686.svg
PMC8695207	svg	RA-011-D1RA00914A-s687.svg
PMC8695207	svg	RA-011-D1RA00914A-s688.svg
PMC8695207	svg	RA-011-D1RA00914A-s689.svg
PMC8695207	svg	RA-011-D1RA00914A-s690.svg
PMC8695207	svg	RA-011-D1RA00914A-s691.svg
PMC8695207	svg	RA-011-D1RA00914A-s692.svg
PMC8695207	svg	RA-011-D1RA00914A-s693.svg
PMC8695207	svg	RA-011-D1RA00914A-s694.svg
PMC8695207	svg	RA-011-D1RA00914A-s695.svg
PMC8695207	svg	RA-011-D1RA00914A-s696.svg
PMC8695207	svg	RA-011-D1RA00914A-s697.svg
PMC8695207	svg	RA-011-D1RA00914A-s698.svg
PMC8695207	svg	RA-011-D1RA00914A-s699.svg
PMC8695207	svg	RA-011-D1RA00914A-s700.svg
PMC8695207	svg	RA-011-D1RA00914A-s701.svg
PMC8695207	svg	RA-011-D1RA00914A-s702.svg
PMC8695207	svg	RA-011-D1RA00914A-s703.svg
PMC8695207	svg	RA-011-D1RA00914A-s704.svg
PMC8695207	svg	RA-011-D1RA00914A-s705.svg
PMC8695207	svg	RA-011-D1RA00914A-s706.svg
PMC8695207	svg	RA-011-D1RA00914A-s707.svg
PMC8695207	svg	RA-011-D1RA00914A-s708.svg
PMC8695207	svg	RA-011-D1RA00914A-s709.svg
PMC8695207	svg	RA-011-D1RA00914A-s710.svg
PMC8695207	svg	RA-011-D1RA00914A-s711.svg
PMC8695207	svg	RA-011-D1RA00914A-s712.svg
PMC8695207	svg	RA-011-D1RA00914A-s713.svg
PMC8695207	svg	RA-011-D1RA00914A-s714.svg
PMC8695207	svg	RA-011-D1RA00914A-s715.svg
PMC8695207	svg	RA-011-D1RA00914A-s716.svg
PMC8695207	svg	RA-011-D1RA00914A-s717.svg
PMC8695207	svg	RA-011-D1RA00914A-s718.svg
PMC8695207	svg	RA-011-D1RA00914A-s719.svg
PMC8695207	svg	RA-011-D1RA00914A-s720.svg
PMC8695207	svg	RA-011-D1RA00914A-s721.svg
PMC8695207	svg	RA-011-D1RA00914A-s722.svg
PMC8695207	svg	RA-011-D1RA00914A-s723.svg
PMC8695207	svg	RA-011-D1RA00914A-s724.svg
PMC8695207	svg	RA-011-D1RA00914A-s725.svg
PMC8695207	svg	RA-011-D1RA00914A-s726.svg
PMC8695207	svg	RA-011-D1RA00914A-s727.svg
PMC8695207	svg	RA-011-D1RA00914A-s728.svg
PMC8695207	svg	RA-011-D1RA00914A-s729.svg
PMC8695207	svg	RA-011-D1RA00914A-s730.svg
PMC8695207	svg	RA-011-D1RA00914A-s731.svg
PMC8695207	svg	RA-011-D1RA00914A-s732.svg
PMC8695207	svg	RA-011-D1RA00914A-s733.svg
PMC8695779	tex	RA-011-D0RA10359D-s002.tex
PMC8697498	tex	13104_2021_5804_MOESM1_ESM.tex
PMC8697498	tex	13104_2021_5804_MOESM2_ESM.tex
PMC8697768	r	peerj-09-12659-s001.r
PMC8709848	r	41598_2021_3894_MOESM2_ESM.r
PMC8711279	r	peerj-09-11966-s003.r
PMC8711279	r	peerj-09-11966-s006.r
PMC8711282	r	peerj-09-12682-s001.r
PMC8715820	rmd	cbe-20-ar42-s002.rmd
PMC8717289	m	ECE3-11-18000-s001.m
PMC8717289	m	ECE3-11-18000-s002.m
PMC8717289	r	ECE3-11-18000-s003.R
PMC8718387	m	11356_2021_14192_MOESM1_ESM.m
PMC8718387	m	11356_2021_14192_MOESM2_ESM.m
PMC8719703	r	pone.0260051.s001.R
PMC8719728	m	pone.0261857.s001.m
PMC8719728	m	pone.0261857.s002.m
PMC8719728	m	pone.0261857.s003.m
PMC8719728	m	pone.0261857.s004.m
PMC8721556	sas	WPV_SAS_Macro.sas
PMC8725396	rmd	13227_2021_186_MOESM12_ESM.rmd
PMC8725668	r	peerj-cs-07-746-s004.r
PMC8730424	r	pcbi.1009714.s017.R
PMC8730440	cpp	pcbi.1009713.s002.cpp
PMC8733431	json	41109_2021_435_MOESM1_ESM.json
PMC8733431	json	41109_2021_435_MOESM2_ESM.json
PMC8733431	json	41109_2021_435_MOESM3_ESM.json
PMC8733431	json	41109_2021_435_MOESM4_ESM.json
PMC8733431	json	41109_2021_435_MOESM5_ESM.json
PMC8733431	json	41109_2021_435_MOESM6_ESM.json
PMC8734275	owl	13326_2021_253_MOESM1_ESM.owl
PMC8739713	py	12936_2021_4024_MOESM5_ESM.py
PMC8740516	r	peerj-10-12688-s002.r
PMC8740964	tex	pone.0261811.s001.tex
PMC8740964	tex	pone.0261811.s002.tex
PMC8740964	tex	pone.0261811.s003.tex
PMC8740964	tex	pone.0261811.s004.tex
PMC8740964	tex	pone.0261811.s005.tex
PMC8740964	tex	pone.0261811.s006.tex
PMC8742399	r	12874_2021_1496_MOESM1_ESM.r
PMC8742399	r	12874_2021_1496_MOESM2_ESM.r
PMC8752184	r	12936_2021_4008_MOESM5_ESM.r
PMC8752709	r	ns-2142750-375-suppl1.R
PMC8752852	gp	41598_2021_3182_MOESM7_ESM.gp
PMC8755684	r	13353_2021_669_MOESM2_ESM.r
PMC8755837	r	41598_2021_4530_MOESM5_ESM.r
PMC8759635	m	pone.0261763.s003.m
PMC8759635	m	pone.0261763.s004.m
PMC8759635	m	pone.0261763.s005.m
PMC8759689	tex	pone.0262080.s001.tex
PMC8760769	r	12983_2021_449_MOESM2_ESM.r
PMC8761711	cps	40262_2021_1058_MOESM3_ESM.cps
PMC8761711	cps	40262_2021_1058_MOESM4_ESM.cps
PMC8763042	r	peerj-10-12763-s001.r
PMC8765642	m	pbio.3001519.s001.m
PMC8767536	do	43546_2021_189_MOESM1_ESM.do
PMC8769359	do	pone.0261028.s001.do
PMC8771793	owl	peerj-cs-08-841-s002.owl
PMC8771795	r	peerj-10-12753-s005.r
PMC8771803	sty	peerj-cs-08-779-s001.sty
PMC8771811	ipynb	peerj-cs-08-818-s001.ipynb
PMC8775315	r	pone.0262178.s001.R
PMC8777326	bib	sj-bib-2-mdm-10.1177_0272989X211026305.bib
PMC8782289	r	pone.0261426.s001.R
PMC8782289	r	pone.0261426.s006.R
PMC8782289	r	pone.0261426.s007.R
PMC8782289	r	pone.0261426.s008.R
PMC8782289	r	pone.0261426.s010.R
PMC8782289	r	pone.0261426.s011.R
PMC8782289	r	pone.0261426.s012.R
PMC8782295	r	pone.0262621.s008.R
PMC8782356	r	pone.0261834.s001.R
PMC8782464	do	pone.0261164.s005.do
PMC8783565	sh	peerj-10-12758-s001.sh
PMC8783565	sh	peerj-10-12758-s002.sh
PMC8785658	r	peerj-10-12799-s003.r
PMC8787945	r	40851_2022_187_MOESM7_ESM.r
PMC8788132	mat	12915_2021_1222_MOESM2_ESM.mat
PMC8789123	r	pone.0262944.s009.R
PMC8789617	r	CNR2-5-e1423-s008.R
PMC8790836	rmd	42523_2021_158_MOESM4_ESM.rmd
PMC8792118	r	CTM2-12-e669-s005.R
PMC8793166	do	12885_2022_9226_MOESM1_ESM.do
PMC8793316	bib	sj-bib-3-mdm-10.1177_0272989X211027181.bib
PMC8793316	r	sj-R-1-mdm-10.1177_0272989X211027181.R
PMC8793316	r	sj-R-5-mdm-10.1177_0272989X211027181.R
PMC8793316	tex	sj-tex-2-mdm-10.1177_0272989X211027181.tex
PMC8793725	r	peerj-10-12818-s007.r
PMC8794763	r	ECE3-12-e8541-s001.R
PMC8795808	r	ijmsv19p0402s1.r
PMC8797201	json	pcbi.1009394.s002.json
PMC8797201	ipynb	pcbi.1009394.s003.ipynb
PMC8806063	do	pmed.1003885.s008.do
PMC8810785	r	41598_2022_5450_MOESM1_ESM.r
PMC8810790	do	41598_2022_5679_MOESM1_ESM.do
PMC8812914	r	pbio.3001511.s001.R
PMC8812991	stan	pcbi.1009813.s003.stan
PMC8812991	stan	pcbi.1009813.s004.stan
PMC8812991	stan	pcbi.1009813.s005.stan
PMC8812991	stan	pcbi.1009813.s006.stan
PMC8812991	stan	pcbi.1009813.s007.stan
PMC8815366	m	peerj-10-12875-s002.m
PMC8815366	m	peerj-10-12875-s003.m
PMC8815366	m	peerj-10-12875-s004.m
PMC8815909	py	pone.0263286.s001.py
PMC8815912	r	pone.0263510.s002.R
PMC8817205	py	12248_2021_637_MOESM4_ESM.py
PMC8817205	py	12248_2021_637_MOESM5_ESM.py
PMC8820225	r	peerj-10-12858-s002.r
PMC8820225	r	peerj-10-12858-s003.r
PMC8821786	m	43683_2021_61_MOESM3_ESM.m
PMC8821786	m	43683_2021_61_MOESM4_ESM.m
PMC8824335	r	pone.0263516.s003.R
PMC8827090	py	41598_2022_5717_MOESM1_ESM.py
PMC8827090	py	41598_2022_5717_MOESM2_ESM.py
PMC8827427	r	pone.0263757.s005.R
PMC8830730	r	pone.0263524.s001.R
PMC8831685	r	11558_2021_9452_MOESM2_ESM.r
PMC8831685	r	11558_2021_9452_MOESM4_ESM.r
PMC8832635	pub	40942_2022_361_MOESM1_ESM.pub
PMC8832678	r	12874_2022_1530_MOESM2_ESM.r
PMC8836341	r	pone.0263852.s003.R
PMC8836369	mat	pone.0263939.s001.mat
PMC8836369	mat	pone.0263939.s003.mat
PMC8836369	m	pone.0263939.s005.m
PMC8837786	ipynb	41598_2022_6382_MOESM2_ESM.ipynb
PMC8840800	m	NIHMS1773145-supplement-jneac160fsupp1.m
PMC8840800	m	NIHMS1773145-supplement-jneac160fsupp2.m
PMC8843922	bib	429_2021_2256_MOESM1_ESM.bib
PMC8844134	py	ECE3-12-e8593-s001.py
PMC8846534	do	pmed.1003904.s003.do
PMC8846534	do	pmed.1003904.s004.do
PMC8846534	do	pmed.1003904.s005.do
PMC8846534	do	pmed.1003904.s006.do
PMC8846534	do	pmed.1003904.s007.do
PMC8846534	do	pmed.1003904.s008.do
PMC8846534	do	pmed.1003904.s009.do
PMC8846534	do	pmed.1003904.s010.do
PMC8846534	do	pmed.1003904.s011.do
PMC8846534	do	pmed.1003904.s012.do
PMC8846534	do	pmed.1003904.s013.do
PMC8846534	do	pmed.1003904.s014.do
PMC8846534	do	pmed.1003904.s015.do
PMC8846534	do	pmed.1003904.s016.do
PMC8847120	r	ECE3-12-e8600-s001.R
PMC8847120	r	ECE3-12-e8600-s002.R
PMC8849534	r	pone.0263966.s003.R
PMC8849534	rmd	pone.0263966.s004.Rmd
PMC8849534	r	pone.0263966.s005.R
PMC8849534	rmd	pone.0263966.s006.Rmd
PMC8849534	r	pone.0263966.s007.R
PMC8849534	rmd	pone.0263966.s008.Rmd
PMC8853564	r	pone.0264029.s002.r
PMC8854136	sas	394_2021_2688_MOESM2_ESM.sas
PMC8854426	r	41598_2022_6635_MOESM3_ESM.r
PMC8860840	py	10189_2022_169_MOESM1_ESM.py
PMC8863266	sty	pone.0264181.s009.sty
PMC8865447	tex	NIHMS1649857-supplement-2.tex
PMC8866498	r	41598_2022_7042_MOESM3_ESM.r
PMC8880896	tex	pcbi.1009156.s011.tex
PMC8880931	py	pcbi.1009862.s002.py
PMC8881746	r	HSR2-5-e513-s001.R
PMC8883515	rmd	12915_2021_1224_MOESM14_ESM.rmd
PMC8889715	r	12862_2022_1980_MOESM2_ESM.r
PMC8896668	r	ppat.1010317.s002.R
PMC8896707	r	pcbi.1009899.s010.R
PMC8897319	r	405_2021_6778_MOESM1_ESM.r
PMC8897319	r	405_2021_6778_MOESM2_ESM.r
PMC8898454	r	13071_2022_5195_MOESM3_ESM.r
PMC8898571	r	362_2022_1297_MOESM1_ESM.r
PMC8898571	r	362_2022_1297_MOESM2_ESM.r
PMC8901127	cps	SC-012-D1SC00703C-s002.cps
PMC8903287	mat	pcbi.1009867.s007.mat
PMC8906866	r	pone.0251219.s001.R
PMC8912190	dot	pone.0265262.s003.dot
PMC8912190	dot	pone.0265262.s004.dot
PMC8912190	dot	pone.0265262.s005.dot
PMC8917797	rmd	peerj-10-13017-s002.rmd
PMC8917797	rmd	peerj-10-13017-s004.rmd
PMC8917797	rmd	peerj-10-13017-s005.rmd
PMC8917797	rmd	peerj-10-13017-s007.rmd
PMC8919917	py	42490_2022_59_MOESM13_ESM.py
PMC8919917	py	42490_2022_59_MOESM14_ESM.py
PMC8920962	ps	JEV2-11-e12205-s001.ps
PMC8924175	r	41598_2022_8368_MOESM1_ESM.r
PMC8928899	sh	ECE3-12-e8676-s004.sh
PMC8934528	rmd	peerj-10-12966-s009.rmd
PMC8934528	rmd	peerj-10-12966-s010.rmd
PMC8934528	r	peerj-10-12966-s011.r
PMC8934533	m	peerj-10-13018-s001.m
PMC8934533	m	peerj-10-13018-s002.m
PMC8938372	do	420_2021_1765_MOESM1_ESM.do
PMC8938523	rmd	41598_2022_8330_MOESM2_ESM.rmd
PMC8939225	r	13054_2022_3936_MOESM1_ESM.r
PMC8940759	nb	10928_2021_9779_MOESM1_ESM.nb
PMC8941758	sh	12915_2022_1270_MOESM11_ESM.sh
PMC8942241	sas	pcbi.1009923.s005.sas
PMC8942241	sas	pcbi.1009923.s006.sas
PMC8943047	mat	42003_2022_3203_MOESM8_ESM.mat
PMC8943047	mat	42003_2022_3203_MOESM9_ESM.mat
PMC8943110	r	11292_2022_9504_MOESM1_ESM.r
PMC8944335	r	peerj-10-13124-s001.r
PMC8961204	m	sj-m-10-dhj-10.1177_20552076221085057.m
PMC8961204	m	sj-m-11-dhj-10.1177_20552076221085057.m
PMC8961204	m	sj-m-12-dhj-10.1177_20552076221085057.m
PMC8961204	m	sj-m-13-dhj-10.1177_20552076221085057.m
PMC8961204	m	sj-m-8-dhj-10.1177_20552076221085057.m
PMC8961204	m	sj-m-9-dhj-10.1177_20552076221085057.m
PMC8961254	tex	sj-tex-1-smm-10.1177_09622802211046383.tex
PMC8963553	mat	pone.0260771.s001.mat
PMC8963570	py	pone.0264316.s001.py
PMC8968242	do	41267_2022_509_MOESM2_ESM.do
PMC8970357	r	pone.0266022.s006.R
PMC8970400	r	pone.0265895.s002.R
PMC8972202	com	CP-023-D1CP02162A-s001.com
PMC8972202	com	CP-023-D1CP02162A-s002.com
PMC8972202	com	CP-023-D1CP02162A-s003.com
PMC8972202	com	CP-023-D1CP02162A-s004.com
PMC8972202	com	CP-023-D1CP02162A-s005.com
PMC8972202	com	CP-023-D1CP02162A-s006.com
PMC8972202	ipynb	CP-023-D1CP02162A-s008.ipynb
PMC8972202	com	CP-023-D1CP02162A-s010.com
PMC8972202	ipynb	CP-023-D1CP02162A-s013.ipynb
PMC8973470	r	peerj-10-12893-s001.r
PMC8975020	mat	pone.0265550.s001.mat
PMC8978467	do	sj-do-1-hpq-10.1177_1359105321990776.do
PMC8978598	r	mmc5.r
PMC8979305	ipynb	RA-012-D1RA07956E-s002.ipynb
PMC8979305	md	RA-012-D1RA07956E-s007.md
PMC8979305	py	RA-012-D1RA07956E-s034.py
PMC8991475	r	12936_2022_4134_MOESM1_ESM.r
PMC8991575	py	12859_2022_4657_MOESM3_ESM.py
PMC8991575	r	12859_2022_4657_MOESM4_ESM.r
PMC8992658	r	peerj-10-13156-s003.r
PMC8993027	m	pone.0266706.s001.m
PMC8994071	r	40249_2022_966_MOESM5_ESM.r
PMC8994311	7	12870_2022_3561_MOESM1_ESM.7
PMC8994803	ipynb	10068_2022_1041_MOESM10_ESM.ipynb
PMC8994803	ipynb	10068_2022_1041_MOESM11_ESM.ipynb
PMC8994803	ipynb	10068_2022_1041_MOESM12_ESM.ipynb
PMC8994803	ipynb	10068_2022_1041_MOESM13_ESM.ipynb
PMC8994803	pkl	10068_2022_1041_MOESM14_ESM.pkl
PMC8994803	pkl	10068_2022_1041_MOESM15_ESM.pkl
PMC8994803	pkl	10068_2022_1041_MOESM16_ESM.pkl
PMC8994803	pkl	10068_2022_1041_MOESM17_ESM.pkl
PMC8994803	pkl	10068_2022_1041_MOESM18_ESM.pkl
PMC8994803	pkl	10068_2022_1041_MOESM19_ESM.pkl
PMC8994803	pkl	10068_2022_1041_MOESM23_ESM.pkl
PMC8994803	pkl	10068_2022_1041_MOESM24_ESM.pkl
PMC8994803	pkl	10068_2022_1041_MOESM25_ESM.pkl
PMC8994803	ipynb	10068_2022_1041_MOESM6_ESM.ipynb
PMC8994803	ipynb	10068_2022_1041_MOESM7_ESM.ipynb
PMC8994803	pkl	10068_2022_1041_MOESM8_ESM.pkl
PMC8994803	pkl	10068_2022_1041_MOESM9_ESM.pkl
PMC8994809	rmd	40345_2022_258_MOESM2_ESM.rmd
PMC8995022	r	peerj-10-13244-s002.r
PMC8995291	sas	13304_2021_1168_MOESM2_ESM.sas
PMC8997190	r	peerj-10-13271-s002.r
PMC8997194	r	peerj-10-13073-s002.r
PMC8997194	r	peerj-10-13073-s007.r
PMC8997194	r	peerj-10-13073-s009.r
PMC8997194	r	peerj-10-13073-s011.r
PMC9004015	rmd	12983_2022_461_MOESM1_ESM.rmd
PMC9007352	r	pone.0258522.s001.R
PMC9009631	ipynb	pone.0266934.s008.ipynb
PMC9009716	m	pone.0266910.s001.m
PMC9009716	m	pone.0266910.s002.m
PMC9011973	kml	12864_2022_8492_MOESM3_ESM.kml
PMC9012383	m	pone.0265678.s004.m
PMC9012386	r	pmed.1003975.s001.R
PMC9012386	r	pmed.1003975.s003.R
PMC9012386	do	pmed.1003975.s032.do
PMC9014627	do	13063_2022_6097_MOESM1_ESM.do
PMC9014627	do	13063_2022_6097_MOESM2_ESM.do
PMC9014872	ps	supp_078972.121_Supplemental_FigureS1.ps
PMC9014872	ps	supp_078972.121_Supplemental_FigureS10.ps
PMC9014872	ps	supp_078972.121_Supplemental_FigureS11.ps
PMC9014872	ps	supp_078972.121_Supplemental_FigureS12.ps
PMC9014872	ps	supp_078972.121_Supplemental_FigureS2.ps
PMC9014872	ps	supp_078972.121_Supplemental_FigureS3.ps
PMC9014872	ps	supp_078972.121_Supplemental_FigureS4.ps
PMC9014872	ps	supp_078972.121_Supplemental_FigureS5.ps
PMC9014872	ps	supp_078972.121_Supplemental_FigureS6.ps
PMC9014872	ps	supp_078972.121_Supplemental_FigureS7.ps
PMC9014872	ps	supp_078972.121_Supplemental_FigureS8.ps
PMC9014872	ps	supp_078972.121_Supplemental_FigureS9.ps
PMC9016008	rmd	10021_2021_671_MOESM3_ESM.rmd
PMC9019429	r	sj-R-3-eup-10.1177_14651165211063770.R
PMC9022645	nb	peerj-10-13301-s001.nb
PMC9022645	nb	peerj-10-13301-s002.nb
PMC9022645	nb	peerj-10-13301-s003.nb
PMC9022645	rmd	peerj-10-13301-s004.rmd
PMC9022645	nb	peerj-10-13301-s005.nb
PMC9022645	nb	peerj-10-13301-s006.nb
PMC9044252	m	peerj-cs-08-872-s010.m
PMC9044268	py	peerj-cs-08-890-s001.py
PMC9044268	py	peerj-cs-08-890-s002.py
PMC9044269	nb	peerj-cs-08-885-s001.nb
PMC9044271	m	peerj-cs-08-863-s002.m
PMC9044275	m	peerj-cs-08-910-s001.m
PMC9044275	m	peerj-cs-08-910-s002.m
PMC9044275	m	peerj-cs-08-910-s003.m
PMC9044276	ipynb	peerj-cs-08-884-s001.ipynb
PMC9044276	ipynb	peerj-cs-08-884-s002.ipynb
PMC9044276	ipynb	peerj-cs-08-884-s003.ipynb
PMC9044277	ipynb	peerj-cs-08-889-s001.ipynb
PMC9044277	ipynb	peerj-cs-08-889-s002.ipynb
PMC9044277	ipynb	peerj-cs-08-889-s003.ipynb
PMC9044277	ipynb	peerj-cs-08-889-s004.ipynb
PMC9044277	ipynb	peerj-cs-08-889-s005.ipynb
PMC9044326	r	peerj-cs-08-946-s001.r
PMC9044329	md	peerj-cs-08-904-s001.md
PMC9044329	py	peerj-cs-08-904-s003.py
PMC9044332	ipynb	peerj-cs-08-914-s001.ipynb
PMC9044332	ipynb	peerj-cs-08-914-s002.ipynb
PMC9044332	ipynb	peerj-cs-08-914-s003.ipynb
PMC9044332	ipynb	peerj-cs-08-914-s004.ipynb
PMC9044337	py	peerj-cs-08-943-s005.py
PMC9044337	py	peerj-cs-08-943-s006.py
PMC9044351	py	peerj-cs-08-881-s002.py
PMC9044359	cpp	peerj-cs-08-797-s002.cpp
PMC9044364	py	peerj-cs-08-866-s002.py
PMC9044370	m	peerj-cs-08-905-s001.m
PMC9044370	m	peerj-cs-08-905-s002.m
PMC9044370	m	peerj-cs-08-905-s003.m
PMC9044370	m	peerj-cs-08-905-s004.m
PMC9045477	tex	enu-eN-MNT-0408-21-s05.tex
PMC9049549	cpp	pone.0247286.s001.cpp
PMC9053087	py	RA-010-C9RA04186A-s004.py
PMC9053087	py	RA-010-C9RA04186A-s005.py
PMC9053807	r	pone.0267547.s001.R
PMC9054626	sty	RA-010-D0RA01148G-s001.sty
PMC9059136	r	mmc2.r
PMC9059158	r	mmc2.r
PMC9060357	mat	pone.0267197.s001.mat
PMC9060357	m	pone.0267197.s002.m
PMC9062980	bib	NIHMS1677922-supplement-1.bib
PMC9065154	r	41598_2022_11063_MOESM7_ESM.r
PMC9067623	md	SC-013-D2SC00393G-s011.md
PMC9067660	r	pone.0267048.s001.R
PMC9067692	nlogo	pone.0268019.s004.nlogo
PMC9067883	r	pone.0267203.s004.R
PMC9077577	f08	RA-008-C7RA11829E-s125.f08
PMC9077577	f08	RA-008-C7RA11829E-s126.f08
PMC9077956	r	13098_2022_838_MOESM2_ESM.r
PMC9088827	bib	RA-008-C8RA08038K-s002.bib
PMC9088827	tex	RA-008-C8RA08038K-s008.tex
PMC9089852	do	pone.0267625.s001.do
PMC9089916	r	pbio.3001618.s012.R
PMC9089922	r	pone.0267180.s005.R
PMC9089922	r	pone.0267180.s006.R
PMC9092919	sps	sj-sps-4-hpq-10.1177_13591053211002326.sps
PMC9098013	mat	pone.0268394.s012.mat
PMC9098013	mat	pone.0268394.s013.mat
PMC9098144	r	12144_2022_3196_MOESM3_ESM.r
PMC9102599	r	12915_2022_1305_MOESM10_ESM.r
PMC9102599	py	12915_2022_1305_MOESM8_ESM.py
PMC9107789	c	peerj-10-13315-s001.c
PMC9107789	c	peerj-10-13315-s002.c
PMC9107789	c	peerj-10-13315-s003.c
PMC9109391	r	40462_2022_324_MOESM2_ESM.r
PMC9109391	ipynb	40462_2022_324_MOESM3_ESM.ipynb
PMC9109391	ipynb	40462_2022_324_MOESM4_ESM.ipynb
PMC9110751	asc	41598_2022_12234_MOESM1_ESM.asc
PMC9110751	asc	41598_2022_12234_MOESM2_ESM.asc
PMC9116276	r	13420_2022_520_MOESM2_ESM.r
PMC9116661	r	pone.0267958.s012.R
PMC9116666	f90	pcbi.1010039.s002.f90
PMC9116666	f90	pcbi.1010039.s003.f90
PMC9116666	f90	pcbi.1010039.s004.f90
PMC9116666	f90	pcbi.1010039.s005.f90
PMC9116711	dot	12977_2022_592_MOESM1_ESM.dot
PMC9117083	json	12144_2022_3146_MOESM1_ESM.json
PMC9117083	json	12144_2022_3146_MOESM2_ESM.json
PMC9118584	r	12862_2022_2007_MOESM12_ESM.r
PMC9118653	r	12985_2022_1804_MOESM3_ESM.r
PMC9119476	rmd	pone.0268448.s003.Rmd
PMC9119495	r	pone.0267114.s001.R
PMC9122180	r	pone.0268433.s004.R
PMC9122183	rmd	pone.0268302.s002.Rmd
PMC9132910	m	41598_2022_12922_MOESM2_ESM.m
PMC9132910	m	41598_2022_12922_MOESM3_ESM.m
PMC9132910	m	41598_2022_12922_MOESM4_ESM.m
PMC9132910	m	41598_2022_12922_MOESM5_ESM.m
PMC9132910	m	41598_2022_12922_MOESM7_ESM.m
PMC9134148	r	41235_2022_388_MOESM2_ESM.r
PMC9134640	r	13021_2022_203_MOESM5_ESM.r
PMC9135251	rmd	pbio.3001544.s018.Rmd
PMC9137894	ipynb	peerj-cs-08-961-s002.ipynb
PMC9137894	ipynb	peerj-cs-08-961-s003.ipynb
PMC9137894	ipynb	peerj-cs-08-961-s004.ipynb
PMC9137894	ipynb	peerj-cs-08-961-s005.ipynb
PMC9138015	m	peerj-cs-08-976-s001.m
PMC9138015	m	peerj-cs-08-976-s002.m
PMC9138015	m	peerj-cs-08-976-s003.m
PMC9138093	ipynb	peerj-cs-08-944-s001.ipynb
PMC9138168	json	peerj-cs-08-952-s001.json
PMC9138168	ipynb	peerj-cs-08-952-s003.ipynb
PMC9150688	r	peerj-10-13501-s001.r
PMC9153870	rmd	12936_2022_4162_MOESM1_ESM.rmd
PMC9165816	do	pone.0269199.s002.do
PMC9165853	r	pone.0269368.s005.R
PMC9167512	svg	12915_2022_1323_MOESM8_ESM.svg
PMC9170099	r	pone.0269041.s010.R
PMC9171080	do	181_2022_2259_MOESM2_ESM.do
PMC9171989	r	42523_2022_190_MOESM4_ESM.r
PMC9172112	m	12863_2022_1045_MOESM10_ESM.m
PMC9172112	m	12863_2022_1045_MOESM11_ESM.m
PMC9172112	m	12863_2022_1045_MOESM9_ESM.m
PMC9176756	r	pone.0268198.s005.R
PMC9176756	py	pone.0268198.s006.py
PMC9176839	do	pone.0268840.s002.do
PMC9176839	do	pone.0268840.s003.do
PMC9178904	asc	13071_2022_5284_MOESM7_ESM.asc
PMC9178904	asc	13071_2022_5284_MOESM8_ESM.asc
PMC9182249	r	pone.0269384.s001.R
PMC9184459	r	285_2022_1763_MOESM1_ESM.r
PMC9184723	r	41598_2022_13645_MOESM1_ESM.r
PMC9186388	ps	supp_gad.349585.122_Supp_FigureS1.ps
PMC9186388	ps	supp_gad.349585.122_Supp_FigureS2.ps
PMC9186388	ps	supp_gad.349585.122_Supp_FigureS3.ps
PMC9186388	ps	supp_gad.349585.122_Supp_FigureS4.ps
PMC9186388	ps	supp_gad.349585.122_Supp_FigureS5.ps
PMC9187851	r	11558_2022_9464_MOESM2_ESM.r
PMC9189720	r	sj-r-1-mdm-10.1177_0272989X211073098.R
PMC9189720	r	sj-r-2-mdm-10.1177_0272989X211073098.R
PMC9189720	r	sj-r-3-mdm-10.1177_0272989X211073098.R
PMC9189720	r	sj-r-4-mdm-10.1177_0272989X211073098.R
PMC9191728	py	pone.0266699.s003.py
PMC9197065	r	pone.0260684.s006.R
PMC9197396	tex	elife-75834-supp1.tex
PMC9197396	tex	elife-75834-supp10.tex
PMC9197396	tex	elife-75834-supp2.tex
PMC9197396	tex	elife-75834-supp3.tex
PMC9197396	tex	elife-75834-supp4.tex
PMC9197396	tex	elife-75834-supp5.tex
PMC9197396	tex	elife-75834-supp6.tex
PMC9197396	tex	elife-75834-supp7.tex
PMC9197396	tex	elife-75834-supp8.tex
PMC9197396	tex	elife-75834-supp9.tex
PMC9200365	r	pone.0265170.s008.R
PMC9202552	r	peerj-10-13431-s005.r
PMC9202621	py	peerj-cs-08-953-s001.py
PMC9202628	py	peerj-cs-08-1000-s002.py
PMC9202628	py	peerj-cs-08-1000-s003.py
PMC9202630	ipynb	peerj-cs-08-995-s002.ipynb
PMC9202632	go	peerj-cs-08-989-s001.go
PMC9202633	java	peerj-cs-08-965-s001.java
PMC9202633	java	peerj-cs-08-965-s002.java
PMC9202929	r	pone.0269923.s004.R
PMC9203006	c	pcbi.1010142.s005.c
PMC9205480	ipynb	pone.0269774.s002.ipynb
PMC9205499	svg	pgen.1010252.s002.svg
PMC9205502	r	pone.0259787.s003.r
PMC9206293	r	12942_2022_305_MOESM1_ESM.r
PMC9206293	r	12942_2022_305_MOESM2_ESM.r
PMC9206293	r	12942_2022_305_MOESM3_ESM.r
PMC9206432	py	peerj-10-13594-s004.py
PMC9210248	r	Rcodemanuscript.R
PMC9212139	do	pmed.1004024.s005.do
PMC9212159	rmd	pone.0270270.s002.RMD
PMC9213539	rmd	41598_2022_13640_MOESM9_ESM.rmd
PMC9232411	r	265_2022_3192_MOESM1_ESM.r
PMC9233733	py	13238_2021_895_MOESM6_ESM.py
PMC9237135	c	41598_2022_13679_MOESM5_ESM.c
PMC9237135	h	41598_2022_13679_MOESM6_ESM.h
PMC9239132	svg	mbio.00813-22-s0003.svg
PMC9239451	sas	pone.0269112.s015.sas
PMC9239451	sas	pone.0269112.s016.sas
PMC9239451	sas	pone.0269112.s017.sas
PMC9239451	sas	pone.0269112.s018.sas
PMC9239451	sas	pone.0269112.s019.sas
PMC9239943	m	10549_2022_6630_MOESM1_ESM.m
PMC9239943	m	10549_2022_6630_MOESM2_ESM.m
PMC9239943	m	10549_2022_6630_MOESM3_ESM.m
PMC9239943	m	10549_2022_6630_MOESM4_ESM.m
PMC9242440	md	pone.0268766.s002.md
PMC9244047	r	11356_2022_21423_MOESM2_ESM.r
PMC9245158	cls	sj-cls-1-smm-10.1177_09622802221074156.cls
PMC9245158	r	sj-R-3-smm-10.1177_09622802221074156.R
PMC9245158	r	sj-R-4-smm-10.1177_09622802221074156.R
PMC9245161	do	sj-do-1-psp-10.1177_01461672211036627.do
PMC9245161	do	sj-do-2-psp-10.1177_01461672211036627.do
PMC9245161	sps	sj-sps-1-psp-10.1177_01461672211036627.sps
PMC9245161	sps	sj-sps-2-psp-10.1177_01461672211036627.sps
PMC9245161	sps	sj-sps-3-psp-10.1177_01461672211036627.sps
PMC9246131	r	pcbi.1010185.s001.R
PMC9246154	do	pone.0270581.s005.do
PMC9247905	ps	41467_2022_31532_MOESM5_ESM.ps
PMC9249193	do	pone.0269848.s002.do
PMC9258084	r	12864_2022_8718_MOESM10_ESM.r
PMC9258084	r	12864_2022_8718_MOESM6_ESM.r
PMC9258084	r	12864_2022_8718_MOESM7_ESM.r
PMC9258084	r	12864_2022_8718_MOESM8_ESM.r
PMC9258084	r	12864_2022_8718_MOESM9_ESM.r
PMC9258859	rmd	pone.0268594.s007.Rmd
PMC9262764	r	384_2022_4157_MOESM1_ESM.r
PMC9273097	tex	pone.0271039.s001.tex
PMC9275728	ipynb	pone.0267338.s001.ipynb
PMC9275728	ipynb	pone.0267338.s003.ipynb
PMC9277315	rmd	sj-rmd-2-eup-10.1177_14651165221112988.Rmd
PMC9278342	ini	SC-013-D2SC03127B-s023.ini
PMC9278787	do	pone.0271309.s002.do
PMC9279204	tex	10964_2022_1608_MOESM1_ESM.tex
PMC9279204	tex	10964_2022_1608_MOESM2_ESM.tex
PMC9281141	r	12936_2022_4236_MOESM2_ESM.r
PMC9283158	do	11121_2021_1280_MOESM2_ESM.do
PMC9283365	aux	10237_2022_1584_MOESM1_ESM.aux
PMC9283365	aux	10237_2022_1584_MOESM3_ESM.aux
PMC9284745	svg	12884_2022_4854_MOESM2_ESM.svg
PMC9286404	r	COGS-46-0-s004.R
PMC9286738	tex	elife-75046-supp1.tex
PMC9288164	r	peerj-10-13622-s004.r
PMC9288164	r	peerj-10-13622-s005.r
PMC9288859	kml	mmc2.kml
PMC9289925	tex	MP-49-3298-s003.tex
PMC9289968	tex	sj-tex-1-asp-10.1177_00037028221088591.tex
PMC9290657	tex	SIM-40-5487-s001.tex
PMC9291174	r	PS-77-5186-s001.R
PMC9292081	r	pone.0269751.s003.R
PMC9292101	mat	pbio.3001712.s007.mat
PMC9292617	tex	BIMJ-64-419-s001.tex
PMC9292850	rmd	BRV-96-2716-s001.Rmd
PMC9295955	m	pone.0271744.s001.m
PMC9295961	r	pone.0268838.s002.R
PMC9295961	r	pone.0268838.s003.R
PMC9295961	r	pone.0268838.s004.R
PMC9299076	py	CHEM-27-18156-s001.py
PMC9299264	py	peerj-cs-08-1043-s002.py
PMC9299276	py	peerj-cs-08-1040-s006.py
PMC9299285	ipynb	peerj-cs-08-1013-s007.ipynb
PMC9299285	ipynb	peerj-cs-08-1013-s008.ipynb
PMC9299285	ipynb	peerj-cs-08-1013-s009.ipynb
PMC9299285	ipynb	peerj-cs-08-1013-s010.ipynb
PMC9299285	ipynb	peerj-cs-08-1013-s011.ipynb
PMC9299313	m	pone.0271721.s002.m
PMC9307164	rmd	pone.0270771.s006.Rmd
PMC9308462	r	peerj-10-13724-s010.r
PMC9308966	r	peerj-10-13735-s005.r
PMC9312416	r	pone.0270815.s008.R
PMC9322543	svg	ANIE-61-0-s009.svg
PMC9325440	do	HEC-31-1202-s002.do
PMC9325815	r	122_2022_4157_MOESM1_ESM.r
PMC9325815	r	122_2022_4157_MOESM2_ESM.r
PMC9325815	r	122_2022_4157_MOESM3_ESM.r
PMC9325815	r	122_2022_4157_MOESM4_ESM.r
PMC9325815	r	122_2022_4157_MOESM5_ESM.r
PMC9328559	mat	pone.0242115.s002.mat
PMC9328559	mat	pone.0242115.s005.mat
PMC9332401	r	peerj-10-13634-s003.r
PMC9343907	r	ppj-rw-03-2022-0043-suppl2.R
PMC9347355	py	RA-012-D2RA03431J-s001.py
PMC9347355	py	RA-012-D2RA03431J-s003.py
PMC9348847	mat	elife-72440-data1.mat
PMC9348847	mat	elife-72440-data2.mat
PMC9349040	r	41559_2022_1807_MOESM5_ESM.r
PMC9352051	r	pone.0272565.s002.R
PMC9352051	r	pone.0272565.s003.R
PMC9352051	r	pone.0272565.s004.R
PMC9352100	py	pone.0270430.s002.py
PMC9355232	r	pone.0272531.s006.R
PMC9355974	sh	41598_2022_17798_MOESM12_ESM.sh
PMC9356584	ipynb	peerj-10-13779-s001.ipynb
PMC9358767	r	JOA-241-565-s002.R
PMC9359911	sas	41556_2022_955_MOESM7_ESM.sas
PMC9361273	sps	13006_2022_499_MOESM2_ESM.sps
PMC9361273	sps	13006_2022_499_MOESM4_ESM.sps
PMC9362956	ox	pone.0272512.s001.ox
PMC9371974	r	41594_2022_814_MOESM4_ESM.r
PMC9375319	r	12889_2022_13981_MOESM3_ESM.r
PMC9375319	r	12889_2022_13981_MOESM4_ESM.r
PMC9375967	r	peerj-10-13897-s003.r
PMC9375967	r	peerj-10-13897-s004.r
PMC9377577	r	pone.0272987.s005.R
PMC9380955	r	pone.0272710.s005.R
PMC9381526	py	41598_2022_18086_MOESM1_ESM.py
PMC9384794	f90	SC-013-D2SC03074H-s039.f90
PMC9384794	f90	SC-013-D2SC03074H-s040.f90
PMC9384984	r	pone.0272764.s002.R
PMC9385619	r	41598_2022_18223_MOESM3_ESM.r
PMC9386019	py	41598_2022_17859_MOESM10_ESM.py
PMC9386019	py	41598_2022_17859_MOESM11_ESM.py
PMC9386019	py	41598_2022_17859_MOESM12_ESM.py
PMC9386019	py	41598_2022_17859_MOESM13_ESM.py
PMC9386019	py	41598_2022_17859_MOESM14_ESM.py
PMC9386019	py	41598_2022_17859_MOESM15_ESM.py
PMC9386019	py	41598_2022_17859_MOESM16_ESM.py
PMC9386019	py	41598_2022_17859_MOESM17_ESM.py
PMC9386019	py	41598_2022_17859_MOESM18_ESM.py
PMC9386019	py	41598_2022_17859_MOESM19_ESM.py
PMC9386019	py	41598_2022_17859_MOESM20_ESM.py
PMC9386019	gcode	41598_2022_17859_MOESM21_ESM.gcode
PMC9386019	py	41598_2022_17859_MOESM6_ESM.py
PMC9386019	py	41598_2022_17859_MOESM7_ESM.py
PMC9386019	py	41598_2022_17859_MOESM8_ESM.py
PMC9386019	py	41598_2022_17859_MOESM9_ESM.py
PMC9399116	r	41598_2022_18661_MOESM2_ESM.r
PMC9400395	r	APS3-10-e11487-s001.R
PMC9400395	r	APS3-10-e11487-s003.R
PMC9400567	r	406_2022_1468_MOESM3_ESM.r
PMC9403636	svg	ADVS-9-2105009-s002.svg
PMC9403636	svg	ADVS-9-2105009-s003.svg
PMC9403636	svg	ADVS-9-2105009-s006.svg
PMC9411079	jl	216_2022_4224_MOESM2_ESM.jl
PMC9411079	r	216_2022_4224_MOESM3_ESM.r
PMC9411079	py	216_2022_4224_MOESM4_ESM.py
PMC9418755	tex	NA-004-D1NA00747E-s003.tex
PMC9419717	r	peerj-10-13763-s001.r
PMC9419717	stan	peerj-10-13763-s003.stan
PMC9429597	r	11689_2022_9459_MOESM2_ESM.r
PMC9432756	r	pone.0273024.s003.R
PMC9432763	r	pone.0272561.s005.R
PMC9434207	sps	sj-sps-10-hpq-10.1177_13591053211047148.sps
PMC9434207	sps	sj-sps-8-hpq-10.1177_13591053211047148.sps
PMC9434207	sps	sj-sps-9-hpq-10.1177_13591053211047148.sps
PMC9434257	sps	sj-sps-12-hpq-10.1177_13591053211027631.sps
PMC9434542	r	13253_2022_509_MOESM1_ESM.r
PMC9434542	r	13253_2022_509_MOESM2_ESM.r
PMC9434542	r	13253_2022_509_MOESM3_ESM.r
PMC9438767	rmd	peerj-10-13905-s002.rmd
PMC9438768	m	peerj-10-13987-s003.m
PMC9439198	r	pone.0273031.s001.R
PMC9439198	do	pone.0273031.s003.do
PMC9439198	do	pone.0273031.s005.do
PMC9441138	r	peerj-10-13951-s009.r
PMC9441138	r	peerj-10-13951-s010.r
PMC9441138	r	peerj-10-13951-s011.r
PMC9441138	r	peerj-10-13951-s012.r
PMC9441138	r	peerj-10-13951-s013.r
PMC9441138	r	peerj-10-13951-s014.r
PMC9441138	r	peerj-10-13951-s015.r
PMC9441138	r	peerj-10-13951-s016.r
PMC9448972	r	ECE3-12-e9261-s004.r
PMC9452284	rmd	13750_2022_282_MOESM10_ESM.rmd
PMC9454772	py	peerj-cs-08-1053-s001.py
PMC9454774	py	peerj-cs-08-1014-s001.py
PMC9454888	java	peerj-cs-08-981-s001.java
PMC9454888	java	peerj-cs-08-981-s002.java
PMC9454888	java	peerj-cs-08-981-s003.java
PMC9455019	java	peerj-cs-08-1035-s001.java
PMC9455049	tcl	peerj-cs-08-1029-s001.tcl
PMC9455941	json	13326_2022_277_MOESM1_ESM.json
PMC9455941	json	13326_2022_277_MOESM2_ESM.json
PMC9455941	ipynb	13326_2022_277_MOESM3_ESM.ipynb
PMC9455941	ipynb	13326_2022_277_MOESM4_ESM.ipynb
PMC9455941	ipynb	13326_2022_277_MOESM5_ESM.ipynb
PMC9455941	json	13326_2022_277_MOESM6_ESM.json
PMC9462161	ps	x-05-x201344-sup4.ps
PMC9462286	ps	x-05-x201292-sup4.ps
PMC9463349	r	12035_2022_2957_MOESM3_ESM.r
PMC9467356	sps	pone.0274186.s022.sps
PMC9467356	sps	pone.0274186.s023.sps
PMC9467356	sps	pone.0274186.s024.sps
PMC9467512	mat	elife-75515-fig4-data1.mat
PMC9469823	ipynb	42489_2022_114_MOESM1_ESM.ipynb
PMC9469823	ipynb	42489_2022_114_MOESM2_ESM.ipynb
PMC9471031	m	41205_2022_148_MOESM11_ESM.m
PMC9481036	py	pone.0273432.s001.py
PMC9482773	r	peerj-10-13840-s002.r
PMC9484466	r	peerj-10-14023-s001.r
PMC9484466	r	peerj-10-14023-s002.r
PMC9484698	r	pone.0274472.s002.R
PMC9485162	kml	41598_2022_19915_MOESM3_ESM.kml
PMC9485162	kml	41598_2022_19915_MOESM6_ESM.kml
PMC9491547	ipynb	pone.0273241.s009.ipynb
PMC9516884	ipynb	CP-024-D2CP03048A-s002.ipynb
PMC9516884	py	CP-024-D2CP03048A-s003.py
PMC9516884	ipynb	CP-024-D2CP03048A-s005.ipynb
PMC9516884	py	CP-024-D2CP03048A-s006.py
PMC9516884	ipynb	CP-024-D2CP03048A-s008.ipynb
PMC9516884	py	CP-024-D2CP03048A-s009.py
PMC9516884	mat	CP-024-D2CP03048A-s010.mat
PMC9516884	mat	CP-024-D2CP03048A-s025.mat
PMC9516884	mat	CP-024-D2CP03048A-s040.mat
PMC9516884	mat	CP-024-D2CP03048A-s053.mat
PMC9516884	ipynb	CP-024-D2CP03048A-s057.ipynb
PMC9516884	mat	CP-024-D2CP03048A-s058.mat
PMC9516884	py	CP-024-D2CP03048A-s060.py
PMC9516884	ipynb	CP-024-D2CP03048A-s061.ipynb
PMC9519747	r	41598_2022_20106_MOESM9_ESM.r
PMC9521920	r	pone.0274359.s007.R
PMC9523827	r	sj-R-2-smm-10.1177_09622802221107103.R
PMC9523827	r	sj-R-3-smm-10.1177_09622802221107103.R
PMC9523977	rmd	42523_2022_204_MOESM3_ESM.rmd
PMC9524367	r	peerj-10-13914-s005.r
PMC9524367	r	peerj-10-13914-s006.r
PMC9526409	r	peerj-10-14094-s005.r
PMC9526409	r	peerj-10-14094-s006.r
PMC9527597	m	FEB4-12-1700-s009.m
PMC9531528	yaml	13567_2022_1094_MOESM2_ESM.yaml
PMC9537313	r	41598_2022_21144_MOESM1_ESM.r
PMC9537449	sps	sj-sps-3-hpq-10.1177_13591053211067102.sps
PMC9538137	py	LRH2-7-e10337-s001.py
PMC9540046	c	10729_2022_9617_MOESM1_ESM.c
PMC9540046	c	10729_2022_9617_MOESM2_ESM.c
PMC9540046	c	10729_2022_9617_MOESM3_ESM.c
PMC9540046	c	10729_2022_9617_MOESM4_ESM.c
PMC9540139	r	43545_2022_534_MOESM1_ESM.r
PMC9541444	r	GCB-28-4989-s002.R
PMC9542743	tex	TOPS-14-550-s001.tex
PMC9542822	nb	JEB-35-1143-s003.nb
PMC9543271	tex	RISA-42-1623-s001.tex
PMC9543986	py	pone.0269464.s001.py
PMC9544152	rmd	EMI-24-3809-s006.Rmd
PMC9544685	rmd	NPH-236-71-s002.Rmd
PMC9545880	tex	MP-49-6068-s001.tex
PMC9546096	pl	TPJ-99-1242-s014.pl
PMC9546121	r	TBED-69-2008-s003.R
PMC9546931	m	41598_2022_21226_MOESM5_ESM.m
PMC9547439	svg	12862_2022_2068_MOESM4_ESM.svg
PMC9548171	rmd	13098_2022_913_MOESM1_ESM.rmd
PMC9548660	r	sj-r-6-psp-10.1177_01461672211047375.R
PMC9549881	r	peerj-10-14074-s005.r
PMC9555832	r	NIHMS1805352-supplement-SFile3_Genie.r
PMC9575672	md	peerj-10-14158-s002.md
PMC9575672	md	peerj-10-14158-s003.md
PMC9575672	r	peerj-10-14158-s004.r
PMC9575672	r	peerj-10-14158-s005.r
PMC9575672	md	peerj-10-14158-s006.md
PMC9575844	py	peerj-cs-08-1086-s001.py
PMC9575846	java	peerj-cs-08-1077-s001.java
PMC9575846	java	peerj-cs-08-1077-s002.java
PMC9575846	java	peerj-cs-08-1077-s003.java
PMC9575846	java	peerj-cs-08-1077-s004.java
PMC9575846	java	peerj-cs-08-1077-s005.java
PMC9575854	m	peerj-cs-08-1102-s001.m
PMC9575854	m	peerj-cs-08-1102-s002.m
PMC9575856	py	peerj-cs-08-1108-s002.py
PMC9575856	py	peerj-cs-08-1108-s003.py
PMC9575856	py	peerj-cs-08-1108-s004.py
PMC9575856	py	peerj-cs-08-1108-s005.py
PMC9575856	py	peerj-cs-08-1108-s006.py
PMC9575856	py	peerj-cs-08-1108-s007.py
PMC9575860	ipynb	peerj-cs-08-1082-s001.ipynb
PMC9575860	ipynb	peerj-cs-08-1082-s002.ipynb
PMC9575860	ipynb	peerj-cs-08-1082-s003.ipynb
PMC9575860	ipynb	peerj-cs-08-1082-s004.ipynb
PMC9575860	ipynb	peerj-cs-08-1082-s005.ipynb
PMC9575860	ipynb	peerj-cs-08-1082-s006.ipynb
PMC9575862	ipynb	peerj-cs-08-1111-s002.ipynb
PMC9575864	ipynb	peerj-cs-08-1100-s001.ipynb
PMC9575864	ipynb	peerj-cs-08-1100-s002.ipynb
PMC9575864	ipynb	peerj-cs-08-1100-s003.ipynb
PMC9575866	m	peerj-cs-08-1076-s001.m
PMC9575869	m	peerj-cs-08-1105-s001.m
PMC9575869	m	peerj-cs-08-1105-s002.m
PMC9575874	md	peerj-cs-08-1116-s001.md
PMC9575931	bash	peerj-cs-08-1120-s002.bash
PMC9575933	sty	peerj-cs-08-969-s001.sty
PMC9575934	ipynb	peerj-cs-08-1092-s001.ipynb
PMC9576064	pub	pone.0275668.s003.pub
PMC9576801	nb	41598_2022_20136_MOESM3_ESM.nb
PMC9576801	nb	41598_2022_20136_MOESM5_ESM.nb
PMC9580036	r	sj-R-6-hpq-10.1177_13591053221082770.R
PMC9580036	sps	sj-sps-1-hpq-10.1177_13591053221082770.sps
PMC9580456	r	41598_2022_21474_MOESM14_ESM.r
PMC9581363	r	pone.0268160.s001.R
PMC9583852	r	peerj-10-14161-s002.r
PMC9583852	r	peerj-10-14161-s003.r
PMC9583852	r	peerj-10-14161-s004.r
PMC9584378	do	pone.0275713.s008.do
PMC9586080	rmd	peerj-10-14237-s003.rmd
PMC9586984	r	41598_2022_22266_MOESM2_ESM.r
PMC9586984	r	41598_2022_22266_MOESM3_ESM.r
PMC9586984	r	41598_2022_22266_MOESM4_ESM.r
PMC9586984	r	41598_2022_22266_MOESM5_ESM.r
PMC9586984	r	41598_2022_22266_MOESM6_ESM.r
PMC9590153	r	12859_2022_4989_MOESM5_ESM.r
PMC9590153	r	12859_2022_4989_MOESM6_ESM.r
PMC9590153	r	12859_2022_4989_MOESM8_ESM.r
PMC9590418	r	peerj-10-14196-s003.r
PMC9616907	json	41598_2022_21313_MOESM2_ESM.json
PMC9617360	do	13690_2022_978_MOESM10_ESM.do
PMC9617360	do	13690_2022_978_MOESM11_ESM.do
PMC9617360	do	13690_2022_978_MOESM12_ESM.do
PMC9617360	do	13690_2022_978_MOESM13_ESM.do
PMC9617360	do	13690_2022_978_MOESM14_ESM.do
PMC9617360	do	13690_2022_978_MOESM15_ESM.do
PMC9617360	do	13690_2022_978_MOESM16_ESM.do
PMC9617360	do	13690_2022_978_MOESM17_ESM.do
PMC9617360	do	13690_2022_978_MOESM6_ESM.do
PMC9617360	do	13690_2022_978_MOESM7_ESM.do
PMC9617360	do	13690_2022_978_MOESM8_ESM.do
PMC9617360	do	13690_2022_978_MOESM9_ESM.do
PMC9617549	r	peerj-10-14105-s003.r
PMC9621435	do	pone.0276563.s002.do
PMC9622894	m	41598_2022_21459_MOESM3_ESM.m
PMC9623996	r	12936_2022_4322_MOESM1_ESM.r
PMC9624058	r	12864_2022_8929_MOESM1_ESM.r
PMC9624058	r	12864_2022_8929_MOESM2_ESM.r
PMC9624058	r	12864_2022_8929_MOESM3_ESM.r
PMC9624058	r	12864_2022_8929_MOESM4_ESM.r
PMC9624058	r	12864_2022_8929_MOESM5_ESM.r
PMC9624058	r	12864_2022_8929_MOESM6_ESM.r
PMC9624058	r	12864_2022_8929_MOESM7_ESM.r
PMC9624058	r	12864_2022_8929_MOESM8_ESM.r
PMC9624058	r	12864_2022_8929_MOESM9_ESM.r
PMC9631323	r	ECE3-12-e9449-s003.R
PMC9632464	py	peerj-10-14293-s003.py
PMC9632820	r	pntd.0010895.s003.r
PMC9632820	r	pntd.0010895.s004.R
PMC9632820	r	pntd.0010895.s005.R
PMC9632820	r	pntd.0010895.s006.R
PMC9635360	r	peerj-10-14210-s011.r
PMC9635360	r	peerj-10-14210-s012.r
PMC9635360	r	peerj-10-14210-s013.r
PMC9635360	r	peerj-10-14210-s014.r
PMC9635360	r	peerj-10-14210-s015.r
PMC9635702	py	pone.0277244.s002.py
PMC9635702	r	pone.0277244.s003.R
PMC9636146	svg	41598_2022_22060_MOESM2_ESM.svg
PMC9637358	m	peerj-10-14339-s001.m
PMC9638426	rmd	42991_2022_326_MOESM1_ESM.rmd
PMC9639812	ps	pbio.3001844.s030.ps
PMC9639812	ps	pbio.3001844.s031.ps
PMC9639812	ps	pbio.3001844.s032.ps
PMC9645623	r	pone.0275463.s014.R
PMC9645628	sas	pone.0277301.s004.sas
PMC9647903	svg	13100_2022_279_MOESM2_ESM.svg
PMC9647903	svg	13100_2022_279_MOESM3_ESM.svg
PMC9647903	svg	13100_2022_279_MOESM7_ESM.svg
PMC9648720	do	pone.0276381.s001.do
PMC9648720	do	pone.0276381.s002.do
PMC9661767	md	12915_2022_1448_MOESM7_ESM.md
PMC9662117	r	12955_2022_2052_MOESM1_ESM.r
PMC9664686	r	40168_2022_1381_MOESM21_ESM.r
PMC9666435	r	41598_2022_24175_MOESM8_ESM.r
PMC9676178	kml	mmc1.kml
PMC9678281	r	pone.0274389.s007.R
PMC9714823	tex	pone.0278095.s001.tex
PMC9714923	r	pone.0277663.s002.R
PMC9715704	svg	41598_2022_25200_MOESM2_ESM.svg
PMC9732005	r	41598_2022_25524_MOESM7_ESM.r
PMC9732785	cls	sj-cls-1-uar-10.1177_10780874211038321.cls
PMC9732785	cls	sj-cls-2-uar-10.1177_10780874211038321.cls
PMC9732911	ps	supp_gad.349848.122_Supplemental_Figure_S10_.ps
PMC9732911	ps	supp_gad.349848.122_Supplemental_Figure_S1_.ps
PMC9732911	ps	supp_gad.349848.122_Supplemental_Figure_S2_.ps
PMC9732911	ps	supp_gad.349848.122_Supplemental_Figure_S3_.ps
PMC9732911	ps	supp_gad.349848.122_Supplemental_Figure_S4_.ps
PMC9732911	ps	supp_gad.349848.122_Supplemental_Figure_S5_.ps
PMC9732911	ps	supp_gad.349848.122_Supplemental_Figure_S6_.ps
PMC9732911	ps	supp_gad.349848.122_Supplemental_Figure_S7_.ps
PMC9732911	ps	supp_gad.349848.122_Supplemental_Figure_S8_.ps
PMC9732911	ps	supp_gad.349848.122_Supplemental_Figure_S9_.ps
PMC9733293	do	43058_2022_378_MOESM3_ESM.do
PMC9763343	do	41598_2022_26340_MOESM2_ESM.do
PMC9763343	do	41598_2022_26340_MOESM6_ESM.do
PMC9764321	r	10530_2022_2986_MOESM2_ESM.r
PMC9765116	svg	msystems.00632-22-s0001.svg
PMC9765116	svg	msystems.00632-22-s0002.svg
PMC9765116	svg	msystems.00632-22-s0004.svg
PMC9765116	svg	msystems.00632-22-s0005.svg
PMC9765116	svg	msystems.00632-22-s0006.svg
PMC9765116	svg	msystems.00632-22-s0007.svg
PMC9765116	svg	msystems.00632-22-s0008.svg
PMC9767325	sas	pone.0279347.s005.sas
PMC9768921	tab	13059_2022_2833_MOESM14_ESM.tab
PMC9768921	tab	13059_2022_2833_MOESM15_ESM.tab
PMC9768921	tab	13059_2022_2833_MOESM19_ESM.tab
PMC9768921	tab	13059_2022_2833_MOESM20_ESM.tab
PMC9768921	tab	13059_2022_2833_MOESM22_ESM.tab
PMC9768921	tab	13059_2022_2833_MOESM23_ESM.tab
PMC9768921	tab	13059_2022_2833_MOESM3_ESM.tab
PMC9768921	tab	13059_2022_2833_MOESM4_ESM.tab
PMC9768921	tab	13059_2022_2833_MOESM8_ESM.tab
PMC9789516	r	11252_2022_1304_MOESM1_ESM.r
PMC9789516	r	11252_2022_1304_MOESM4_ESM.r
PMC9789516	r	11252_2022_1304_MOESM6_ESM.r
PMC9790417	mat	JMRI-56-1302-s001.mat
PMC9793826	do	HSR2-6-e1023-s002.do
PMC9803165	json	pone.0279455.s002.json
PMC9803165	json	pone.0279455.s003.json
PMC9803312	rmd	pone.0278867.s004.Rmd
PMC9804739	r	EVO-76-2244-s001.r
PMC9804739	r	EVO-76-2244-s003.R
PMC9805184	r	EVO-76-2424-s004.R
PMC9825354	dot	705_2022_5652_MOESM2_ESM.dot
PMC9825354	dot	705_2022_5652_MOESM3_ESM.dot
PMC9826453	r	RSSC-71-1648-s001.R
PMC9826502	r	NPH-236-1605-s001.R
PMC9826502	r	NPH-236-1605-s005.R
PMC9827646	m	13007_2023_979_MOESM1_ESM.m
PMC9828121	nlogo	ETC-41-2870-s007.nlogo
PMC9828287	r	peerj-11-14540-s003.r
PMC9854373	py	peerj-11-14667-s001.py
PMC9854373	r	peerj-11-14667-s002.r
PMC9854379	r	peerj-11-14681-s003.r
PMC9858874	rmd	pone.0280593.s021.Rmd
PMC9882835	nb	pbio.3001981.s010.nb
PMC9884040	r	peerj-11-14800-s005.r
PMC9884040	r	peerj-11-14800-s006.r
PMC9884040	r	peerj-11-14800-s007.r
PMC9884477	rmd	peerj-11-14597-s003.rmd
PMC9885915	do	11356_2023_25585_MOESM1_ESM.do
PMC9899435	r	peerj-11-14676-s002.r
PMC9899439	r	peerj-11-14638-s004.r
PMC9900139	r	sj-r-2-smm-10.1177_09622802221133551.R
PMC9916584	r	pone.0281739.s021.R
PMC9925086	do	pone.0273334.s001.do
PMC9948373	tab	13321_2023_692_MOESM3_ESM.tab
PMC9948373	tab	13321_2023_692_MOESM4_ESM.tab
PMC9948373	tab	13321_2023_692_MOESM5_ESM.tab
PMC9948373	tab	13321_2023_692_MOESM6_ESM.tab
PMC9948728	svg	msystems.01254-22-s0002.svg
PMC9948728	svg	msystems.01254-22-s0003.svg
PMC9948728	svg	msystems.01254-22-s0004.svg
PMC9948728	svg	msystems.01254-22-s0005.svg
PMC9949680	r	pone.0281869.s004.R
PMC9950169	ts	10071_2022_1654_MOESM1_ESM.ts
PMC9950610	m	sj-m-35-ipe-10.1177_20416695231157349.m
PMC9950610	m	sj-m-36-ipe-10.1177_20416695231157349.m
PMC9955629	r	pone.0280211.s002.R
PMC9955629	sas	pone.0280211.s003.sas
PMC9955656	r	pone.0280819.s001.R
PMC9976693	nb	42495_2023_106_MOESM1_ESM.nb
PMC9977897	r	11336_2022_9898_MOESM11_ESM.r
PMC9977897	r	11336_2022_9898_MOESM2_ESM.r
PMC9977897	r	11336_2022_9898_MOESM4_ESM.r
PMC9977897	r	11336_2022_9898_MOESM5_ESM.r
PMC9977897	r	11336_2022_9898_MOESM6_ESM.r
PMC9977897	r	11336_2022_9898_MOESM7_ESM.r
PMC9977897	r	11336_2022_9898_MOESM8_ESM.r
PMC9977897	r	11336_2022_9898_MOESM9_ESM.r
PMC9979831	rmd	peerj-11-14787-s002.rmd
PMC9980794	svg	pbio.3001977.s014.svg
PMC7615971	m	EMS194565-supplement-Supplementary_code.m
PMC11035974	r	ECE3-14-e11257-s001.R
PMC11035974	r	ECE3-14-e11257-s005.R
PMC11058635	m	sj-m-1-ipe-10.1177_20416695231214440.m
PMC11058635	m	sj-m-2-ipe-10.1177_20416695231214440.m
PMC10990486	mat	elife-92839-fig1-data1.mat
PMC10990486	mat	elife-92839-fig2-data1.mat
PMC11045574	r	11136_2024_3601_MOESM1_ESM.r
PMC11076382	ipynb	11517_2024_3047_MOESM2_ESM.ipynb
PMC11076382	ipynb	11517_2024_3047_MOESM3_ESM.ipynb
PMC11076382	ipynb	11517_2024_3047_MOESM4_ESM.ipynb
PMC11076382	ipynb	11517_2024_3047_MOESM5_ESM.ipynb
PMC11076382	ipynb	11517_2024_3047_MOESM6_ESM.ipynb
PMC11017974	r	peerj-12-17211-s010.r
PMC11017974	r	peerj-12-17211-s011.r
PMC11017974	r	peerj-12-17211-s012.r
PMC11017974	r	peerj-12-17211-s013.r
PMC11017974	r	peerj-12-17211-s014.r
PMC11017974	r	peerj-12-17211-s015.r
PMC11017974	r	peerj-12-17211-s016.r
PMC11098375	mod	pone.0300775.s001.mod
PMC11045132	ini	pone.0301937.s006.ini
PMC11073727	m	pone.0301891.s001.m
PMC11073727	m	pone.0301891.s002.m
PMC11089944	rmd	EMI4-16-e13213-s004.Rmd
PMC11090318	r	pone.0302922.s004.R
PMC11135735	m	pone.0303608.s003.m
PMC11142433	r	pone.0297894.s003.R
PMC11142433	r	pone.0297894.s004.R
PMC11155670	r	peerj-12-17430-s001.r
PMC11155670	r	peerj-12-17430-s002.r
PMC11155670	r	peerj-12-17430-s003.r
PMC11155670	sps	peerj-12-17430-s005.sps
PMC11157588	py	peerj-cs-10-2058-s005.py
PMC11157588	py	peerj-cs-10-2058-s009.py
PMC11157588	py	peerj-cs-10-2058-s010.py
PMC11157588	py	peerj-cs-10-2058-s011.py
PMC11157588	py	peerj-cs-10-2058-s012.py
PMC11157588	py	peerj-cs-10-2058-s013.py
PMC11157588	py	peerj-cs-10-2058-s014.py
PMC11157588	py	peerj-cs-10-2058-s015.py
PMC11157588	py	peerj-cs-10-2058-s016.py
PMC11157588	py	peerj-cs-10-2058-s017.py
PMC11157588	py	peerj-cs-10-2058-s018.py
PMC11065253	r	pone.0300373.s004.R
PMC11046936	r	40359_2024_1729_MOESM1_ESM.r
PMC11055346	ipynb	13321_2024_836_MOESM2_ESM.ipynb
PMC11057652	ipynb	peerj-cs-10-1995-s001.ipynb
PMC11065408	ipynb	peerj-cs-10-1963-s001.ipynb
PMC11087069	py	pcbi.1012081.s005.py
PMC11157571	m	peerj-cs-10-1997-s003.m
PMC11157571	m	peerj-cs-10-1997-s004.m
PMC11157571	m	peerj-cs-10-1997-s005.m
PMC10655582	r	pnas.2308273120.sapp3.r
PMC10995248	rmd	JCSM-15-718-s002.Rmd
PMC11009012	r	jeehp-20-30-suppl4.R
PMC11041999	ipynb	peerj-cs-10-1857-s002.ipynb
PMC11042033	py	peerj-cs-10-1930-s001.py
PMC11042033	py	peerj-cs-10-1930-s002.py
PMC11042033	py	peerj-cs-10-1930-s003.py
PMC11015551	r	12915_2024_1879_MOESM12_ESM.r
PMC11041944	py	peerj-cs-10-1981-s001.py
PMC11041944	py	peerj-cs-10-1981-s002.py
PMC11041944	py	peerj-cs-10-1981-s003.py
PMC11041944	py	peerj-cs-10-1981-s004.py
PMC11041944	py	peerj-cs-10-1981-s005.py
PMC11041944	py	peerj-cs-10-1981-s006.py
PMC11046080	r	ECE3-14-e10737-s003.R
PMC11041957	py	peerj-cs-10-1958-s001.py
PMC11070636	r	ECE3-14-e11305-s003.R
PMC11041997	py	peerj-cs-10-1844-s001.py
PMC11042013	py	peerj-cs-10-1985-s002.py
PMC11042706	r	pone.0300633.s003.R
PMC11057426	ipynb	peerj-12-17254-s003.ipynb
PMC11090354	r	pone.0302753.s010.R
PMC11045581	do	11136_2024_3610_MOESM2_ESM.do
PMC11055906	r	41598_2024_60617_MOESM3_ESM.r
PMC11057572	r	peerj-cs-10-1980-s004.r
PMC11057572	r	peerj-cs-10-1980-s005.r
PMC11057572	r	peerj-cs-10-1980-s006.r
PMC11057572	r	peerj-cs-10-1980-s008.r
PMC11118998	svg	12866_2024_3323_MOESM3_ESM.svg
PMC11129695	r	peerj-12-17359-s001.r
PMC11104341	r	peerj-12-17383-s001.r
PMC11104341	r	peerj-12-17383-s002.r
PMC11135690	do	pone.0299574.s004.do
PMC11135728	do	pone.0303023.s007.do
PMC11135728	do	pone.0303023.s008.do
PMC11140874	r	12916_2024_3438_MOESM2_ESM.r
PMC11094399	php	zookeys-1200-075_article-119315__-s001.php
PMC11094399	php	zookeys-1200-075_article-119315__-s002.php
PMC11162612	r	peerj-12-17535-s004.r
PMC11162612	r	peerj-12-17535-s006.r
PMC11164849	r	40798_2024_729_MOESM2_ESM.r
PMC11175532	r	pone.0299063.s009.R
PMC11134973	cs	sj-cs-3-asm-10.1177_10731911231201145.cs
PMC11134973	cs	sj-cs-4-asm-10.1177_10731911231201145.cs
PMC11042018	ipynb	peerj-cs-10-1955-s001.ipynb
PMC11065415	ipynb	peerj-cs-10-1998-s001.ipynb
PMC11137939	rmd	13007_2024_1197_MOESM2_ESM.rmd
PMC11138140	svg	NIHMS1990437-supplement-Figure_S1.svg
PMC11067900	r	peerj-12-17091-s010.r
PMC11146327	r	peerj-12-17436-s001.r
PMC11053066	svg	41598_2024_60118_MOESM7_ESM.svg
PMC11088369	rmd	peerj-12-17346-s008.rmd
PMC11157578	py	peerj-cs-10-2071-s001.py
PMC11164389	r	pone.0304959.s002.r
PMC11167797	sps	40795_2024_891_MOESM3_ESM.sps
PMC11157517	py	peerj-cs-10-2029-s001.py
PMC11157564	m	peerj-cs-10-2048-s001.m
PMC11157611	py	peerj-cs-10-2014-s001.py
PMC11157611	py	peerj-cs-10-2014-s002.py
PMC11157611	py	peerj-cs-10-2014-s003.py
PMC11157611	py	peerj-cs-10-2014-s004.py
PMC11157611	py	peerj-cs-10-2014-s005.py
PMC11157611	json	peerj-cs-10-2014-s006.json
PMC11157611	json	peerj-cs-10-2014-s007.json
PMC11108161	do	pgph.0003220.s004.do
PMC11022334	r	40249_2024_1195_MOESM3_ESM.r
PMC11022334	r	40249_2024_1195_MOESM4_ESM.r
PMC11177566	r	12871_2024_2585_MOESM6_ESM.r
PMC11041949	m	peerj-cs-10-1932-s001.m
PMC11041949	m	peerj-cs-10-1932-s002.m
PMC11041949	m	peerj-cs-10-1932-s003.m
PMC11041949	m	peerj-cs-10-1932-s004.m
PMC11041949	m	peerj-cs-10-1932-s005.m
PMC11041987	ipynb	peerj-cs-10-1887-s001.ipynb
PMC11076640	r	41598_2024_61110_MOESM3_ESM.r
PMC11157574	ipynb	peerj-cs-10-2043-s001.ipynb
PMC11157620	py	peerj-cs-10-2072-s001.py
PMC11157620	py	peerj-cs-10-2072-s002.py
PMC11157620	py	peerj-cs-10-2072-s004.py
PMC11088368	rmd	peerj-12-17243-s006.rmd
PMC11057654	ipynb	peerj-cs-10-1971-s002.ipynb
PMC11061014	r	13423_2023_2372_MOESM2_ESM.r
PMC11157524	ipynb	peerj-cs-10-2027-s002.ipynb
PMC11157524	ipynb	peerj-cs-10-2027-s003.ipynb
PMC11127885	r	334_2023_964_MOESM3_ESM.r
PMC11139749	json	10822_2024_563_MOESM1_ESM.json
PMC11139749	json	10822_2024_563_MOESM3_ESM.json
PMC11139749	json	10822_2024_563_MOESM4_ESM.json
PMC11180161	r	40273_2024_1387_MOESM3_ESM.r
PMC11164645	r	sj-r-5-eup-10.1177_14651165241226721.r
PMC11176311	r	41598_2024_64286_MOESM3_ESM.r
PMC11178165	r	pone.0304324.s013.R
PMC11138522	sh	peerj-12-17385-s013.sh
PMC11138522	r	peerj-12-17385-s014.r
PMC11138522	r	peerj-12-17385-s015.r
PMC11139344	nb	pcbi.1012071.s002.nb
PMC11139344	m	pcbi.1012071.s004.m
PMC11144399	r	peerj-12-17407-s006.r
PMC11164984	ipynb	41598_2024_63884_MOESM4_ESM.ipynb
PMC10769858	r	pnas.2307629121.sd01.r
PMC10786270	m	pnas.2311059120.sd01.m
PMC11108943	r	11120_2024_1092_MOESM1_ESM.r
PMC11108943	r	11120_2024_1092_MOESM2_ESM.r
PMC11108943	r	11120_2024_1092_MOESM3_ESM.r
PMC11108943	r	11120_2024_1092_MOESM4_ESM.r
PMC11111032	r	pone.0295088.s005.R
PMC11182024	r	peerj-12-17543-s002.r
PMC11157543	owl	peerj-cs-10-2004-s004.owl
PMC11185485	mat	pbio.3002664.s034.mat
PMC11185485	mat	pbio.3002664.s035.mat
PMC11185485	mat	pbio.3002664.s036.mat
PMC11185485	mat	pbio.3002664.s037.mat
PMC11185485	mat	pbio.3002664.s038.mat
PMC11185485	mat	pbio.3002664.s039.mat
PMC11185485	mat	pbio.3002664.s040.mat
PMC11185485	mat	pbio.3002664.s041.mat
PMC11185485	mat	pbio.3002664.s042.mat
PMC11185485	mat	pbio.3002664.s043.mat
PMC11185485	m	pbio.3002664.s044.m
PMC11185485	m	pbio.3002664.s045.m
PMC11185485	m	pbio.3002664.s046.m
PMC11185485	m	pbio.3002664.s047.m
PMC11185485	m	pbio.3002664.s048.m
PMC11185485	m	pbio.3002664.s049.m
PMC11185485	m	pbio.3002664.s050.m
PMC11185485	m	pbio.3002664.s051.m
PMC11185485	m	pbio.3002664.s052.m
PMC11185485	m	pbio.3002664.s053.m
PMC11185492	sty	pone.0302157.s001.sty
PMC11175415	r	pbio.3002667.s020.R
PMC11189522	svg	42004_2024_1212_MOESM6_ESM.svg
PMC11186771	py	43587_2024_619_MOESM2_ESM.py
PMC11193245	svg	12874_2024_2257_MOESM3_ESM.svg
PMC11193245	svg	12874_2024_2257_MOESM6_ESM.svg
PMC11193245	svg	12874_2024_2257_MOESM7_ESM.svg
PMC11185481	ipynb	pone.0304505.s004.ipynb
PMC11193050	sparql	bdj-12-e120304-s002.sparql
PMC11198906	py	pbio.3002670.s015.py
PMC11189560	r	41467_2024_49383_MOESM9_ESM.r
PMC11192026	rmd	peerj-12-17547-s001.rmd
PMC11192369	mat	pone.0304018.s001.mat
PMC11192369	mat	pone.0304018.s002.mat
PMC11197194	py	12864_2024_10414_MOESM4_ESM.py
PMC11197194	r	12864_2024_10414_MOESM5_ESM.r
PMC11189205	bib	pone.0302659.s002.bib
PMC11191172	r	12014_2024_9497_MOESM1_ESM.r
PMC11191192	svg	12870_2024_5280_MOESM1_ESM.svg
PMC11191192	svg	12870_2024_5280_MOESM2_ESM.svg
PMC11191192	svg	12870_2024_5280_MOESM3_ESM.svg
PMC11191192	svg	12870_2024_5280_MOESM4_ESM.svg
PMC11210459	r	peerj-12-17577-s004.r
PMC11210786	ipynb	pcbi.1012123.s008.ipynb
PMC11192340	r	pone.0305550.s005.R
PMC11192340	r	pone.0305550.s006.R
PMC11192340	r	pone.0305550.s007.R
PMC11210181	py	13567_2024_1333_MOESM1_ESM.py
PMC11214101	r	ECE3-14-e11552-s002.R
PMC11199316	nb	285_2024_2114_MOESM1_ESM.nb
PMC11210462	r	peerj-12-17629-s004.r
PMC11210462	r	peerj-12-17629-s005.r
PMC11210462	r	peerj-12-17629-s006.r
PMC11210462	r	peerj-12-17629-s007.r
PMC11210462	r	peerj-12-17629-s008.r
PMC11210462	r	peerj-12-17629-s009.r
PMC11210462	r	peerj-12-17629-s010.r
PMC11210462	r	peerj-12-17629-s011.r
PMC11210462	r	peerj-12-17629-s012.r
PMC11210462	r	peerj-12-17629-s013.r
PMC11210462	r	peerj-12-17629-s014.r
PMC11210462	r	peerj-12-17629-s015.r
PMC11210462	r	peerj-12-17629-s016.r
PMC11210462	r	peerj-12-17629-s017.r
PMC11210462	r	peerj-12-17629-s018.r
PMC11210462	r	peerj-12-17629-s019.r
PMC11210462	r	peerj-12-17629-s020.r
PMC11210462	r	peerj-12-17629-s021.r
PMC11210462	r	peerj-12-17629-s022.r
PMC11210462	r	peerj-12-17629-s023.r
PMC11210462	r	peerj-12-17629-s024.r
PMC11210462	r	peerj-12-17629-s025.r
PMC11210462	r	peerj-12-17629-s026.r
PMC11218168	rmd	40621_2024_514_MOESM2_ESM.rmd
PMC11218992	r	pone.0305899.s001.R
PMC11216190	r	peerj-12-17471-s015.r
PMC11216190	r	peerj-12-17471-s016.r
PMC11216190	r	peerj-12-17471-s017.r
PMC11216190	r	peerj-12-17471-s018.r
PMC11216190	r	peerj-12-17471-s019.r
PMC11216190	r	peerj-12-17471-s020.r
PMC11216190	r	peerj-12-17471-s021.r
PMC11216190	r	peerj-12-17471-s022.r
PMC11216190	r	peerj-12-17471-s023.r
PMC11219458	r	35_2023_302_MOESM5_ESM.r
PMC11218636	svg	aem.00105-24-s0001.svg
PMC11218636	svg	aem.00105-24-s0002.svg
PMC11216310	py	Supplemental_Code.py
PMC11222145	tab	41564_2024_1707_MOESM4_ESM.tab
PMC11225100	r	NIHMS2003214-supplement-supplemental_code_crp.r
PMC11225100	r	NIHMS2003214-supplement-supplemental_code_il6.r
PMC11218968	m	pone.0306411.s002.m
PMC11225312	rmd	12915_2024_1945_MOESM9_ESM.rmd
PMC11210773	do	pone.0304321.s001.do
PMC11210773	do	pone.0304321.s002.do
PMC11222747	r	ECE3-14-e11624-s002.R
PMC11232578	py	peerj-cs-10-2110-s001.py
PMC11232578	py	peerj-cs-10-2110-s002.py
PMC11232578	py	peerj-cs-10-2110-s003.py
PMC11232578	py	peerj-cs-10-2110-s004.py
PMC11232578	py	peerj-cs-10-2110-s005.py
PMC11232578	py	peerj-cs-10-2110-s006.py
PMC11232578	py	peerj-cs-10-2110-s007.py
PMC11232578	py	peerj-cs-10-2110-s008.py
PMC11232578	ipynb	peerj-cs-10-2110-s009.ipynb
PMC11232578	ipynb	peerj-cs-10-2110-s010.ipynb
PMC11232628	m	peerj-cs-10-2132-s001.m
PMC11231356	svg	41598_2024_66451_MOESM3_ESM.svg
PMC11231356	svg	41598_2024_66451_MOESM4_ESM.svg
PMC11231356	svg	41598_2024_66451_MOESM5_ESM.svg
PMC11232620	ipynb	peerj-cs-10-2066-s015.ipynb
PMC11232577	kml	bdj-12-e124103-s001.kml
PMC11232597	ipynb	peerj-cs-10-2131-s018.ipynb
PMC11232597	ipynb	peerj-cs-10-2131-s019.ipynb
PMC11232607	m	peerj-cs-10-2049-s005.m
PMC11227701	rmd	13071_2024_6364_MOESM4_ESM.rmd
PMC11234767	r	12711_2024_876_MOESM1_ESM.r
PMC11232570	py	peerj-cs-10-2103-s001.py
PMC11232601	py	peerj-cs-10-2111-s001.py
PMC11232611	py	peerj-cs-10-2130-s005.py
PMC11231310	tex	41746_2024_1157_MOESM1_ESM.tex
PMC11232604	ipynb	peerj-cs-10-2092-s006.ipynb
PMC11232624	py	peerj-cs-10-2077-s001.py
PMC11232624	py	peerj-cs-10-2077-s002.py
PMC11232624	py	peerj-cs-10-2077-s003.py
PMC11232583	ipynb	peerj-cs-10-2039-s001.ipynb
PMC11229193	r	13071_2024_6375_MOESM5_ESM.r
PMC11230545	mat	pone.0304665.s001.mat
PMC11244808	nlogo	pone.0306915.s001.nlogo
PMC11238721	r	peerj-12-17635-s001.r
PMC11231006	tex	11548_2024_3141_MOESM10_ESM.tex
PMC11230564	sps	pone.0297700.s002.sps
PMC11232582	r	peerj-cs-10-2119-s001.r
PMC11232582	r	peerj-cs-10-2119-s002.r
PMC11232602	ipynb	peerj-cs-10-2138-s003.ipynb
PMC11232602	ipynb	peerj-cs-10-2138-s004.ipynb
PMC11232602	ipynb	peerj-cs-10-2138-s005.ipynb
PMC11232585	json	peerj-cs-10-2129-s002.json
PMC11232615	ipynb	peerj-cs-10-2108-s001.ipynb
PMC11239044	r	pone.0305193.s002.R
PMC11246621	r	peerj-12-17565-s006.r
PMC11252318	ipynb	41598_2024_66373_MOESM1_ESM.ipynb
PMC11258454	py	zookeys-1206-315_article-123670__-s001.py
PMC11258454	gcode	zookeys-1206-315_article-123670__-s002.gcode
PMC11258454	py	zookeys-1206-315_article-123670__-s003.py
PMC11258454	x3d	zookeys-1206-315_article-123670__-s004.x3d
PMC11258454	x3d	zookeys-1206-315_article-123670__-s005.x3d
PMC11260409	py	peerj-12-17398-s004.py
PMC11260994	json	CL2-20-e1427-s006.json
PMC11266096	ipynb	41477_2024_1738_MOESM3_ESM.ipynb
PMC11267449	r	ECE3-14-e11658-s001.R
PMC11267449	r	ECE3-14-e11658-s002.R
PMC11268605	py	pcbi.1011826.s005.py
PMC11268605	py	pcbi.1011826.s006.py
PMC11268605	py	pcbi.1011826.s007.py
PMC11268605	ipynb	pcbi.1011826.s008.ipynb
PMC11272383	r	pbio.3002711.s022.R
PMC11272383	r	pbio.3002711.s023.R
PMC11271749	tex	NIHMS971948-supplement-6.tex
PMC11272985	nb	SM-020-D4SM00463A-s001.nb
PMC11276766	r	peerj-12-17746-s003.r
PMC11276766	r	peerj-12-17746-s004.r
PMC11282130	svg	11_2024_1898_MOESM3_ESM.svg
PMC11283173	r	peerj-12-17653-s004.r
PMC11283776	rmd	peerj-12-17640-s001.rmd
PMC11283779	r	peerj-12-17824-s004.r
PMC11283779	r	peerj-12-17824-s005.r
PMC11283779	r	peerj-12-17824-s006.r
PMC11283779	r	peerj-12-17824-s007.r
PMC11283779	r	peerj-12-17824-s008.r
PMC11283779	r	peerj-12-17824-s009.r
PMC11283779	r	peerj-12-17824-s010.r
PMC11283779	r	peerj-12-17824-s011.r
PMC11283779	r	peerj-12-17824-s012.r
PMC11283779	r	peerj-12-17824-s013.r
PMC11285946	nb	pgen.1011312.s001.nb
PMC11285946	nb	pgen.1011312.s002.nb
PMC11285911	r	pone.0307404.s001.R
PMC11286692	r	11136_2024_3676_MOESM2_ESM.r
PMC11286692	r	11136_2024_3676_MOESM3_ESM.r
PMC11286692	r	11136_2024_3676_MOESM4_ESM.r
PMC11287157	r	pnas.2318982121.sd04.r
PMC11288017	svg	msphere.00707-23-s0001.svg
PMC11288017	svg	msphere.00707-23-s0002.svg
PMC11288450	r	pgph.0003407.s009.R
PMC11290661	rmd	pone.0306913.s001.Rmd
PMC11290661	rmd	pone.0306913.s002.Rmd
PMC11290661	rmd	pone.0306913.s003.Rmd
PMC11290285	sh	40793_2024_594_MOESM3_ESM.sh
PMC11290285	sh	40793_2024_594_MOESM5_ESM.sh
PMC11290285	r	40793_2024_594_MOESM7_ESM.r
PMC11293543	r	Supplemental_Code_1.R
PMC11293883	r	ECE3-14-e70118-s002.R
PMC11296466	r	medi-103-e38869-s002.r
PMC11293685	mat	pone.0306074.s001.mat
PMC11293685	mat	pone.0306074.s002.mat
PMC11293685	mat	pone.0306074.s003.mat
PMC11293685	mat	pone.0306074.s004.mat
PMC11293685	mat	pone.0306074.s005.mat
PMC11293685	mat	pone.0306074.s006.mat
PMC11293685	mat	pone.0306074.s007.mat
PMC11293685	mat	pone.0306074.s008.mat
PMC11293685	mat	pone.0306074.s009.mat
PMC11293685	mat	pone.0306074.s010.mat
PMC11293685	mat	pone.0306074.s011.mat
PMC11293685	mat	pone.0306074.s012.mat
PMC11293685	mat	pone.0306074.s013.mat
PMC11293685	mat	pone.0306074.s014.mat
PMC11293685	mat	pone.0306074.s015.mat
PMC11293685	mat	pone.0306074.s016.mat
PMC11293685	mat	pone.0306074.s017.mat
PMC11293685	mat	pone.0306074.s018.mat
PMC11293685	mat	pone.0306074.s019.mat
PMC11293685	mat	pone.0306074.s020.mat
PMC11293685	mat	pone.0306074.s021.mat
PMC11293685	mat	pone.0306074.s022.mat
PMC11293685	mat	pone.0306074.s023.mat
PMC11293685	mat	pone.0306074.s024.mat
PMC11293685	mat	pone.0306074.s025.mat
PMC11293685	mat	pone.0306074.s026.mat
PMC11293685	mat	pone.0306074.s027.mat
PMC11298166	js	peerj-12-17836-s002.js
PMC11298166	js	peerj-12-17836-s003.js
PMC11298166	r	peerj-12-17836-s004.r
PMC11296305	m	peerj-12-17774-s001.m
PMC11296305	mat	peerj-12-17774-s002.mat
PMC11299362	r	12874_2023_2130_MOESM10_ESM.r
PMC11299362	r	12874_2023_2130_MOESM3_ESM.r
PMC11299362	r	12874_2023_2130_MOESM9_ESM.r
PMC11298554	py	41598_2024_67603_MOESM1_ESM.py
PMC11298554	py	41598_2024_67603_MOESM2_ESM.py
PMC11301659	r	ECE3-14-e70092-s001.R
PMC11308317	sps	sj-sps-4-hpq-10.1177_13591053231207295.sps
PMC11308997	r	peerj-12-17678-s002.r
PMC11308997	r	peerj-12-17678-s003.r
PMC11312677	svg	42523_2024_334_MOESM1_ESM.svg
PMC11318108	rmd	ECE3-14-e70123-s004.Rmd
PMC11318589	r	peerj-12-17775-s005.r
PMC11318589	r	peerj-12-17775-s006.r
PMC11318589	r	peerj-12-17775-s007.r
PMC11318589	pl	peerj-12-17775-s008.pl
PMC11323094	py	peerj-cs-10-2164-s002.py
PMC11323094	py	peerj-cs-10-2164-s003.py
PMC11322995	ipynb	peerj-cs-10-2136-s001.ipynb
PMC11323025	ipynb	peerj-cs-10-2062-s001.ipynb
PMC11323025	ipynb	peerj-cs-10-2062-s002.ipynb
PMC11323025	ipynb	peerj-cs-10-2062-s003.ipynb
PMC11323025	ipynb	peerj-cs-10-2062-s004.ipynb
PMC11323082	r	peerj-cs-10-2147-s001.r
PMC11323082	r	peerj-cs-10-2147-s003.r
PMC11323093	ipynb	peerj-cs-10-2231-s001.ipynb
PMC11323093	ipynb	peerj-cs-10-2231-s002.ipynb
PMC11323093	ipynb	peerj-cs-10-2231-s003.ipynb
PMC11323180	ipynb	peerj-cs-10-2217-s005.ipynb
PMC11323197	ipynb	peerj-cs-10-2183-s002.ipynb
PMC11323192	java	peerj-cs-10-2099-s001.java
PMC11323078	ipynb	peerj-cs-10-2150-s001.ipynb
PMC11323142	ipynb	peerj-cs-10-2171-s001.ipynb
PMC11323135	php	peerj-cs-10-2010-s001.php
PMC11323080	m	peerj-cs-10-2230-s001.m
PMC11323080	m	peerj-cs-10-2230-s002.m
PMC11323080	m	peerj-cs-10-2230-s003.m
PMC11323080	m	peerj-cs-10-2230-s004.m
PMC11323080	m	peerj-cs-10-2230-s005.m
PMC11323080	m	peerj-cs-10-2230-s006.m
PMC11323080	m	peerj-cs-10-2230-s007.m
PMC11323080	m	peerj-cs-10-2230-s008.m
PMC11323080	m	peerj-cs-10-2230-s009.m
PMC11323080	m	peerj-cs-10-2230-s010.m
PMC11323080	m	peerj-cs-10-2230-s011.m
PMC11323080	m	peerj-cs-10-2230-s012.m
PMC11323120	yaml	peerj-cs-10-2207-s001.yaml
PMC11323120	yaml	peerj-cs-10-2207-s002.yaml
PMC11323120	py	peerj-cs-10-2207-s003.py
PMC11323079	r	peerj-cs-10-2241-s004.r
PMC11323079	py	peerj-cs-10-2241-s005.py
PMC11323079	py	peerj-cs-10-2241-s006.py
PMC11323079	py	peerj-cs-10-2241-s007.py
PMC11323079	py	peerj-cs-10-2241-s008.py
PMC11323079	py	peerj-cs-10-2241-s009.py
PMC11323102	py	peerj-cs-10-2064-s001.py
PMC11323173	ipynb	peerj-cs-10-2149-s015.ipynb
PMC11323173	py	peerj-cs-10-2149-s016.py
PMC11323096	ipynb	peerj-cs-10-2124-s001.ipynb
PMC11323494	svg	mbio.01411-24-s0002.svg
PMC11324768	gml	12031_2024_2244_MOESM18_ESM.gml
PMC11324186	py	pcbi.1012288.s002.py
PMC11326427	r	peerj-12-17891-s009.r
PMC11326801	rmd	ppat.1012424.s009.Rmd
PMC11329426	py	12021_2024_9671_MOESM1_ESM.py
PMC11329584	r	40279_2024_2040_MOESM4_ESM.r
PMC11328838	r	peerj-12-17666-s001.r
PMC11329150	r	pone.0305136.s003.R
PMC11330188	r	PSP4-13-1341-s001.r
PMC11330179	r	PSP4-13-1285-s001.r
PMC11330465	sps	41598_2024_63609_MOESM1_ESM.sps
PMC11332097	r	44185_2023_14_MOESM1_ESM.r
PMC11333290	r	43587_2024_646_MOESM12_ESM.r
PMC11333290	r	43587_2024_646_MOESM14_ESM.r
PMC11333290	r	43587_2024_646_MOESM5_ESM.r
PMC11333595	r	41598_2024_70065_MOESM3_ESM.r
PMC11335110	r	pone.0306341.s004.R
PMC11335123	do	pone.0308740.s004.do
PMC11335157	r	pone.0308984.s006.R
PMC11339441	ipynb	41598_2024_70282_MOESM2_ESM.ipynb
PMC11339441	rmd	41598_2024_70282_MOESM3_ESM.rmd
PMC11340682	r	ede-34-865-s001.r
PMC11340984	m	pone.0299091.s001.m
PMC11340984	m	pone.0299091.s002.m
PMC11342492	r	13104_2024_6900_MOESM2_ESM.r
PMC11342492	r	13104_2024_6900_MOESM3_ESM.r
PMC11342226	r	APS3-12-e11612-s003.R
PMC11342226	r	APS3-12-e11612-s005.R
PMC11342226	r	APS3-12-e11612-s007.R
PMC11342226	r	APS3-12-e11612-s008.R
PMC11342489	r	13071_2024_6423_MOESM2_ESM.r
PMC11346081	rmd	sj-rmd-1-mdm-10.1177_0272989X241258195.rmd
PMC11346948	svg	pone.0309282.s004.svg
PMC11346948	svg	pone.0309282.s006.svg
PMC11346948	svg	pone.0309282.s007.svg
PMC11347250	r	jnnp-2023-332810supp004.R
PMC11347868	r	ECE3-14-e70209-s003.R
PMC11346639	svg	pone.0309114.s003.svg
PMC11346639	svg	pone.0309114.s004.svg
PMC11346639	svg	pone.0309114.s005.svg
PMC11346639	svg	pone.0309114.s006.svg
PMC11346639	svg	pone.0309114.s007.svg
PMC11346639	svg	pone.0309114.s008.svg
PMC11349796	r	40291_2024_721_MOESM5_ESM.r
PMC11355549	do	pone.0308799.s004.do
PMC11362258	svg	406_2024_1819_MOESM2_ESM.svg
PMC11362258	svg	406_2024_1819_MOESM3_ESM.svg
PMC11362258	svg	406_2024_1819_MOESM4_ESM.svg
PMC11362219	r	ECE3-14-e70235-s001.R
PMC11362240	tex	13428_2024_2370_MOESM1_ESM.tex
PMC11365235	r	11689_2024_9568_MOESM2_ESM.r
PMC11365235	r	11689_2024_9568_MOESM5_ESM.r
PMC11364241	pkl	pdig.0000553.s001.pkl
PMC11364241	pkl	pdig.0000553.s002.pkl
PMC11364352	r	NIHMS1912217-supplement-Pers_and_Fertility_Script.r
PMC11367787	r	12864_2024_10699_MOESM1_ESM.r
PMC11366224	r	peerj-12-17763-s004.r
PMC11368562	r	ECE3-14-e70229-s003.R
PMC11369494	owl	bdj-12-e128585-s001.owl
PMC11373244	do	12887_2024_5019_MOESM1_ESM.do
PMC11372049	r	41598_2024_71398_MOESM2_ESM.r
PMC11373299	r	12985_2024_2483_MOESM5_ESM.r
PMC11373299	r	12985_2024_2483_MOESM6_ESM.r
PMC11373562	pro	peerj-12-17925-s005.pro
PMC11376106	r	13750_2024_326_MOESM15_ESM.r
PMC11375149	r	41598_2024_69897_MOESM2_ESM.r
PMC11375051	m	41598_2024_69954_MOESM1_ESM.m
PMC11375051	m	41598_2024_69954_MOESM2_ESM.m
PMC11378868	rmd	13750_2022_290_MOESM5_ESM.rmd
PMC11378805	r	13750_2022_285_MOESM5_ESM.r
PMC11379759	r	10488_2023_1303_MOESM1_ESM.r
PMC11379759	r	10488_2023_1303_MOESM2_ESM.r
PMC11379759	r	10488_2023_1303_MOESM3_ESM.r
PMC11382650	py	peerj-12-17991-s009.py
PMC11387225	r	mmc2.r
PMC11386086	m	40249_2024_1232_MOESM2_ESM.m
PMC11386086	m	40249_2024_1232_MOESM3_ESM.m
PMC11390917	r	41598_2024_72165_MOESM2_ESM.r
PMC11391653	r	12905_2024_3347_MOESM2_ESM.r
PMC11392271	r	pone.0310433.s002.R
PMC11392535	m	pone.0305614.s002.m
PMC11396881	r	12920_2024_2008_MOESM5_ESM.r
PMC11397128	r	peerj-12-17744-s001.r
PMC11404846	svg	pntd.0012233.s003.svg
PMC11404846	svg	pntd.0012233.s004.svg
PMC11407612	r	pone.0308516.s003.R
PMC11407623	rmd	pcbi.1012359.s010.Rmd
PMC11407623	rmd	pcbi.1012359.s011.Rmd
PMC11348748	do	13049_2024_1240_MOESM1_ESM.do
PMC11364985	r	ECE3-14-e70240-s001.R
PMC11370307	svg	12864_2024_10722_MOESM12_ESM.svg
PMC11412223	r	peerj-12-18070-s011.r
PMC11412494	m	pone.0308450.s001.m
PMC11412494	m	pone.0308450.s002.m
PMC11412674	m	pone.0309999.s001.m
PMC11412674	gms	pone.0309999.s002.gms
PMC11412674	m	pone.0309999.s003.m
PMC11412992	r	41598_2024_73042_MOESM2_ESM.r
PMC11416088	raw	peerj-12-17779-s006.raw
PMC11416092	r	peerj-12-18031-s001.r
PMC11416756	r	peerj-12-18045-s002.r
PMC11419343	m	pone.0305716.s004.m
PMC11419343	m	pone.0305716.s005.m
PMC11419343	m	pone.0305716.s006.m
PMC11419343	r	pone.0305716.s007.R
PMC11419343	r	pone.0305716.s008.R
PMC11419604	ipynb	peerj-cs-10-2264-s001.ipynb
PMC11419608	py	peerj-cs-10-2236-s001.py
PMC11419608	py	peerj-cs-10-2236-s002.py
PMC11419613	py	peerj-cs-10-2252-s001.py
PMC11419613	py	peerj-cs-10-2252-s002.py
PMC11419613	ipynb	peerj-cs-10-2252-s003.ipynb
PMC11419614	py	peerj-cs-10-2247-s001.py
PMC11419616	ipynb	peerj-cs-10-2245-s001.ipynb
PMC11419616	m	peerj-cs-10-2245-s003.m
PMC11419616	m	peerj-cs-10-2245-s005.m
PMC11419618	ipynb	peerj-cs-10-2290-s001.ipynb
PMC11419618	ipynb	peerj-cs-10-2290-s002.ipynb
PMC11419618	ipynb	peerj-cs-10-2290-s003.ipynb
PMC11419618	ipynb	peerj-cs-10-2290-s004.ipynb
PMC11419628	ipynb	peerj-cs-10-2163-s002.ipynb
PMC11419628	json	peerj-cs-10-2163-s003.json
PMC11419631	ipynb	peerj-cs-10-2052-s001.ipynb
PMC11419633	ipynb	peerj-cs-10-2228-s001.ipynb
PMC11419642	py	peerj-cs-10-2201-s002.py
PMC11419642	py	peerj-cs-10-2201-s003.py
PMC11419642	py	peerj-cs-10-2201-s004.py
PMC11419642	py	peerj-cs-10-2201-s007.py
PMC11419642	py	peerj-cs-10-2201-s008.py
PMC11419642	py	peerj-cs-10-2201-s009.py
PMC11419642	py	peerj-cs-10-2201-s010.py
PMC11419649	ipynb	peerj-cs-10-2202-s001.ipynb
PMC11419649	ipynb	peerj-cs-10-2202-s002.ipynb
PMC11419649	ipynb	peerj-cs-10-2202-s003.ipynb
PMC11419656	py	peerj-cs-10-2248-s001.py
PMC11419656	py	peerj-cs-10-2248-s002.py
PMC11419656	py	peerj-cs-10-2248-s003.py
PMC11419656	py	peerj-cs-10-2248-s004.py
PMC11419656	py	peerj-cs-10-2248-s005.py
PMC11420238	sas	41398_2024_3086_MOESM1_ESM.sas
PMC11420728	r	jech-2024-222313supp003.R
PMC11426543	rmd	pone.0309236.s004.Rmd
PMC11430109	r	12874_2024_2347_MOESM1_ESM.r
PMC11430109	r	12874_2024_2347_MOESM2_ESM.r
PMC11430109	r	12874_2024_2347_MOESM3_ESM.r
PMC11430109	r	12874_2024_2347_MOESM4_ESM.r
PMC11430109	r	12874_2024_2347_MOESM5_ESM.r
PMC11430109	r	12874_2024_2347_MOESM6_ESM.r
PMC11430109	r	12874_2024_2347_MOESM7_ESM.r
PMC11430109	r	12874_2024_2347_MOESM8_ESM.r
PMC11430109	r	12874_2024_2347_MOESM9_ESM.r
PMC11438428	r	peerj-12-18124-s006.r
PMC11438442	r	peerj-12-18152-s002.r
PMC11438442	r	peerj-12-18152-s003.r
PMC11420649	tex	SC-015-D4SC04430D-s006.tex
PMC11463760	r	pcbi.1012412.s006.r
PMC11484895	r	41598_2024_74956_MOESM4_ESM.r
PMC11490230	r	peerj-12-18272-s001.r
PMC11505887	r	peerj-12-18162-s003.r
PMC11087792	r	pnas.2311116121.sd01.r
PMC11439375	sas	peerj-12-18137-s005.sas
PMC11446422	do	pone.0309322.s002.do
PMC11448029	svg	spectrum.00740-24-s0001.svg
PMC11448029	svg	spectrum.00740-24-s0002.svg
PMC11451082	rmd	RREP_A_2387011_SM2588.rmd
PMC11452004	m	pone.0311314.s002.m
PMC11452297	json	FEB4-14-1731-s004.json
PMC11458722	r	11336_2024_9968_MOESM3_ESM.r
PMC11458722	r	11336_2024_9968_MOESM4_ESM.r
PMC11452457	r	11136_2024_3729_MOESM2_ESM.r
PMC11457872	m	peerj-12-17971-s001.m
PMC11457872	py	peerj-12-17971-s002.py
PMC11463774	json	pbio.3002821.s031.json
PMC11464600	r	41598_2024_74572_MOESM3_ESM.r
PMC11466216	r	peerj-12-17968-s009.r
PMC11460986	r	ECE3-14-e70387-s001.R
PMC11465417	tex	SC-015-D4SC04225E-s001.tex
PMC11470854	ipynb	726_2023_3368_MOESM2_ESM.ipynb
PMC11470558	r	13063_2024_8533_MOESM1_ESM.r
PMC11472793	py	peerj-12-18283-s004.py
PMC11475338	r	AJHB-34-e23621-s001.R
PMC11470763	py	peerj-12-17924-s001.py
PMC11465835	ipynb	12887_2024_5080_MOESM3_ESM.ipynb
PMC11485060	r	peerj-12-18304-s001.r
PMC11475607	svg	12882_2024_3758_MOESM10_ESM.svg
PMC11475607	svg	12882_2024_3758_MOESM11_ESM.svg
PMC11475607	svg	12882_2024_3758_MOESM12_ESM.svg
PMC11475607	svg	12882_2024_3758_MOESM13_ESM.svg
PMC11475607	svg	12882_2024_3758_MOESM14_ESM.svg
PMC11475607	svg	12882_2024_3758_MOESM1_ESM.svg
PMC11475607	svg	12882_2024_3758_MOESM2_ESM.svg
PMC11475607	svg	12882_2024_3758_MOESM3_ESM.svg
PMC11475607	svg	12882_2024_3758_MOESM4_ESM.svg
PMC11475607	svg	12882_2024_3758_MOESM5_ESM.svg
PMC11475607	svg	12882_2024_3758_MOESM6_ESM.svg
PMC11475607	svg	12882_2024_3758_MOESM7_ESM.svg
PMC11475607	svg	12882_2024_3758_MOESM8_ESM.svg
PMC11475607	svg	12882_2024_3758_MOESM9_ESM.svg
PMC11488713	r	pone.0312266.s003.R
PMC11492473	r	12967_2024_5754_MOESM1_ESM.r
PMC11492473	r	12967_2024_5754_MOESM2_ESM.r
PMC11500793	r	NIHMS2025945-supplement-Kidney_Carcinoma_R_Program.r
PMC11494248	r	ECE3-14-e70410-s001.R
PMC11502741	r	41598_2024_75849_MOESM2_ESM.r
PMC11512801	py	peerj-12-18016-s015.py
PMC11488223	py	13036_2024_449_MOESM1_ESM.py
PMC11514822	svg	13195_2024_1609_MOESM1_ESM.svg
PMC11514822	svg	13195_2024_1609_MOESM2_ESM.svg
PMC11514822	svg	13195_2024_1609_MOESM3_ESM.svg
PMC11514765	r	peerj-12-18375-s001.r
PMC11514785	rmd	12874_2024_2379_MOESM2_ESM.rmd
PMC11513201	py	ECE3-14-e70443-s001.py
PMC11527791	r	41557_2024_1630_MOESM15_ESM.r
PMC11514768	r	peerj-12-18067-s008.r
PMC11530058	do	pone.0303672.s002.do
PMC11519142	rmd	394_2024_3467_MOESM2_ESM.rmd
PMC11519949	svg	41598_2024_74007_MOESM1_ESM.svg
PMC11519949	svg	41598_2024_74007_MOESM2_ESM.svg
PMC11519949	svg	41598_2024_74007_MOESM3_ESM.svg
PMC11493964	r	41598_2024_76256_MOESM1_ESM.r
PMC11522197	r	40262_2024_1425_MOESM2_ESM.r
PMC11522197	r	40262_2024_1425_MOESM3_ESM.r
PMC11523938	sh	44276_2024_45_MOESM2_ESM.sh
PMC11530431	rmd	41598_2024_76598_MOESM4_ESM.rmd
PMC11526165	tex	sj-tex-1-phj-10.1177_22799036241274962.tex
PMC11533905	py	peerj-12-18436-s010.py
PMC11532325	r	ECE3-14-e70499-s002.R
PMC11542996	r	ECE3-14-e70100-s001.R
PMC11511874	tex	41598_2024_74966_MOESM3_ESM.tex
PMC11511926	do	41598_2024_77226_MOESM1_ESM.do
PMC11512006	m	41598_2024_76564_MOESM1_ESM.m
PMC11512006	m	41598_2024_76564_MOESM3_ESM.m
PMC11512006	nc	41598_2024_76564_MOESM4_ESM.nc
PMC11548885	tex	HMBR_A_2337340_SM6406.tex
PMC11515801	rmd	13063_2024_8572_MOESM3_ESM.rmd
PMC11556728	mat	pone.0309930.s001.mat
PMC11556728	mat	pone.0309930.s002.mat
PMC11560317	r	ECE3-14-e70578-s002.R
PMC11561393	r	jeehp-21-23-suppl1.R
PMC11561066	scad	41598_2024_79694_MOESM2_ESM.scad
PMC11562825	rmd	peerj-12-18384-s008.rmd
PMC11549909	md	peerj-12-18385-s007.md
PMC11572387	r	peerj-12-18440-s004.r
PMC11573838	r	40262_2024_1426_MOESM3_ESM.r
PMC11575764	r	pbio.3002889.s016.R
PMC11563402	r	ppat.1012341.s019.R
PMC11582122	m	11548_2023_2930_MOESM1_ESM.m
PMC11582122	m	11548_2023_2930_MOESM2_ESM.m
PMC11579077	m	10052_2024_13532_MOESM1_ESM.m
PMC11584116	json	pbio.3002916.s011.json
PMC11578139	mod	PSP4-13-1904-s003.mod
PMC11569867	r	ECE3-14-e70571-s002.R
PMC11577721	json	12916_2024_3737_MOESM5_ESM.json
PMC11577721	json	12916_2024_3737_MOESM8_ESM.json
PMC11579104	r	10928_2024_9919_MOESM1_ESM.r
PMC11579104	c	10928_2024_9919_MOESM2_ESM.c
PMC11579104	r	10928_2024_9919_MOESM3_ESM.r
PMC11579104	r	10928_2024_9919_MOESM5_ESM.r
PMC11579104	r	10928_2024_9919_MOESM6_ESM.r
PMC11579104	r	10928_2024_9919_MOESM7_ESM.r
PMC11584045	r	AJB2-111-e16426-s003.R
PMC11494054	r	41598_2024_75185_MOESM1_ESM.r
PMC11500702	r	peerj-12-17937-s002.r
PMC11531753	r	peerj-12-18401-s008.r
PMC11531753	r	peerj-12-18401-s009.r
PMC11531753	r	peerj-12-18401-s010.r
PMC11531753	r	peerj-12-18401-s011.r
PMC11531753	r	peerj-12-18401-s012.r
PMC11531753	r	peerj-12-18401-s013.r
PMC11531753	r	peerj-12-18401-s014.r
PMC11531753	r	peerj-12-18401-s015.r
PMC11531753	r	peerj-12-18401-s016.r
PMC11531753	r	peerj-12-18401-s017.r
PMC11531753	r	peerj-12-18401-s018.r
PMC11531753	r	peerj-12-18401-s019.r
PMC11531753	r	peerj-12-18401-s020.r
PMC11531753	r	peerj-12-18401-s021.r
PMC11531753	r	peerj-12-18401-s022.r
PMC11531753	r	peerj-12-18401-s023.r
PMC11531753	r	peerj-12-18401-s024.r
PMC11531753	r	peerj-12-18401-s025.r
PMC11531753	r	peerj-12-18401-s026.r
PMC11531753	r	peerj-12-18401-s027.r
PMC11531753	r	peerj-12-18401-s028.r
PMC11531753	r	peerj-12-18401-s029.r
PMC11531753	r	peerj-12-18401-s030.r
PMC11531753	r	peerj-12-18401-s031.r
PMC11531753	r	peerj-12-18401-s032.r
PMC11531753	r	peerj-12-18401-s033.r
PMC11531753	r	peerj-12-18401-s034.r
PMC11531753	r	peerj-12-18401-s035.r
PMC11533099	r	PSP4-13-1448-s001.r
PMC11539804	md	40793_2024_630_MOESM5_ESM.md
PMC11560953	pkl	41467_2024_53731_MOESM3_ESM.pkl
PMC11560953	pkl	41467_2024_53731_MOESM4_ESM.pkl
PMC11575762	do	pone.0308923.s003.do
PMC10927568	r	pnas.2313205121.sd01.r
